{"meta":{"image":"parts.png"},"frames":{"menu/title/parts/credits.png":{"frame":{"x":0,"y":0,"w":302,"h":300},"sourceSize":{"w":302,"h":300}},"menu/title/parts/tank.png":{"frame":{"x":304,"y":0,"w":626,"h":219},"sourceSize":{"w":626,"h":219}},"menu/title/parts/water_flame.png":{"frame":{"x":932,"y":0,"w":59,"h":116},"sourceSize":{"w":59,"h":116}},"menu/title/parts/buttons/on.png":{"frame":{"x":993,"y":0,"w":15,"h":14},"sourceSize":{"w":15,"h":14}},"menu/title/parts/buttons/off.png":{"frame":{"x":993,"y":16,"w":15,"h":14},"sourceSize":{"w":15,"h":14}},"menu/title/parts/buttons/x_normal.png":{"frame":{"x":932,"y":118,"w":51,"h":51},"sourceSize":{"w":51,"h":51}},"menu/title/parts/buttons/sound_on.png":{"frame":{"x":985,"y":118,"w":37,"h":33},"sourceSize":{"w":37,"h":33}},"menu/title/parts/buttons/sound_off.png":{"frame":{"x":932,"y":171,"w":37,"h":33},"sourceSize":{"w":37,"h":33}},"menu/title/parts/buttons/music_on.png":{"frame":{"x":971,"y":171,"w":37,"h":33},"sourceSize":{"w":37,"h":33}},"menu/title/parts/buttons/x_hover.png":{"frame":{"x":304,"y":221,"w":51,"h":51},"sourceSize":{"w":51,"h":51}},"menu/title/parts/buttons/music_off.png":{"frame":{"x":357,"y":221,"w":37,"h":33},"sourceSize":{"w":37,"h":33}},"menu/title/parts/buttons/about_normal.png":{"frame":{"x":396,"y":221,"w":74,"h":31},"sourceSize":{"w":74,"h":31}},"menu/title/parts/buttons/about_hover.png":{"frame":{"x":472,"y":221,"w":74,"h":31},"sourceSize":{"w":74,"h":31}},"menu/title/parts/buttons/about_down.png":{"frame":{"x":548,"y":221,"w":74,"h":31},"sourceSize":{"w":74,"h":31}},"menu/title/parts/logo.png":{"frame":{"x":0,"y":302,"w":494,"h":193},"sourceSize":{"w":494,"h":193}},"menu/title/parts/buttons/play_normal.png":{"frame":{"x":496,"y":302,"w":204,"h":101},"sourceSize":{"w":204,"h":101}},"menu/title/parts/buttons/play_hover.png":{"frame":{"x":702,"y":302,"w":204,"h":101},"sourceSize":{"w":204,"h":101}},"menu/title/parts/upgrades.png":{"frame":{"x":496,"y":405,"w":309,"h":81},"sourceSize":{"w":309,"h":81}},"menu/title/parts/buttons/play_down.png":{"frame":{"x":0,"y":497,"w":204,"h":101},"sourceSize":{"w":204,"h":101}}}}