﻿{"frames": {

"Car1FrameExploded0000":
{
	"frame": {"x":2,"y":2,"w":115,"h":68},
	"rotated": false,
	"trimmed": false,
	"spriteSourceSize": {"x":0,"y":0,"w":115,"h":68},
	"sourceSize": {"w":115,"h":68}
},
"Car3FrameExploded0000":
{
	"frame": {"x":114,"y":122,"w":109,"h":54},
	"rotated": false,
	"trimmed": false,
	"spriteSourceSize": {"x":0,"y":0,"w":109,"h":54},
	"sourceSize": {"w":109,"h":54}
},
"Car5FrameExploded0000":
{
	"frame": {"x":119,"y":2,"w":115,"h":61},
	"rotated": false,
	"trimmed": false,
	"spriteSourceSize": {"x":0,"y":0,"w":115,"h":61},
	"sourceSize": {"w":115,"h":61}
},
"RocketAnim0000":
{
	"frame": {"x":111,"y":178,"w":128,"h":29},
	"rotated": false,
	"trimmed": false,
	"spriteSourceSize": {"x":0,"y":0,"w":128,"h":29},
	"sourceSize": {"w":128,"h":29}
},
"RocketAnim0001":
{
	"frame": {"x":2,"y":240,"w":87,"h":29},
	"rotated": false,
	"trimmed": true,
	"spriteSourceSize": {"x":41,"y":0,"w":128,"h":29},
	"sourceSize": {"w":128,"h":29}
},
"RocketAnim0002":
{
	"frame": {"x":127,"y":271,"w":46,"h":29},
	"rotated": false,
	"trimmed": true,
	"spriteSourceSize": {"x":82,"y":0,"w":128,"h":29},
	"sourceSize": {"w":128,"h":29}
},
"RocketAnim0003":
{
	"frame": {"x":91,"y":240,"w":83,"h":29},
	"rotated": false,
	"trimmed": true,
	"spriteSourceSize": {"x":45,"y":0,"w":128,"h":29},
	"sourceSize": {"w":128,"h":29}
},
"RocketAnim0004":
{
	"frame": {"x":128,"y":209,"w":120,"h":29},
	"rotated": false,
	"trimmed": true,
	"spriteSourceSize": {"x":8,"y":0,"w":128,"h":29},
	"sourceSize": {"w":128,"h":29}
},
"RocketAnim0005":
{
	"frame": {"x":2,"y":209,"w":124,"h":29},
	"rotated": false,
	"trimmed": true,
	"spriteSourceSize": {"x":4,"y":0,"w":128,"h":29},
	"sourceSize": {"w":128,"h":29}
},
"Wheel_1_00000":
{
	"frame": {"x":176,"y":240,"w":42,"h":42},
	"rotated": false,
	"trimmed": false,
	"spriteSourceSize": {"x":0,"y":0,"w":42,"h":42},
	"sourceSize": {"w":42,"h":42}
},
"Wheel_3_00000":
{
	"frame": {"x":44,"y":271,"w":38,"h":38},
	"rotated": false,
	"trimmed": false,
	"spriteSourceSize": {"x":0,"y":0,"w":38,"h":38},
	"sourceSize": {"w":38,"h":38}
},
"Wheel_5_00000":
{
	"frame": {"x":2,"y":271,"w":40,"h":40},
	"rotated": false,
	"trimmed": false,
	"spriteSourceSize": {"x":0,"y":0,"w":40,"h":40},
	"sourceSize": {"w":40,"h":40}
},
"bike_1_base0000":
{
	"frame": {"x":2,"y":72,"w":110,"h":54},
	"rotated": false,
	"trimmed": false,
	"spriteSourceSize": {"x":0,"y":0,"w":110,"h":54},
	"sourceSize": {"w":110,"h":54}
},
"bike_3_base0000":
{
	"frame": {"x":119,"y":65,"w":108,"h":55},
	"rotated": false,
	"trimmed": false,
	"spriteSourceSize": {"x":0,"y":0,"w":108,"h":55},
	"sourceSize": {"w":108,"h":55}
},
"bike_5_base0000":
{
	"frame": {"x":2,"y":128,"w":107,"h":52},
	"rotated": false,
	"trimmed": false,
	"spriteSourceSize": {"x":0,"y":0,"w":107,"h":52},
	"sourceSize": {"w":107,"h":52}
},
"driver_arm10000":
{
	"frame": {"x":84,"y":182,"w":20,"h":13},
	"rotated": false,
	"trimmed": false,
	"spriteSourceSize": {"x":0,"y":0,"w":20,"h":13},
	"sourceSize": {"w":20,"h":13}
},
"driver_arm30000":
{
	"frame": {"x":23,"y":313,"w":19,"h":10},
	"rotated": false,
	"trimmed": false,
	"spriteSourceSize": {"x":0,"y":0,"w":19,"h":10},
	"sourceSize": {"w":19,"h":10}
},
"driver_arm50000":
{
	"frame": {"x":44,"y":311,"w":21,"h":12},
	"rotated": false,
	"trimmed": false,
	"spriteSourceSize": {"x":0,"y":0,"w":21,"h":12},
	"sourceSize": {"w":21,"h":12}
},
"driver_corpse10000":
{
	"frame": {"x":236,"y":2,"w":18,"h":33},
	"rotated": false,
	"trimmed": false,
	"spriteSourceSize": {"x":0,"y":0,"w":18,"h":33},
	"sourceSize": {"w":18,"h":33}
},
"driver_corpse30000":
{
	"frame": {"x":229,"y":65,"w":21,"h":36},
	"rotated": false,
	"trimmed": false,
	"spriteSourceSize": {"x":0,"y":0,"w":21,"h":36},
	"sourceSize": {"w":21,"h":36}
},
"driver_corpse50000":
{
	"frame": {"x":225,"y":122,"w":26,"h":37},
	"rotated": false,
	"trimmed": false,
	"spriteSourceSize": {"x":0,"y":0,"w":26,"h":37},
	"sourceSize": {"w":26,"h":37}
},
"driver_forearm10000":
{
	"frame": {"x":84,"y":197,"w":22,"h":10},
	"rotated": false,
	"trimmed": false,
	"spriteSourceSize": {"x":0,"y":0,"w":22,"h":10},
	"sourceSize": {"w":22,"h":10}
},
"driver_forearm30000":
{
	"frame": {"x":225,"y":161,"w":23,"h":12},
	"rotated": false,
	"trimmed": false,
	"spriteSourceSize": {"x":0,"y":0,"w":23,"h":12},
	"sourceSize": {"w":23,"h":12}
},
"driver_forearm50000":
{
	"frame": {"x":168,"y":320,"w":20,"h":8},
	"rotated": false,
	"trimmed": false,
	"spriteSourceSize": {"x":0,"y":0,"w":20,"h":8},
	"sourceSize": {"w":20,"h":8}
},
"driver_head10000":
{
	"frame": {"x":220,"y":274,"w":34,"h":27},
	"rotated": false,
	"trimmed": false,
	"spriteSourceSize": {"x":0,"y":0,"w":34,"h":27},
	"sourceSize": {"w":34,"h":27}
},
"driver_head30000":
{
	"frame": {"x":84,"y":271,"w":41,"h":33},
	"rotated": false,
	"trimmed": false,
	"spriteSourceSize": {"x":0,"y":0,"w":41,"h":33},
	"sourceSize": {"w":41,"h":33}
},
"driver_head50000":
{
	"frame": {"x":175,"y":284,"w":37,"h":34},
	"rotated": false,
	"trimmed": false,
	"spriteSourceSize": {"x":0,"y":0,"w":37,"h":34},
	"sourceSize": {"w":37,"h":34}
},
"driver_hip10000":
{
	"frame": {"x":2,"y":313,"w":19,"h":12},
	"rotated": false,
	"trimmed": false,
	"spriteSourceSize": {"x":0,"y":0,"w":19,"h":12},
	"sourceSize": {"w":19,"h":12}
},
"driver_hip30000":
{
	"frame": {"x":220,"y":240,"w":31,"h":32},
	"rotated": false,
	"trimmed": false,
	"spriteSourceSize": {"x":0,"y":0,"w":31,"h":32},
	"sourceSize": {"w":31,"h":32}
},
"driver_hip50000":
{
	"frame": {"x":241,"y":175,"w":13,"h":11},
	"rotated": false,
	"trimmed": false,
	"spriteSourceSize": {"x":0,"y":0,"w":13,"h":11},
	"sourceSize": {"w":13,"h":11}
},
"driver_shin10000":
{
	"frame": {"x":127,"y":302,"w":20,"h":34},
	"rotated": false,
	"trimmed": false,
	"spriteSourceSize": {"x":0,"y":0,"w":20,"h":34},
	"sourceSize": {"w":20,"h":34}
},
"driver_shin30000":
{
	"frame": {"x":236,"y":37,"w":16,"h":21},
	"rotated": false,
	"trimmed": false,
	"spriteSourceSize": {"x":0,"y":0,"w":16,"h":21},
	"sourceSize": {"w":16,"h":21}
},
"driver_shin50000":
{
	"frame": {"x":149,"y":302,"w":17,"h":32},
	"rotated": false,
	"trimmed": false,
	"spriteSourceSize": {"x":0,"y":0,"w":17,"h":32},
	"sourceSize": {"w":17,"h":32}
},
"suspend_back10000":
{
	"frame": {"x":2,"y":182,"w":38,"h":17},
	"rotated": false,
	"trimmed": false,
	"spriteSourceSize": {"x":0,"y":0,"w":38,"h":17},
	"sourceSize": {"w":38,"h":17}
},
"suspend_back30000":
{
	"frame": {"x":214,"y":303,"w":33,"h":16},
	"rotated": false,
	"trimmed": false,
	"spriteSourceSize": {"x":0,"y":0,"w":33,"h":16},
	"sourceSize": {"w":33,"h":16}
},
"suspend_back50000":
{
	"frame": {"x":42,"y":182,"w":40,"h":14},
	"rotated": false,
	"trimmed": false,
	"spriteSourceSize": {"x":0,"y":0,"w":40,"h":14},
	"sourceSize": {"w":40,"h":14}
},
"suspend_front10000":
{
	"frame": {"x":229,"y":103,"w":25,"h":14},
	"rotated": false,
	"trimmed": false,
	"spriteSourceSize": {"x":0,"y":0,"w":25,"h":14},
	"sourceSize": {"w":25,"h":14}
},
"suspend_front30000":
{
	"frame": {"x":42,"y":198,"w":28,"h":6},
	"rotated": false,
	"trimmed": false,
	"spriteSourceSize": {"x":0,"y":0,"w":28,"h":6},
	"sourceSize": {"w":28,"h":6}
},
"suspend_front50000":
{
	"frame": {"x":84,"y":306,"w":39,"h":13},
	"rotated": false,
	"trimmed": false,
	"spriteSourceSize": {"x":0,"y":0,"w":39,"h":13},
	"sourceSize": {"w":39,"h":13}
}},
"meta": {
	"app": "Adobe Flash Professional",
	"version": "15.0.1.179",
	"image": "cars_game.png",
	"format": "RGBA8888",
	"size": {"w":256,"h":512},
	"scale": "1"
}
}
