﻿{"layers":[[{"className":"frg.game.editor.objects::BonesPather","params":{"thickness":10,"x":2390,"snapToGrid":true,"vertices":[{"y":0,"x":0},{"y":-65,"x":45},{"y":-135,"x":95},{"y":-200,"x":140},{"y":-275,"x":190},{"y":-330,"x":230},{"y":-410,"x":285},{"y":-495,"x":345},{"y":-575,"x":400},{"y":-650,"x":450}],"y":-300,"isPillar":true,"ghostMode":true,"width":463,"rotation":0,"height":663,"color":{"alpha":1,"color":255},"direction":90,"thick":128,"directed":false}},{"className":"frg.game.editor.objects::BonesPather","params":{"thickness":10,"x":2370,"snapToGrid":true,"vertices":[{"y":10,"x":0},{"y":60,"x":35},{"y":105,"x":75},{"y":165,"x":120},{"y":220,"x":165},{"y":275,"x":205},{"y":330,"x":250},{"y":385,"x":290},{"y":440,"x":335},{"y":490,"x":375},{"y":550,"x":420},{"y":605,"x":460},{"y":660,"x":500}],"y":-960,"isPillar":true,"ghostMode":true,"width":513,"rotation":0,"height":663,"color":{"alpha":1,"color":255},"direction":90,"thick":128,"directed":false}},{"className":"frg.game.editor.objects::GroundPather","params":{"x":-160,"snapToGrid":true,"vertices":[{"y":0,"x":0},{"y":0,"x":7855}],"y":380,"ghostMode":true,"thick":128,"wireframe":false,"color":{"alpha":1,"color":7340056},"straightSides":true,"cameraOffsetY":50,"shape":true,"fillId":0,"textureOffset":0,"physic":true,"isRoad":true,"stretchTexture":false,"thickness":64,"lineId":0,"direction":90,"rotation":0,"height":64,"width":7868,"repeatTexture":true,"directed":true,"smoothing":true,"camera":false,"originOffsetRatio":0,"textureMode":true,"line":true}},{"className":"frg.game.editor.objects::LandscapeShaper","params":{"x":2310,"vertices":[{"y":0,"x":0},{"y":-10,"x":15},{"y":-12,"x":45},{"y":-17,"x":72},{"y":-26,"x":100},{"y":-39,"x":126},{"y":-52,"x":147},{"y":-70,"x":173},{"y":-94,"x":201},{"y":-119,"x":221},{"y":-139,"x":236},{"y":-166,"x":251},{"y":-194,"x":263},{"y":-232,"x":272},{"y":-275,"x":277},{"y":-285,"x":287},{"y":-286,"x":331},{"y":-276,"x":341},{"y":-242,"x":344},{"y":-212,"x":351},{"y":-180,"x":362},{"y":-155,"x":374},{"y":-131,"x":389},{"y":-102,"x":411},{"y":-79,"x":435},{"y":-56,"x":463},{"y":-38,"x":495},{"y":-23,"x":528},{"y":-14,"x":574},{"y":-10,"x":610},{"y":0,"x":620},{"y":45,"x":620},{"y":55,"x":610},{"y":57,"x":581},{"y":62,"x":554},{"y":73,"x":520},{"y":85,"x":492},{"y":101,"x":465},{"y":122,"x":437},{"y":144,"x":415},{"y":170,"x":394},{"y":199,"x":374},{"y":233,"x":358},{"y":264,"x":350},{"y":293,"x":345},{"y":321,"x":343},{"y":333,"x":330},{"y":333,"x":285},{"y":318,"x":276},{"y":292,"x":275},{"y":259,"x":267},{"y":225,"x":257},{"y":195,"x":241},{"y":172,"x":228},{"y":151,"x":210},{"y":127,"x":186},{"y":109,"x":166},{"y":89,"x":138},{"y":75,"x":107},{"y":66,"x":76},{"y":59,"x":44},{"y":55,"x":10},{"y":45,"x":0}],"y":-650,"isStatic":false,"rotation":0,"graphic":true,"density":1,"textureId":-1,"ignore":false,"id":-1,"physic":true,"line":true,"isWheel":false,"plr":false,"layer":3,"rem":true,"safeId":1}},{"className":"frg.game.editor.objects::GroundPather","params":{"x":-220,"snapToGrid":true,"vertices":[{"y":0,"x":0},{"y":5,"x":1455},{"y":-685,"x":2420},{"y":-695,"x":3340},{"y":-775,"x":3445},{"y":-905,"x":3500},{"y":-905,"x":3855},{"y":25,"x":4325},{"y":5,"x":5205},{"y":-90,"x":5310},{"y":-475,"x":5620},{"y":-80,"x":5990},{"y":-20,"x":6060},{"y":-5,"x":6535},{"y":-105,"x":6670},{"y":-1945,"x":8160}],"y":390,"ghostMode":true,"thick":128,"wireframe":false,"color":{"alpha":1,"color":7340056},"straightSides":true,"cameraOffsetY":70,"shape":false,"fillId":0,"textureOffset":0,"physic":false,"isRoad":false,"stretchTexture":false,"thickness":64,"lineId":-1,"direction":90,"rotation":0,"height":2022.6,"width":8191.35,"repeatTexture":true,"directed":false,"smoothing":true,"camera":true,"originOffsetRatio":0,"textureMode":true,"line":false}},{"className":"frg.game.editor.objects::BonesPather","params":{"thickness":10,"x":1230,"snapToGrid":true,"vertices":[{"y":0,"x":0},{"y":-75,"x":0},{"y":-155,"x":0},{"y":-220,"x":0},{"y":-295,"x":0},{"y":-360,"x":0},{"y":-430,"x":0},{"y":-490,"x":0},{"y":-490,"x":80},{"y":-490,"x":175},{"y":-490,"x":260},{"y":-490,"x":340},{"y":-490,"x":415},{"y":-490,"x":495},{"y":-490,"x":575},{"y":-490,"x":650},{"y":-497,"x":700},{"y":-511,"x":738},{"y":-537,"x":775},{"y":-568,"x":804},{"y":-604,"x":826},{"y":-643,"x":840},{"y":-689,"x":844},{"y":-690,"x":960},{"y":-690,"x":1070},{"y":-690,"x":1175},{"y":-690,"x":1285},{"y":-690,"x":1400},{"y":-690,"x":1520},{"y":-690,"x":1640},{"y":-690,"x":1740},{"y":-692,"x":1836},{"y":-696,"x":1877},{"y":-710,"x":1912},{"y":-728,"x":1944},{"y":-756,"x":1975},{"y":-790,"x":2000},{"y":-828,"x":2016},{"y":-867,"x":2026},{"y":-910,"x":2030},{"y":-910,"x":2120},{"y":-910,"x":2220},{"y":-910,"x":2320},{"y":-910,"x":2415},{"y":-910,"x":2520},{"y":-910,"x":2605},{"y":-910,"x":2675},{"y":-910,"x":2760},{"y":-825,"x":2760},{"y":-740,"x":2760},{"y":-650,"x":2760},{"y":-570,"x":2760},{"y":-480,"x":2760},{"y":-400,"x":2760},{"y":-330,"x":2760},{"y":-260,"x":2760},{"y":-196,"x":2761},{"y":-144,"x":2774},{"y":-98,"x":2798},{"y":-64,"x":2827},{"y":-37,"x":2861},{"y":-18,"x":2908},{"y":-10,"x":2950},{"y":-10,"x":3020},{"y":-10,"x":3095},{"y":-10,"x":3175},{"y":-10,"x":3275},{"y":-10,"x":3370},{"y":-10,"x":3460},{"y":-10,"x":3550},{"y":-10,"x":3630},{"y":-10,"x":3700},{"y":-15,"x":3745},{"y":-30,"x":3788},{"y":-62,"x":3831},{"y":-98,"x":3863},{"y":-143,"x":3884},{"y":-190,"x":3895},{"y":-239,"x":3892},{"y":-282,"x":3878},{"y":-324,"x":3853},{"y":-385,"x":3790},{"y":-435,"x":3735},{"y":-485,"x":3680},{"y":-535,"x":3630},{"y":-595,"x":3570},{"y":-685,"x":3570},{"y":-770,"x":3570},{"y":-860,"x":3570},{"y":-945,"x":3570},{"y":-1045,"x":3570},{"y":-1045,"x":3700},{"y":-1045,"x":3815},{"y":-1045,"x":3935},{"y":-1045,"x":4075},{"y":-1045,"x":4195},{"y":-1045,"x":4325},{"y":-1045,"x":4429},{"y":-1045,"x":4530},{"y":-1045,"x":4660},{"y":-1045,"x":4810},{"y":-1008,"x":4849},{"y":-955,"x":4849},{"y":-831,"x":4738},{"y":-790,"x":4698},{"y":-791,"x":4635},{"y":-829,"x":4589},{"y":-958,"x":4480},{"y":-1006,"x":4479}],"y":390,"isPillar":false,"ghostMode":true,"width":4862,"rotation":0,"height":1058,"color":{"alpha":1,"color":255},"direction":90,"thick":16,"directed":true}},{"className":"frg.game.editor.objects::BonesPather","params":{"thickness":10,"x":1800,"snapToGrid":true,"vertices":[{"y":100,"x":3020},{"y":100,"x":3110},{"y":100,"x":3210},{"y":100,"x":3305},{"y":100,"x":3395},{"y":100,"x":3520},{"y":100,"x":3635},{"y":100,"x":3745},{"y":101,"x":3861},{"y":109,"x":3906},{"y":125,"x":3941},{"y":151,"x":3972},{"y":182,"x":3990},{"y":224,"x":4000},{"y":262,"x":3998},{"y":298,"x":3986},{"y":376,"x":3963},{"y":466,"x":3930},{"y":504,"x":3926},{"y":548,"x":3928},{"y":586,"x":3941},{"y":620,"x":3962},{"y":650,"x":3990},{"y":675,"x":4028},{"y":692,"x":4080},{"y":695,"x":4200},{"y":695,"x":4285},{"y":695,"x":4375},{"y":695,"x":4495},{"y":675,"x":4554},{"y":645,"x":4597},{"y":610,"x":4631},{"y":570,"x":4661},{"y":516,"x":4682},{"y":467,"x":4691},{"y":421,"x":4693},{"y":371,"x":4681},{"y":327,"x":4663},{"y":286,"x":4632},{"y":240,"x":4590},{"y":191,"x":4542},{"y":160,"x":4531},{"y":126,"x":4546},{"y":83,"x":4575},{"y":15,"x":4625},{"y":-55,"x":4675},{"y":-125,"x":4725},{"y":-200,"x":4775},{"y":-260,"x":4815},{"y":-335,"x":4866},{"y":-328,"x":5052},{"y":-337,"x":5142},{"y":-368,"x":5206},{"y":-417,"x":5263},{"y":-478,"x":5314},{"y":-536,"x":5344},{"y":-598,"x":5362},{"y":-660,"x":5368},{"y":-726,"x":5361},{"y":-776,"x":5348},{"y":-832,"x":5322},{"y":-885,"x":5281},{"y":-931,"x":5234},{"y":-958,"x":5191},{"y":-978,"x":5150},{"y":-991,"x":5103},{"y":-997,"x":5048},{"y":-995,"x":4985},{"y":-985,"x":4930},{"y":-965,"x":4880},{"y":-935,"x":4830},{"y":-840,"x":4719},{"y":-840,"x":4625},{"y":-840,"x":4530},{"y":-840,"x":4420},{"y":-840,"x":4285},{"y":-840,"x":4170},{"y":-840,"x":4030},{"y":-840,"x":3905},{"y":-840,"x":3770},{"y":-840,"x":3650},{"y":-840,"x":3505},{"y":-840,"x":3375},{"y":-840,"x":3245},{"y":-840,"x":3115},{"y":-840,"x":3000},{"y":-840,"x":2865},{"y":-839,"x":2749},{"y":-835,"x":2707},{"y":-825,"x":2676},{"y":-805,"x":2642},{"y":-782,"x":2617},{"y":-749,"x":2589},{"y":-716,"x":2571},{"y":-680,"x":2565},{"y":-610,"x":2565},{"y":-530,"x":2565},{"y":-455,"x":2565},{"y":-370,"x":2565},{"y":-280,"x":2565},{"y":-190,"x":2565},{"y":-90,"x":2565},{"y":10,"x":2565},{"y":100,"x":2565},{"y":200,"x":2565},{"y":290,"x":2565},{"y":390,"x":2565},{"y":390,"x":2511},{"y":390,"x":2460},{"y":295,"x":2460},{"y":205,"x":2460},{"y":105,"x":2460},{"y":5,"x":2460},{"y":-95,"x":2460},{"y":-195,"x":2460},{"y":-295,"x":2460},{"y":-395,"x":2460},{"y":-490,"x":2460},{"y":-580,"x":2460},{"y":-652,"x":2461},{"y":-689,"x":2458},{"y":-726,"x":2448},{"y":-761,"x":2429},{"y":-790,"x":2399},{"y":-816,"x":2366},{"y":-835,"x":2323},{"y":-840,"x":2271},{"y":-840,"x":2195},{"y":-840,"x":2120},{"y":-840,"x":2040},{"y":-840,"x":1965},{"y":-840,"x":1880},{"y":-840,"x":1810},{"y":-840,"x":1750},{"y":-840,"x":1670},{"y":-840,"x":1590},{"y":-840,"x":1510},{"y":-840,"x":1435},{"y":-840,"x":1360},{"y":-840,"x":1290},{"y":-840,"x":1225},{"y":-833,"x":1181},{"y":-821,"x":1147},{"y":-801,"x":1120},{"y":-779,"x":1093},{"y":-750,"x":1071},{"y":-712,"x":1051},{"y":-677,"x":1044},{"y":-631,"x":1039},{"y":-630,"x":950},{"y":-630,"x":860},{"y":-630,"x":780},{"y":-630,"x":700},{"y":-630,"x":615},{"y":-630,"x":535},{"y":-630,"x":460},{"y":-630,"x":375},{"y":-630,"x":300},{"y":-630,"x":239},{"y":-621,"x":194},{"y":-608,"x":161},{"y":-585,"x":132},{"y":-567,"x":112},{"y":-536,"x":89},{"y":-508,"x":74},{"y":-467,"x":64},{"y":-420,"x":61},{"y":-345,"x":60},{"y":-270,"x":60},{"y":-200,"x":60},{"y":-130,"x":60},{"y":-65,"x":60},{"y":-1,"x":60},{"y":0,"x":-15},{"y":0,"x":-85},{"y":0,"x":-155},{"y":0,"x":-235},{"y":0,"x":-315},{"y":0,"x":-390},{"y":0,"x":-460},{"y":0,"x":-530},{"y":0,"x":-600},{"y":0,"x":-680},{"y":0,"x":-755},{"y":60,"x":-755},{"y":125,"x":-755},{"y":187,"x":-755},{"y":255,"x":-755},{"y":320,"x":-755},{"y":392,"x":-755},{"y":460,"x":-755},{"y":525,"x":-755},{"y":525,"x":-820},{"y":525,"x":-895},{"y":524,"x":-961},{"y":505,"x":-985},{"y":460,"x":-985},{"y":460,"x":-871},{"y":460,"x":-770}],"y":-320,"isPillar":false,"ghostMode":true,"width":6366,"rotation":0,"height":1705,"color":{"alpha":1,"color":255},"direction":90,"thick":16,"directed":false}},{"className":"frg.game.editor.objects::DynamicPather","params":{"x":4827,"snapToGrid":false,"vertices":[{"y":379,"x":98},{"y":379,"x":-93},{"y":375,"x":-133},{"y":359,"x":-177},{"y":335,"x":-213},{"y":307,"x":-241},{"y":278,"x":-263},{"y":242,"x":-277},{"y":205,"x":-284},{"y":169,"x":-284},{"y":135,"x":-280},{"y":101,"x":-267},{"y":71,"x":-247},{"y":44,"x":-224},{"y":19,"x":-194},{"y":1,"x":-157},{"y":-7,"x":-120},{"y":-10,"x":-85},{"y":-10,"x":100}],"y":-240,"ghostMode":true,"wireframe":false,"action":0,"color":{"alpha":1,"color":7340056},"straightSides":true,"id":-1,"textureOffset":0,"physic":true,"stretchTexture":false,"thickness":20,"isStatic":false,"rotation":0,"graphic":true,"height":409,"shapeH":20,"width":400.5,"repeatTexture":true,"type":2,"textureMode":true,"density":"1","originOffsetRatio":0,"smoothing":true,"safeId":2}},{"className":"FinishZone","params":{"rotation":0,"x":5303,"height":402,"y":-430,"width":968}},{"className":"frg.game.editor.objects::LandscapeShaper","params":{"x":5949,"vertices":[{"y":0,"x":0},{"y":-11,"x":15},{"y":-18,"x":35},{"y":-20,"x":58},{"y":-14,"x":81},{"y":0,"x":100},{"y":13,"x":110},{"y":33,"x":119},{"y":55,"x":122},{"y":78,"x":116},{"y":100,"x":100},{"y":112,"x":84},{"y":121,"x":63},{"y":120,"x":36},{"y":114,"x":16},{"y":100,"x":0},{"y":86,"x":-12},{"y":66,"x":-19},{"y":42,"x":-21},{"y":18,"x":-15}],"y":103,"isStatic":false,"rotation":0,"graphic":true,"density":1,"textureId":-1,"ignore":false,"id":-1,"physic":true,"line":true,"isWheel":false,"plr":false,"layer":3,"rem":true,"safeId":3}},{"className":"frg.game.editor.objects::LandscapeShaper","params":{"x":6119,"vertices":[{"y":0,"x":5},{"y":-20,"x":21},{"y":-33,"x":41},{"y":-40,"x":68},{"y":-41,"x":93},{"y":-33,"x":119},{"y":-19,"x":140},{"y":1,"x":156},{"y":22,"x":166},{"y":48,"x":170},{"y":72,"x":167},{"y":96,"x":159},{"y":116,"x":140},{"y":132,"x":121},{"y":142,"x":96},{"y":142,"x":69},{"y":133,"x":42},{"y":119,"x":20},{"y":100,"x":0},{"y":74,"x":-8},{"y":48,"x":-11},{"y":21,"x":-7}],"y":84,"isStatic":false,"rotation":0,"graphic":true,"density":1,"textureId":-1,"ignore":false,"id":-1,"physic":true,"line":true,"isWheel":false,"plr":false,"layer":3,"rem":true,"safeId":3}},{"className":"frg.game.editor.objects::LandscapeShaper","params":{"x":-210,"vertices":[{"y":-620,"x":-5},{"y":-620,"x":150},{"y":170,"x":155},{"y":170,"x":0}],"y":220,"isStatic":true,"rotation":0,"graphic":true,"density":1,"textureId":-1,"ignore":false,"id":-1,"physic":true,"line":false,"isWheel":false,"plr":false,"layer":0,"rem":true,"safeId":-1}}],[{"className":"SignPillar","params":{"x":1570,"y":-152,"scaleX":1,"width":9.3,"rotation":0,"scaleY":0.774055317491235,"height":99.35}},{"className":"SignPillar","params":{"x":3408,"y":-588,"scaleX":1,"width":9.3,"rotation":0,"scaleY":1,"height":128.35}},{"className":"SignPillar","params":{"x":5130,"y":-724,"scaleX":1,"width":9.3,"rotation":0,"scaleY":1,"height":128.35}},{"className":"Dec14","params":{"x":640,"y":270,"scaleX":1,"width":264,"rotation":0,"scaleY":1,"height":331.2}},{"className":"Dec15","params":{"x":1580,"y":270,"scaleX":1,"width":87.85,"rotation":0,"scaleY":1,"height":132.25}},{"className":"Dec16","params":{"x":1670,"y":260,"scaleX":1,"width":118.55,"rotation":0,"scaleY":1,"height":238.5}},{"className":"Dec14","params":{"x":3960,"y":270,"scaleX":1,"width":264,"rotation":0,"scaleY":1,"height":331.2}},{"className":"Dec15","params":{"x":5320,"y":270,"scaleX":1,"width":87.85,"rotation":0,"scaleY":1,"height":132.25}},{"className":"Dec14","params":{"x":5367,"y":270,"scaleX":-1,"width":264,"rotation":0,"scaleY":1,"height":331.2}},{"className":"Dec14","params":{"x":6710,"y":270,"scaleX":1,"width":264,"rotation":0,"scaleY":1,"height":331.2}},{"className":"Dec16","params":{"x":6730,"y":260,"scaleX":1,"width":118.55,"rotation":0,"scaleY":1,"height":238.5}}],[{"className":"GlassCrashed0","params":{"x":6090,"height":18,"y":-647,"width":132,"rotation":0,"ttl":0.3,"safeId":3}},{"className":"GlassCrashed0","params":{"x":6220,"height":18,"y":-647,"width":132,"rotation":0,"ttl":0.3,"safeId":3}},{"className":"GlassCrashed0","params":{"x":6350,"height":18,"y":-647,"width":132,"rotation":0,"ttl":0.3,"safeId":3}},{"className":"GlassCrashed0","params":{"x":6480,"height":18,"y":-647,"width":132,"rotation":0,"ttl":0.3,"safeId":3}},{"className":"GlassCrashed0","params":{"x":6610,"height":18,"y":-647,"width":132,"rotation":0,"ttl":0.3,"safeId":3}},{"className":"PlankBone","params":{"x":5959,"id":-1,"y":210,"width":86,"rotation":37.00000000000001,"active":true,"height":17.05,"safeId":3}},{"className":"PlankBone","params":{"x":5926,"id":-1,"y":148,"width":86,"rotation":90.00000000000006,"active":true,"height":17.05,"safeId":3}},{"className":"PlankBone","params":{"x":5958,"id":-1,"y":90,"width":86,"rotation":147.0000000000001,"active":true,"height":17.05,"safeId":3}},{"className":"PlankBone","params":{"x":6026,"id":-1,"y":60,"width":86,"rotation":168.0000000000001,"active":true,"height":17.05,"safeId":3}},{"className":"PlankBone","params":{"x":6099,"id":-1,"y":46,"width":86,"rotation":171.0000000000001,"active":true,"height":17.05,"safeId":3}},{"className":"PlankBone","params":{"x":6173,"id":-1,"y":36,"width":86,"rotation":174.0000000000001,"active":true,"height":17.05,"safeId":3}},{"className":"PlankBone","params":{"x":6242,"id":-1,"y":46,"width":86,"rotation":-155.9999999999999,"active":true,"height":17.05,"safeId":3}},{"className":"PlankBone","params":{"x":6290,"id":-1,"y":96,"width":86,"rotation":-107.99999999999989,"active":true,"height":17.05,"safeId":3}},{"className":"PlankBone","params":{"x":6026,"id":-1,"y":234,"width":86,"rotation":0,"active":true,"height":17.05,"safeId":3}},{"className":"PlankBone","params":{"x":6099,"id":-1,"y":234,"width":86,"rotation":0,"active":true,"height":17.05,"safeId":3}},{"className":"PlankBone","params":{"x":6169,"id":-1,"y":234,"width":86,"rotation":0,"active":true,"height":17.05,"safeId":3}},{"className":"PlankBone","params":{"x":6237,"id":-1,"y":219,"width":86,"rotation":-24,"active":true,"height":17.05,"safeId":3}},{"className":"PlankBone","params":{"x":6287,"id":-1,"y":169,"width":86,"rotation":-66,"active":true,"height":17.05,"safeId":3}},{"className":"GeyserE","params":{"rotation":-90,"x":1143,"id":-1,"y":200,"width":375,"speed":900,"height":128,"rate":1,"safeId":-1}},{"className":"GeyserE","params":{"rotation":0,"x":1140,"id":-1,"y":-208,"width":173,"speed":1000,"height":128,"rate":1,"safeId":-1}}],null,[{"className":"PlayerWP","params":{"rotation":0,"x":240,"height":32,"y":290,"width":64}},{"className":"SafePointE","params":{"x":1570,"id":1,"y":-210,"width":128,"rotation":0,"height":294}},{"className":"SafePointE","params":{"x":3410,"id":2,"y":-660,"width":128,"rotation":0,"height":1192}},{"className":"SafePointE","params":{"x":5127,"id":3,"y":-800,"width":128,"rotation":0,"height":817}}],[{"className":"MotorJointE","params":{"x":2620,"y":-627,"snd":false,"swoosh":false,"width":17,"rotation":0,"graphic":2,"height":17,"time":0,"id":1,"rate":-85,"safeId":1}},{"className":"ToggleE","params":{"x":1843,"id":1,"id_off":-1,"y":-330,"sndId":-1,"width":694,"rotation":90,"off":false,"hint":-1,"height":64,"safeId":1}},{"className":"frg.game.editor.objects::MoverPather","params":{"thickness":10,"x":4544,"snapToGrid":true,"vertices":[{"y":0,"x":0},{"y":-896,"x":0}],"y":-52,"ghostMode":true,"width":13,"rotation":0,"position":450,"height":909,"color":{"alpha":1,"color":7340056},"sideAngle":0,"stopOnPoint":false,"cycle":0,"accelDist":0,"body":false,"stopOnEnd":false,"startTime":"0","active":0,"id":3,"sideWait":0,"speed":250,"safeId":2}},{"className":"ToggleE","params":{"x":3630,"id":3,"id_off":-1,"y":-710,"sndId":-1,"width":155,"rotation":0,"off":false,"hint":-1,"height":1743,"safeId":2}},{"className":"PivotJointE","params":{"x":5999,"id":-1,"y":154,"width":17,"rotation":0,"graphic":1,"height":17,"safeId":3}},{"className":"MotorJointE","params":{"x":6199,"y":134,"snd":false,"swoosh":false,"width":17,"rotation":0,"graphic":1,"height":17,"time":0,"id":8,"rate":-50,"safeId":3}},{"className":"PivotJointE","params":{"x":5927,"id":-1,"y":108,"width":17,"rotation":-18,"graphic":1,"height":17,"safeId":3}},{"className":"ToggleE","params":{"x":5380,"id":8,"id_off":-1,"y":-910,"sndId":-1,"width":144,"rotation":0,"off":false,"hint":-1,"height":1381,"safeId":3}},{"className":"PivotJointE","params":{"x":5991,"id":-1,"y":69,"width":17,"rotation":0,"graphic":1,"height":17,"safeId":3}},{"className":"PivotJointE","params":{"x":6064,"id":-1,"y":54,"width":17,"rotation":9,"graphic":1,"height":17,"safeId":3}},{"className":"PivotJointE","params":{"x":6136,"id":-1,"y":41,"width":17,"rotation":9,"graphic":1,"height":17,"safeId":3}},{"className":"PivotJointE","params":{"x":6208,"id":-1,"y":32,"width":17,"rotation":9,"graphic":1,"height":17,"safeId":3}},{"className":"PivotJointE","params":{"x":6278,"id":-1,"y":62,"width":17,"rotation":9,"graphic":1,"height":17,"safeId":3}},{"className":"PivotJointE","params":{"x":6302,"id":-1,"y":134,"width":17,"rotation":9,"graphic":1,"height":17,"safeId":3}},{"className":"PivotJointE","params":{"x":6272,"id":-1,"y":203,"width":17,"rotation":9,"graphic":1,"height":17,"safeId":3}},{"className":"PivotJointE","params":{"x":6206,"id":-1,"y":234,"width":17,"rotation":9,"graphic":1,"height":17,"safeId":3}},{"className":"PivotJointE","params":{"x":6134,"id":-1,"y":234,"width":17,"rotation":9,"graphic":1,"height":17,"safeId":3}},{"className":"PivotJointE","params":{"x":6064,"id":-1,"y":235,"width":17,"rotation":9,"graphic":1,"height":17,"safeId":3}},{"className":"PivotJointE","params":{"x":5990,"id":-1,"y":234,"width":17,"rotation":9,"graphic":1,"height":17,"safeId":3}},{"className":"PivotJointE","params":{"x":5928,"id":-1,"y":185,"width":17,"rotation":-18,"graphic":1,"height":17,"safeId":3}},{"className":"PivotJointE","params":{"x":2620,"id":1,"y":-360,"width":17,"rotation":0,"graphic":0,"height":17,"safeId":1}}]],"settings":{"countdown":0,"prizes":"30,34,42","gravityY":500,"theme":6}}