﻿{"layers":[[{"className":"FinishZone","params":{"rotation":0,"x":8930,"height":500,"y":2380,"width":2168}},{"className":"frg.game.editor.objects::WaterShaper","params":{"x":7850,"id":-1,"vertices":[{"y":0,"x":0},{"y":0,"x":2005},{"y":520,"x":2010},{"y":520,"x":5}],"y":1956,"sf":true,"rotation":0,"bg":true,"density":1.5,"viscosity":1.5}},{"className":"frg.game.editor.objects::LandscapeShaper","params":{"x":1200,"vertices":[{"y":14,"x":-11},{"y":-31,"x":47},{"y":-65,"x":115},{"y":-83,"x":188},{"y":-82,"x":271},{"y":-68,"x":350},{"y":-41,"x":411},{"y":0,"x":471},{"y":65,"x":535},{"y":140,"x":578},{"y":211,"x":594},{"y":285,"x":602},{"y":357,"x":593},{"y":433,"x":566},{"y":497,"x":527},{"y":549,"x":480},{"y":592,"x":420},{"y":624,"x":351},{"y":641,"x":272},{"y":638,"x":187},{"y":622,"x":108},{"y":585,"x":42},{"y":533,"x":-17},{"y":474,"x":-68},{"y":395,"x":-105},{"y":303,"x":-125},{"y":220,"x":-120},{"y":138,"x":-97},{"y":67,"x":-61}],"y":13,"isStatic":false,"rotation":0,"graphic":true,"physic":true,"plr":true,"layer":3,"isWheel":false,"line":true,"rem":true,"ignore":false,"id":-1,"density":0.7,"safeId":2}},{"className":"frg.game.editor.objects::GroundPather","params":{"x":-5230,"physic":false,"y":530,"vertices":[{"y":-5,"x":5170},{"y":15,"x":5895},{"y":-215,"x":6265},{"y":-210,"x":7145},{"y":510,"x":8155},{"y":625,"x":8360},{"y":1230,"x":9075},{"y":1320,"x":9370},{"y":1215,"x":9670},{"y":340,"x":10365},{"y":230,"x":11410},{"y":1550,"x":12455},{"y":1590,"x":12690},{"y":1570,"x":17305}],"snapToGrid":true,"shape":false,"cameraOffsetY":120,"lineId":-1,"textureMode":true,"straightSides":true,"direction":90,"originOffsetRatio":0,"stretchTexture":false,"directed":false,"repeatTexture":true,"width":12148,"rotation":0,"thick":128,"height":1818,"textureOffset":0,"camera":true,"wireframe":false,"smoothing":true,"isRoad":false,"line":false}},{"className":"OvalTemplate","params":{"rotation":0,"x":6000,"height":64.1,"y":790,"width":64.1}},{"className":"frg.game.editor.objects::LandscapeShaper","params":{"x":4610,"vertices":[{"y":22,"x":-25},{"y":-40,"x":-48},{"y":-83,"x":-65},{"y":-146,"x":-86},{"y":-185,"x":-70},{"y":-250,"x":-8},{"y":-332,"x":76},{"y":-399,"x":175},{"y":-454,"x":276},{"y":-495,"x":410},{"y":-495,"x":930},{"y":-495,"x":1670},{"y":675,"x":2518},{"y":712,"x":2548},{"y":752,"x":2586},{"y":789,"x":2634},{"y":819,"x":2684},{"y":842,"x":2740},{"y":856,"x":2803},{"y":861,"x":2873},{"y":858,"x":2941},{"y":841,"x":3006},{"y":818,"x":3064},{"y":788,"x":3116},{"y":747,"x":3167},{"y":704,"x":3208},{"y":703,"x":3276},{"y":897,"x":3276},{"y":951,"x":3357},{"y":1005,"x":3452},{"y":1050,"x":3546},{"y":1096,"x":3672},{"y":1133,"x":3795},{"y":1161,"x":3943},{"y":1180,"x":4089},{"y":1188,"x":4374},{"y":1182,"x":4542},{"y":1176,"x":4635},{"y":1154,"x":4783},{"y":1118,"x":4902},{"y":1080,"x":5008},{"y":1003,"x":5188},{"y":669,"x":5185},{"y":665,"x":5231},{"y":707,"x":5304},{"y":736,"x":5371},{"y":751,"x":5442},{"y":747,"x":5505},{"y":731,"x":5567},{"y":710,"x":5611},{"y":674,"x":5655},{"y":630,"x":5694},{"y":572,"x":5728},{"y":504,"x":5747},{"y":432,"x":5747},{"y":374,"x":5737},{"y":251,"x":5686},{"y":184,"x":5647},{"y":138,"x":5607},{"y":81,"x":5548},{"y":33,"x":5493},{"y":-25,"x":5400},{"y":-67,"x":5326},{"y":-102,"x":5256},{"y":-149,"x":5142},{"y":-172,"x":5047},{"y":-173,"x":4988},{"y":-163,"x":4933},{"y":-148,"x":4883},{"y":-130,"x":4847},{"y":-105,"x":4811},{"y":-72,"x":4779},{"y":-36,"x":4752},{"y":-20,"x":4710},{"y":-25,"x":4640},{"y":-25,"x":4540},{"y":-40,"x":4490},{"y":-66,"x":4449},{"y":-141,"x":4429},{"y":-201,"x":4381},{"y":-236,"x":4310},{"y":-252,"x":4230},{"y":-234,"x":4072},{"y":-212,"x":3906},{"y":-174,"x":3742},{"y":-138,"x":3622},{"y":-74,"x":3478},{"y":-6,"x":3344},{"y":88,"x":3226},{"y":212,"x":3106},{"y":351,"x":3048},{"y":401,"x":3026},{"y":450,"x":2993},{"y":468,"x":2933},{"y":425,"x":2821},{"y":343,"x":2691},{"y":278,"x":2578},{"y":201,"x":2486},{"y":115,"x":2423},{"y":-16,"x":2358},{"y":-148,"x":2318},{"y":-256,"x":2253},{"y":-330,"x":2168},{"y":-361,"x":2086},{"y":-401,"x":2010},{"y":-460,"x":1991},{"y":-503,"x":2093},{"y":-560,"x":2162},{"y":-632,"x":2212},{"y":-730,"x":2240},{"y":-872,"x":2222},{"y":-1088,"x":2172},{"y":-1210,"x":2214},{"y":-2003,"x":2621},{"y":-2193,"x":3851},{"y":-1876,"x":7052},{"y":-1132,"x":8376},{"y":-196,"x":9348},{"y":2548,"x":10512},{"y":2785,"x":-1305},{"y":-395,"x":-4916},{"y":-830,"x":-4834},{"y":-725,"x":-4504},{"y":-710,"x":-4425},{"y":-701,"x":-4330},{"y":-697,"x":-4215},{"y":-703,"x":-4146},{"y":-727,"x":-4034},{"y":-760,"x":-3954},{"y":-798,"x":-3882},{"y":-848,"x":-3804},{"y":-898,"x":-3743},{"y":-965,"x":-3675},{"y":-1045,"x":-3615},{"y":-1045,"x":-2710},{"y":-270,"x":-1725},{"y":-220,"x":-1652},{"y":-200,"x":-1552},{"y":-198,"x":-1438},{"y":-205,"x":-1083},{"y":-219,"x":-1018},{"y":-242,"x":-949},{"y":-287,"x":-883},{"y":-332,"x":-842},{"y":-371,"x":-813},{"y":-379,"x":-781},{"y":-375,"x":-740},{"y":-364,"x":-702},{"y":-339,"x":-660},{"y":-312,"x":-636},{"y":-257,"x":-620},{"y":-207,"x":-629},{"y":-159,"x":-660},{"y":-113,"x":-718},{"y":-59,"x":-771},{"y":10,"x":-826},{"y":82,"x":-837},{"y":137,"x":-827},{"y":262,"x":-967},{"y":437,"x":-805},{"y":497,"x":-737},{"y":547,"x":-661},{"y":572,"x":-569},{"y":585,"x":-480},{"y":580,"x":-385},{"y":547,"x":-294},{"y":512,"x":-223},{"y":456,"x":-156},{"y":393,"x":-100},{"y":341,"x":-66},{"y":268,"x":-35},{"y":190,"x":-19},{"y":100,"x":-14}],"y":1230,"isStatic":true,"rotation":0,"graphic":true,"physic":true,"plr":false,"layer":2,"isWheel":false,"line":true,"rem":true,"ignore":false,"id":-1,"density":1,"safeId":-1}},{"className":"frg.game.editor.objects::LandscapeShaper","params":{"x":-5080,"vertices":[{"y":500,"x":11915},{"y":465,"x":11825},{"y":420,"x":11740},{"y":405,"x":11630},{"y":420,"x":11535},{"y":470,"x":11465},{"y":525,"x":11410},{"y":600,"x":11340},{"y":644,"x":11220},{"y":664,"x":11056},{"y":684,"x":10900},{"y":632,"x":10748},{"y":456,"x":10444},{"y":388,"x":10268},{"y":344,"x":10092},{"y":353,"x":9988},{"y":404,"x":9880},{"y":473,"x":9791},{"y":542,"x":9733},{"y":637,"x":9657},{"y":706,"x":9588},{"y":757,"x":9522},{"y":797,"x":9462},{"y":822,"x":9411},{"y":830,"x":9352},{"y":800,"x":9300},{"y":770,"x":9265},{"y":702,"x":9270},{"y":646,"x":9293},{"y":587,"x":9315},{"y":541,"x":9328},{"y":488,"x":9335},{"y":441,"x":9337},{"y":393,"x":9335},{"y":348,"x":9324},{"y":304,"x":9310},{"y":256,"x":9286},{"y":193,"x":9245},{"y":154,"x":9200},{"y":113,"x":9138},{"y":79,"x":9064},{"y":65,"x":8989},{"y":67,"x":8898},{"y":83,"x":8821},{"y":115,"x":8748},{"y":156,"x":8691},{"y":204,"x":8646},{"y":261,"x":8605},{"y":319,"x":8578},{"y":375,"x":8564},{"y":431,"x":8555},{"y":494,"x":8555},{"y":552,"x":8565},{"y":617,"x":8587},{"y":673,"x":8620},{"y":716,"x":8657},{"y":755,"x":8715},{"y":800,"x":8720},{"y":840,"x":8691},{"y":874,"x":8665},{"y":890,"x":8620},{"y":930,"x":8555},{"y":985,"x":8440},{"y":975,"x":8340},{"y":950,"x":8260},{"y":915,"x":8165},{"y":880,"x":8085},{"y":805,"x":8040},{"y":700,"x":8020},{"y":620,"x":8045},{"y":550,"x":8040},{"y":500,"x":7985},{"y":463,"x":7907},{"y":473,"x":7820},{"y":464,"x":7765},{"y":450,"x":7711},{"y":415,"x":7652},{"y":345,"x":7601},{"y":277,"x":7537},{"y":250,"x":7494},{"y":227,"x":7444},{"y":207,"x":7374},{"y":192,"x":7308},{"y":181,"x":7222},{"y":142,"x":7097},{"y":97,"x":7011},{"y":50,"x":6955},{"y":-38,"x":6867},{"y":-97,"x":6782},{"y":-135,"x":6691},{"y":-154,"x":6604},{"y":-161,"x":6520},{"y":-152,"x":6435},{"y":-136,"x":6357},{"y":-113,"x":6289},{"y":-82,"x":6233},{"y":-42,"x":6173},{"y":1,"x":6126},{"y":42,"x":6080},{"y":95,"x":6040},{"y":149,"x":5989},{"y":178,"x":5934},{"y":220,"x":5832},{"y":232,"x":5748},{"y":266,"x":5686},{"y":316,"x":5636},{"y":365,"x":5575},{"y":395,"x":5495},{"y":415,"x":5430},{"y":420,"x":5375},{"y":440,"x":5325},{"y":470,"x":5275},{"y":510,"x":5225},{"y":560,"x":5195},{"y":610,"x":5175},{"y":685,"x":5170},{"y":580,"x":4835},{"y":-620,"x":5240},{"y":-1065,"x":11510},{"y":-525,"x":12520},{"y":25,"x":12160},{"y":170,"x":12100},{"y":260,"x":12075},{"y":330,"x":12105},{"y":405,"x":12080},{"y":460,"x":12030},{"y":490,"x":11980}],"y":-190,"isStatic":true,"rotation":0,"graphic":true,"physic":true,"plr":false,"layer":2,"isWheel":false,"line":true,"rem":true,"ignore":false,"id":-1,"density":1,"safeId":-1}},{"className":"frg.game.editor.objects::DynamicPather","params":{"stretchTexture":false,"x":9310,"vertices":[{"y":-91,"x":-31},{"y":-87,"x":-125},{"y":-93,"x":-171},{"y":-114,"x":-221},{"y":-136,"x":-255},{"y":-205,"x":-275},{"y":-264,"x":-323},{"y":-301,"x":-391},{"y":-315,"x":-468},{"y":-279,"x":-791},{"y":-252,"x":-901},{"y":-208,"x":-1064},{"y":-152,"x":-1195},{"y":-76,"x":-1354},{"y":19,"x":-1471},{"y":141,"x":-1588},{"y":332,"x":-1671},{"y":379,"x":-1697},{"y":395,"x":-1729},{"y":403,"x":-1764},{"y":394,"x":-1796},{"y":363,"x":-1880},{"y":314,"x":-1959},{"y":273,"x":-2019},{"y":239,"x":-2084},{"y":214,"x":-2125},{"y":141,"x":-2212},{"y":109,"x":-2236},{"y":62,"x":-2273},{"y":14,"x":-2302},{"y":-37,"x":-2323},{"y":-80,"x":-2347},{"y":-146,"x":-2370},{"y":-210,"x":-2388},{"y":-264,"x":-2417},{"y":-319,"x":-2451},{"y":-348,"x":-2481},{"y":-378,"x":-2517},{"y":-398,"x":-2539},{"y":-411,"x":-2583},{"y":-423,"x":-2618},{"y":-451,"x":-2663},{"y":-470,"x":-2693},{"y":-491,"x":-2707},{"y":-519,"x":-2709},{"y":-539,"x":-2698},{"y":-549,"x":-2668},{"y":-570,"x":-2621},{"y":-594,"x":-2586},{"y":-619,"x":-2556},{"y":-643,"x":-2533},{"y":-673,"x":-2510},{"y":-706,"x":-2489},{"y":-755,"x":-2475},{"y":-803,"x":-2464},{"y":-866,"x":-2471},{"y":-918,"x":-2476},{"y":-973,"x":-2484},{"y":-991,"x":-2498},{"y":-1010,"x":-2538},{"y":-1024,"x":-2565},{"y":-1046,"x":-2607},{"y":-1069,"x":-2651},{"y":-1076,"x":-2691},{"y":-1084,"x":-2736},{"y":-1082,"x":-2777},{"y":-1077,"x":-2813},{"y":-1069,"x":-2848},{"y":-1046,"x":-2891},{"y":-1009,"x":-2943},{"y":-964,"x":-2980},{"y":-892,"x":-3054},{"y":-866,"x":-3104},{"y":-845,"x":-3171},{"y":-825,"x":-3267},{"y":-811,"x":-3391},{"y":-805,"x":-3473},{"y":-816,"x":-3533},{"y":-836,"x":-3608},{"y":-862,"x":-3658},{"y":-895,"x":-3720},{"y":-931,"x":-3776},{"y":-972,"x":-3851},{"y":-1005,"x":-3903},{"y":-1037,"x":-3961},{"y":-1071,"x":-4045},{"y":-1099,"x":-4123},{"y":-1125,"x":-4213},{"y":-1144,"x":-4303},{"y":-1136,"x":-4404}],"y":1300,"originOffsetRatio":0,"repeatTexture":true,"isStatic":true,"rotation":0,"graphic":true,"height":1612.25,"physic":true,"textureOffset":0,"shapeH":64,"width":4386,"snapToGrid":false,"action":0,"wireframe":false,"type":5,"smoothing":true,"safeId":-1,"textureMode":true,"id":-1,"straightSides":true,"density":"1"}}],[{"className":"SignPillar","params":{"x":3090,"y":970,"scaleX":1,"width":9.3,"rotation":0,"scaleY":1,"height":128.35}},{"className":"SignPillar","params":{"x":5270,"y":673,"scaleX":1,"width":9.3,"rotation":0,"scaleY":1,"height":128.35}},{"className":"SignPillar","params":{"x":4452,"y":1596,"scaleX":1,"width":9.3,"rotation":-33,"scaleY":1,"height":128.35}},{"className":"Dec15","params":{"x":250,"y":410,"scaleX":1,"width":197,"rotation":0,"scaleY":1,"height":234.2}},{"className":"Dec16","params":{"x":620,"y":360,"scaleX":1,"width":176.2,"rotation":-18,"scaleY":1,"height":242.2}},{"className":"Dec13","params":{"x":2270,"y":330,"scaleX":1,"width":171.75,"rotation":48,"scaleY":1,"height":213.45}},{"className":"Dec16","params":{"x":2640,"y":620,"scaleX":1,"width":176.2,"rotation":42,"scaleY":1,"height":242.2}},{"className":"Dec29","params":{"rotation":0,"x":3060,"height":82.25,"y":1010,"width":63.15}},{"className":"Dec13","params":{"x":3780,"y":750,"scaleX":1,"width":171.75,"rotation":3,"scaleY":1,"height":213.45}},{"className":"Dec29","params":{"rotation":0,"x":5240,"height":82.25,"y":715,"width":63.15}},{"className":"Dec15","params":{"x":5880,"y":620,"scaleX":1,"width":197,"rotation":0,"scaleY":1,"height":234.2}},{"className":"Dec16","params":{"x":7630,"y":1940,"scaleX":1,"width":176.2,"rotation":-18,"scaleY":1,"height":242.2}},{"className":"Dec15","params":{"x":7510,"y":1970,"scaleX":1,"width":197,"rotation":0,"scaleY":1,"height":234.2}},{"className":"Dec14","params":{"x":7380,"y":1970,"scaleX":1,"width":165.85,"rotation":27,"scaleY":1,"height":244.8}},{"className":"Dec15","params":{"x":10200,"y":1810,"scaleX":1,"width":197,"rotation":-36,"scaleY":1,"height":234.2}},{"className":"Dec29","params":{"rotation":-42,"x":4456,"height":82.25,"y":1657,"width":63.15}},{"className":"Sign1","params":{"rotation":-30,"x":4410,"height":69.8,"y":1530,"width":68.8}}],[{"className":"GlassCrashed1","params":{"x":6307,"ttl":0.3,"y":453,"safeId":2,"width":66,"rotation":90.00000000000006,"height":18}},{"className":"GlassCrashed1","params":{"x":6566,"ttl":0.3,"y":740,"safeId":2,"width":66,"rotation":-7,"height":18}},{"className":"GlassCrashed1","params":{"x":6625,"ttl":0.3,"y":728,"safeId":2,"width":66,"rotation":-16,"height":18}},{"className":"GlassCrashed1","params":{"x":6682,"ttl":0.3,"y":703,"safeId":2,"width":66,"rotation":-31,"height":18}},{"className":"GlassCrashed1","params":{"x":6729,"ttl":0.3,"y":667,"safeId":2,"width":66,"rotation":-44,"height":18}},{"className":"GlassCrashed1","params":{"x":6768,"ttl":0.3,"y":620,"safeId":2,"width":66,"rotation":-56.99999999999994,"height":18}},{"className":"GlassCrashed1","params":{"x":6796,"ttl":0.3,"y":564,"safeId":2,"width":66,"rotation":-71.99999999999994,"height":18}},{"className":"GlassCrashed1","params":{"x":6808,"ttl":0.3,"y":504,"safeId":2,"width":66,"rotation":-86.99999999999994,"height":18}},{"className":"GlassCrashed1","params":{"x":6804,"ttl":0.3,"y":443,"safeId":2,"width":66,"rotation":-100.99999999999994,"height":18}},{"className":"GlassCrashed1","params":{"x":6786,"ttl":0.3,"y":384,"safeId":2,"width":66,"rotation":-113.99999999999994,"height":18}},{"className":"GlassCrashed1","params":{"x":6714,"ttl":0.3,"y":287,"safeId":2,"width":66,"rotation":-140,"height":18}},{"className":"GlassCrashed1","params":{"x":6755,"ttl":0.3,"y":331,"safeId":2,"width":66,"rotation":-126.99999999999994,"height":18}},{"className":"GlassCrashed1","params":{"x":6669,"ttl":0.3,"y":256,"safeId":2,"width":66,"rotation":-153,"height":18}},{"className":"GlassCrashed1","params":{"x":6552,"ttl":0.3,"y":228,"safeId":2,"width":66,"rotation":179,"height":18}},{"className":"GlassCrashed1","params":{"x":6492,"ttl":0.3,"y":237,"safeId":2,"width":66,"rotation":166,"height":18}},{"className":"GlassCrashed1","params":{"x":6435,"ttl":0.3,"y":259,"safeId":2,"width":66,"rotation":151.00000000000009,"height":18}},{"className":"GlassCrashed1","params":{"x":6613,"ttl":0.3,"y":235,"safeId":2,"width":66,"rotation":-166,"height":18}},{"className":"GlassCrashed1","params":{"x":6383,"ttl":0.3,"y":295,"safeId":2,"width":66,"rotation":138.00000000000006,"height":18}},{"className":"GlassCrashed1","params":{"x":6343,"ttl":0.3,"y":341,"safeId":2,"width":66,"rotation":123.00000000000006,"height":18}},{"className":"GlassCrashed1","params":{"x":6316,"ttl":0.3,"y":395,"safeId":2,"width":66,"rotation":109.00000000000006,"height":18}},{"className":"GlassCrashed0","params":{"x":6341,"ttl":0.3,"y":744,"safeId":2,"width":132,"rotation":0,"height":18}},{"className":"GlassCrashed0","params":{"x":6471,"ttl":0.3,"y":744,"safeId":2,"width":132,"rotation":0,"height":18}},{"className":"GeyserE","params":{"speed":1500,"x":3983,"id":-1,"y":1444,"safeId":1,"width":565,"rotation":-45,"height":128,"rate":1}},{"className":"GeyserE","params":{"speed":1500,"x":3888,"id":-1,"y":1352,"safeId":1,"width":565,"rotation":-45,"height":128,"rate":1}},{"className":"BoostE","params":{"x":10070,"y":1930,"force":6000,"safeId":-1,"width":100,"rotation":0,"height":99,"time":2}}],null,[{"className":"PlayerWP","params":{"rotation":0,"x":350,"height":32,"y":460,"width":64}},{"className":"SafePointE","params":{"x":3090,"id":1,"y":900,"width":128,"rotation":0,"height":624}},{"className":"SafePointE","params":{"x":5270,"id":2,"y":600,"width":128,"rotation":0,"height":1123}}],[{"className":"MotorJointE","params":{"x":1438,"useWeld":false,"y":290,"width":17,"rotation":0,"graphic":1,"height":17,"time":0,"id":12,"safeId":1,"snd":false,"rate":80}},{"className":"PivotJointE","params":{"x":1380,"id":12,"y":-50,"safeId":1,"width":17,"rotation":0,"graphic":0,"height":17}},{"className":"ToggleE","params":{"x":3860,"sndId":0,"y":-830,"safeId":1,"width":64,"rotation":0,"off":false,"id":0,"height":2108,"hint":-1,"id_off":-1}},{"className":"ToggleE","params":{"x":640,"sndId":-1,"y":280,"safeId":-1,"width":64,"rotation":0,"off":false,"id":12,"height":563,"hint":-1,"id_off":-1}}]],"settings":{"theme":3,"countdown":0,"gravityY":500,"prizes":"26,33,41"}}