﻿{"layers":[[{"className":"FinishZone","params":{"rotation":0,"x":6170,"height":1622,"y":690,"width":976}},{"className":"frg.game.editor.objects::LandscapeShaper","params":{"x":-10,"vertices":[{"y":-800,"x":-1406},{"y":-1194,"x":-162},{"y":-1252,"x":3084},{"y":-1875,"x":6155},{"y":-624,"x":3701},{"y":-484,"x":3543},{"y":-310,"x":3435},{"y":-115,"x":3352},{"y":72,"x":3232},{"y":190,"x":3149},{"y":303,"x":3042},{"y":343,"x":2950},{"y":355,"x":2879},{"y":382,"x":2771},{"y":412,"x":2687},{"y":426,"x":2625},{"y":420,"x":2551},{"y":390,"x":2480},{"y":135,"x":2480},{"y":31,"x":2490},{"y":-67,"x":2492},{"y":-130,"x":2492},{"y":-202,"x":2480},{"y":-251,"x":2440},{"y":-278,"x":2382},{"y":-292,"x":2267},{"y":-298,"x":2164},{"y":-297,"x":2062},{"y":-288,"x":1954},{"y":-278,"x":1861},{"y":-258,"x":1789},{"y":-229,"x":1726},{"y":-193,"x":1683},{"y":-155,"x":1651},{"y":-121,"x":1602},{"y":-90,"x":1530},{"y":-46,"x":1448},{"y":-25,"x":1370},{"y":-5,"x":1315},{"y":25,"x":1250},{"y":35,"x":1220},{"y":25,"x":1185},{"y":1,"x":1161},{"y":0,"x":1218},{"y":-12,"x":1272},{"y":-39,"x":1318},{"y":-65,"x":1350},{"y":-92,"x":1373},{"y":-120,"x":1393},{"y":-157,"x":1411},{"y":-199,"x":1421},{"y":-231,"x":1424},{"y":-264,"x":1423},{"y":-303,"x":1416},{"y":-337,"x":1405},{"y":-366,"x":1389},{"y":-400,"x":1364},{"y":-425,"x":1339},{"y":-448,"x":1308},{"y":-466,"x":1276},{"y":-479,"x":1233},{"y":-485,"x":1188},{"y":-482,"x":1141},{"y":-470,"x":1095},{"y":-452,"x":1059},{"y":-428,"x":1025},{"y":-401,"x":995},{"y":-369,"x":971},{"y":-335,"x":954},{"y":-300,"x":942},{"y":-265,"x":935},{"y":-225,"x":935},{"y":-180,"x":940},{"y":-180,"x":365},{"y":-125,"x":285},{"y":0,"x":285},{"y":0,"x":905},{"y":40,"x":925},{"y":85,"x":915},{"y":135,"x":905},{"y":215,"x":880},{"y":240,"x":845},{"y":255,"x":805},{"y":250,"x":755},{"y":240,"x":710},{"y":240,"x":665},{"y":250,"x":620},{"y":265,"x":580},{"y":285,"x":540},{"y":315,"x":510},{"y":348,"x":482},{"y":390,"x":460},{"y":440,"x":445},{"y":485,"x":445},{"y":530,"x":450},{"y":575,"x":460},{"y":607,"x":477},{"y":640,"x":500},{"y":670,"x":530},{"y":695,"x":560},{"y":710,"x":600},{"y":725,"x":640},{"y":730,"x":690},{"y":725,"x":735},{"y":715,"x":775},{"y":690,"x":820},{"y":655,"x":860},{"y":605,"x":900},{"y":562,"x":927},{"y":545,"x":960},{"y":575,"x":970},{"y":620,"x":986},{"y":658,"x":1012},{"y":686,"x":1040},{"y":720,"x":1078},{"y":745,"x":1127},{"y":765,"x":1181},{"y":769,"x":1232},{"y":767,"x":1291},{"y":756,"x":1337},{"y":732,"x":1385},{"y":698,"x":1428},{"y":659,"x":1464},{"y":622,"x":1490},{"y":565,"x":1511},{"y":508,"x":1521},{"y":455,"x":1519},{"y":405,"x":1509},{"y":366,"x":1492},{"y":326,"x":1470},{"y":294,"x":1443},{"y":267,"x":1411},{"y":240,"x":1374},{"y":218,"x":1320},{"y":210,"x":1281},{"y":172,"x":1376},{"y":150,"x":1443},{"y":132,"x":1533},{"y":130,"x":2095},{"y":505,"x":2095},{"y":535,"x":2098},{"y":566,"x":2112},{"y":595,"x":2154},{"y":607,"x":2206},{"y":607,"x":2641},{"y":617,"x":2704},{"y":1272,"x":3946},{"y":1308,"x":4042},{"y":1320,"x":4099},{"y":1327,"x":4159},{"y":1329,"x":4225},{"y":1326,"x":4281},{"y":1313,"x":4354},{"y":1290,"x":4419},{"y":1263,"x":4465},{"y":1222,"x":4505},{"y":1553,"x":4843},{"y":1629,"x":4928},{"y":1659,"x":4969},{"y":1678,"x":5010},{"y":1692,"x":5064},{"y":1700,"x":5118},{"y":1700,"x":5171},{"y":1692,"x":5223},{"y":1673,"x":5281},{"y":1653,"x":5319},{"y":1628,"x":5356},{"y":1596,"x":5392},{"y":1561,"x":5425},{"y":1523,"x":5451},{"y":1481,"x":5472},{"y":1441,"x":5487},{"y":1400,"x":5497},{"y":1346,"x":5501},{"y":1297,"x":5500},{"y":1250,"x":5490},{"y":1187,"x":5468},{"y":1155,"x":5435},{"y":1135,"x":5405},{"y":1105,"x":5425},{"y":1080,"x":5470},{"y":1079,"x":6520},{"y":1128,"x":6994},{"y":1140,"x":7697},{"y":3171,"x":8763},{"y":2577,"x":5626},{"y":2077,"x":888},{"y":2066,"x":145},{"y":1895,"x":-1265}],"y":390,"isStatic":true,"rotation":0,"graphic":true,"physic":true,"plr":false,"layer":2,"isWheel":false,"line":true,"rem":true,"ignore":false,"id":-1,"density":1,"safeId":-1}},{"className":"frg.game.editor.objects::GroundPather","params":{"x":-90,"physic":false,"y":1280,"vertices":[{"y":-300,"x":40},{"y":-155,"x":720},{"y":-95,"x":1555},{"y":-305,"x":2075},{"y":-235,"x":2505},{"y":-220,"x":2725},{"y":450,"x":4115},{"y":535,"x":4630},{"y":815,"x":5100},{"y":815,"x":5480},{"y":715,"x":7650}],"snapToGrid":true,"shape":false,"cameraOffsetY":80,"lineId":-1,"textureMode":true,"straightSides":true,"direction":90,"originOffsetRatio":0,"stretchTexture":false,"directed":false,"repeatTexture":true,"width":7623,"rotation":0,"thick":128,"height":1133,"textureOffset":0,"camera":true,"wireframe":false,"smoothing":true,"isRoad":false,"line":false}},{"className":"frg.game.editor.objects::DynamicPather","params":{"stretchTexture":false,"x":950,"vertices":[{"y":0,"x":0},{"y":58,"x":26},{"y":98,"x":57},{"y":137,"x":102},{"y":167,"x":145},{"y":192,"x":198},{"y":207,"x":261},{"y":206,"x":309},{"y":191,"x":363},{"y":168,"x":410},{"y":132,"x":461},{"y":89,"x":497},{"y":44,"x":526},{"y":-6,"x":546},{"y":-49,"x":554},{"y":-99,"x":556},{"y":-153,"x":545},{"y":-206,"x":526},{"y":-252,"x":494},{"y":-295,"x":447},{"y":-318,"x":416},{"y":-338,"x":374}],"y":950,"originOffsetRatio":0,"repeatTexture":true,"isStatic":true,"rotation":0,"graphic":true,"height":606,"physic":true,"textureOffset":0,"shapeH":64,"width":617.35,"snapToGrid":false,"action":0,"wireframe":false,"type":5,"smoothing":true,"safeId":-1,"textureMode":true,"id":-1,"straightSides":true,"density":"1"}}],[{"className":"SignPillar","params":{"x":1860,"y":460,"scaleX":1,"width":9.3,"rotation":0,"scaleY":1,"height":128.35}},{"className":"SignPillar","params":{"x":2430,"y":940,"scaleX":1,"width":9.3,"rotation":0,"scaleY":0.9065056486170627,"height":116.35}},{"className":"Dec15","params":{"x":600,"y":270,"scaleX":1,"width":197,"rotation":0,"scaleY":1,"height":234.2}},{"className":"Dec29","params":{"rotation":0,"x":1830,"height":82.25,"y":500,"width":63.15}},{"className":"Dec13","params":{"x":1600,"y":410,"scaleX":1,"width":171.75,"rotation":12,"scaleY":1,"height":213.45}},{"className":"Dec14","params":{"x":1966,"y":410,"scaleX":-1,"width":165.85,"rotation":0,"scaleY":1,"height":244.8}},{"className":"Dec14","params":{"x":2997,"y":1060,"scaleX":-1,"width":165.85,"rotation":9,"scaleY":1,"height":244.8}},{"className":"Dec15","params":{"x":3350,"y":1220,"scaleX":1,"width":197,"rotation":30,"scaleY":1,"height":234.2}},{"className":"Dec13","params":{"x":3590,"y":1350,"scaleX":1,"width":171.75,"rotation":39,"scaleY":1,"height":213.45}},{"className":"Dec14","params":{"x":5087,"y":1980,"scaleX":-1,"width":165.85,"rotation":0,"scaleY":1,"height":244.8}}],[{"className":"GlassCrashed1","params":{"x":1095,"ttl":0.3,"y":1093,"safeId":1,"width":66,"rotation":31,"height":18}},{"className":"GlassCrashed1","params":{"x":1476,"ttl":0.3,"y":929,"safeId":1,"width":66,"rotation":-78,"height":18}},{"className":"GlassCrashed1","params":{"x":1150,"ttl":0.3,"y":1119,"safeId":1,"width":66,"rotation":18.000000000000057,"height":18}},{"className":"GlassCrashed1","params":{"x":1048,"ttl":0.3,"y":1058,"safeId":1,"width":66,"rotation":44,"height":18}},{"className":"GlassCrashed1","params":{"x":1458,"ttl":0.3,"y":982,"safeId":1,"width":66,"rotation":-65,"height":18}},{"className":"GlassCrashed1","params":{"x":1426,"ttl":0.3,"y":1032,"safeId":1,"width":66,"rotation":-51.99999999999994,"height":18}},{"className":"GlassCrashed1","params":{"x":1383,"ttl":0.3,"y":1076,"safeId":1,"width":66,"rotation":-38.99999999999994,"height":18}},{"className":"GlassCrashed1","params":{"x":1482,"ttl":0.3,"y":871,"safeId":1,"width":66,"rotation":-91,"height":18}},{"className":"GlassCrashed1","params":{"x":1273,"ttl":0.3,"y":1128,"safeId":1,"width":66,"rotation":-11.999999999999943,"height":18}},{"className":"GlassCrashed1","params":{"x":1449,"ttl":0.3,"y":754,"safeId":1,"width":66,"rotation":-119,"height":18}},{"className":"GlassCrashed1","params":{"x":1310,"ttl":0.3,"y":637,"safeId":1,"width":66,"rotation":-161.99999999999994,"height":18}},{"className":"GlassCrashed1","params":{"x":1212,"ttl":0.3,"y":1132,"safeId":1,"width":66,"rotation":3.000000000000057,"height":18}},{"className":"GlassCrashed1","params":{"x":1472,"ttl":0.3,"y":808,"safeId":1,"width":66,"rotation":-106,"height":18}},{"className":"GlassCrashed1","params":{"x":1251,"ttl":0.3,"y":625,"safeId":1,"width":66,"rotation":-175.99999999999994,"height":18}},{"className":"GlassCrashed1","params":{"x":1365,"ttl":0.3,"y":663,"safeId":1,"width":66,"rotation":-146.99999999999994,"height":18}},{"className":"GlassCrashed1","params":{"x":1009,"ttl":0.3,"y":1009,"safeId":1,"width":66,"rotation":59,"height":18}},{"className":"GlassCrashed1","params":{"x":982,"ttl":0.3,"y":954,"safeId":1,"width":66,"rotation":68,"height":18}},{"className":"GlassCrashed1","params":{"x":1331,"ttl":0.3,"y":1108,"safeId":1,"width":66,"rotation":-25.999999999999943,"height":18}},{"className":"GlassCrashed1","params":{"x":1413,"ttl":0.3,"y":705,"safeId":1,"width":66,"rotation":-133.99999999999991,"height":18}},{"className":"GlassCrashed0","params":{"x":959,"ttl":0.5,"y":398,"safeId":-1,"width":132,"rotation":0,"height":18}},{"className":"GlassCrashed0","params":{"x":1089,"ttl":0.5,"y":398,"safeId":-1,"width":132,"rotation":0,"height":18}},{"className":"GlassCrashed1","params":{"x":2117,"ttl":0.5,"y":540,"safeId":1,"width":66,"rotation":0,"height":18}},{"className":"GlassCrashed1","params":{"x":2181,"ttl":0.5,"y":540,"safeId":1,"width":66,"rotation":0,"height":18}},{"className":"GlassCrashed1","params":{"x":2309,"ttl":0.5,"y":540,"safeId":1,"width":66,"rotation":0,"height":18}},{"className":"GlassCrashed1","params":{"x":2245,"ttl":0.5,"y":540,"safeId":1,"width":66,"rotation":0,"height":18}},{"className":"GlassCrashed1","params":{"x":2373,"ttl":0.5,"y":540,"safeId":1,"width":66,"rotation":0,"height":18}},{"className":"GlassCrashed1","params":{"x":2437,"ttl":0.5,"y":540,"safeId":1,"width":66,"rotation":0,"height":18}},{"className":"GlassCrashed1","params":{"x":2437,"ttl":0.5,"y":587,"safeId":1,"width":66,"rotation":0,"height":18}},{"className":"GlassCrashed1","params":{"x":2309,"ttl":0.5,"y":587,"safeId":1,"width":66,"rotation":0,"height":18}},{"className":"GlassCrashed1","params":{"x":2373,"ttl":0.5,"y":587,"safeId":1,"width":66,"rotation":0,"height":18}},{"className":"GlassCrashed1","params":{"x":2117,"ttl":0.5,"y":587,"safeId":1,"width":66,"rotation":0,"height":18}},{"className":"GlassCrashed1","params":{"x":2181,"ttl":0.5,"y":587,"safeId":1,"width":66,"rotation":0,"height":18}},{"className":"GlassCrashed1","params":{"x":2245,"ttl":0.5,"y":587,"safeId":1,"width":66,"rotation":0,"height":18}},{"className":"GlassCrashed1","params":{"x":2437,"ttl":0.5,"y":634,"safeId":1,"width":66,"rotation":0,"height":18}},{"className":"GlassCrashed1","params":{"x":2309,"ttl":0.5,"y":634,"safeId":1,"width":66,"rotation":0,"height":18}},{"className":"GlassCrashed1","params":{"x":2373,"ttl":0.5,"y":634,"safeId":1,"width":66,"rotation":0,"height":18}},{"className":"GlassCrashed1","params":{"x":2117,"ttl":0.5,"y":634,"safeId":1,"width":66,"rotation":0,"height":18}},{"className":"GlassCrashed1","params":{"x":2181,"ttl":0.5,"y":634,"safeId":1,"width":66,"rotation":0,"height":18}},{"className":"GlassCrashed1","params":{"x":2245,"ttl":0.5,"y":634,"safeId":1,"width":66,"rotation":0,"height":18}},{"className":"GlassCrashed1","params":{"x":2437,"ttl":0.5,"y":680,"safeId":1,"width":66,"rotation":0,"height":18}},{"className":"GlassCrashed1","params":{"x":2309,"ttl":0.5,"y":680,"safeId":1,"width":66,"rotation":0,"height":18}},{"className":"GlassCrashed1","params":{"x":2373,"ttl":0.5,"y":680,"safeId":1,"width":66,"rotation":0,"height":18}},{"className":"GlassCrashed1","params":{"x":2117,"ttl":0.5,"y":680,"safeId":1,"width":66,"rotation":0,"height":18}},{"className":"GlassCrashed1","params":{"x":2181,"ttl":0.5,"y":680,"safeId":1,"width":66,"rotation":0,"height":18}},{"className":"GlassCrashed1","params":{"x":2245,"ttl":0.5,"y":680,"safeId":1,"width":66,"rotation":0,"height":18}},{"className":"GlassCrashed1","params":{"x":2437,"ttl":0.5,"y":727,"safeId":1,"width":66,"rotation":0,"height":18}},{"className":"GlassCrashed1","params":{"x":2309,"ttl":0.5,"y":727,"safeId":1,"width":66,"rotation":0,"height":18}},{"className":"GlassCrashed1","params":{"x":2373,"ttl":0.5,"y":727,"safeId":1,"width":66,"rotation":0,"height":18}},{"className":"GlassCrashed1","params":{"x":2117,"ttl":0.5,"y":727,"safeId":1,"width":66,"rotation":0,"height":18}},{"className":"GlassCrashed1","params":{"x":2181,"ttl":0.5,"y":727,"safeId":1,"width":66,"rotation":0,"height":18}},{"className":"GlassCrashed1","params":{"x":2245,"ttl":0.5,"y":727,"safeId":1,"width":66,"rotation":0,"height":18}},{"className":"GlassCrashed1","params":{"x":4508,"ttl":0.3,"y":1022,"safeId":2,"width":66,"rotation":-177.99999999999994,"height":18}},{"className":"GlassCrashed1","params":{"x":4448,"ttl":0.3,"y":1026,"safeId":2,"width":66,"rotation":169.00000000000003,"height":18}},{"className":"GlassCrashed1","params":{"x":4395,"ttl":0.3,"y":1042,"safeId":2,"width":66,"rotation":155.99999999999997,"height":18}},{"className":"GlassCrashed1","params":{"x":4344,"ttl":0.3,"y":1072,"safeId":2,"width":66,"rotation":143,"height":18}},{"className":"GlassCrashed1","params":{"x":4299,"ttl":0.3,"y":1117,"safeId":2,"width":66,"rotation":128,"height":18}},{"className":"GlassCrashed1","params":{"x":4269,"ttl":0.3,"y":1167,"safeId":2,"width":66,"rotation":115,"height":18}},{"className":"GlassCrashed1","params":{"x":4245,"ttl":0.3,"y":1288,"safeId":2,"width":66,"rotation":87.00000000000006,"height":18}},{"className":"GlassCrashed1","params":{"x":4256,"ttl":0.3,"y":1348,"safeId":2,"width":66,"rotation":72.00000000000006,"height":18}},{"className":"GlassCrashed1","params":{"x":4281,"ttl":0.3,"y":1403,"safeId":2,"width":66,"rotation":58.00000000000006,"height":18}},{"className":"GlassCrashed1","params":{"x":4320,"ttl":0.3,"y":1447,"safeId":2,"width":66,"rotation":39.00000000000006,"height":18}},{"className":"GlassCrashed1","params":{"x":4250,"ttl":0.3,"y":1225,"safeId":2,"width":66,"rotation":100.00000000000009,"height":18}},{"className":"GlassCrashed1","params":{"x":4705,"ttl":0.3,"y":1427,"safeId":2,"width":66,"rotation":-57.99999999999999,"height":18}},{"className":"GlassCrashed1","params":{"x":4734,"ttl":0.3,"y":1373,"safeId":2,"width":66,"rotation":-67,"height":18}},{"className":"GlassCrashed1","params":{"x":4751,"ttl":0.3,"y":1313,"safeId":2,"width":66,"rotation":-82,"height":18}},{"className":"GlassCrashed1","params":{"x":4752,"ttl":0.3,"y":1254,"safeId":2,"width":66,"rotation":-95,"height":18}},{"className":"GlassCrashed1","params":{"x":4740,"ttl":0.3,"y":1194,"safeId":2,"width":66,"rotation":-107.99999999999996,"height":18}},{"className":"GlassCrashed1","params":{"x":4714,"ttl":0.3,"y":1137,"safeId":2,"width":66,"rotation":-122.99999999999994,"height":18}},{"className":"GlassCrashed1","params":{"x":4568,"ttl":0.3,"y":1031,"safeId":2,"width":66,"rotation":-164.99999999999994,"height":18}},{"className":"GlassCrashed1","params":{"x":4675,"ttl":0.3,"y":1090,"safeId":2,"width":66,"rotation":-137.99999999999994,"height":18}},{"className":"GlassCrashed1","params":{"x":4625,"ttl":0.3,"y":1054,"safeId":2,"width":66,"rotation":-151.99999999999994,"height":18}},{"className":"BoostE","params":{"x":5410,"y":1600,"safeId":2,"width":100,"rotation":0,"height":99,"time":2,"force":4000}}],null,[{"className":"PlayerWP","params":{"rotation":0,"x":390,"height":32,"y":300,"width":64}},{"className":"SafePointE","params":{"x":1860,"id":1,"y":380,"width":128,"rotation":0,"height":960}},{"className":"SafePointE","params":{"x":2430,"id":2,"y":880,"width":128,"rotation":0,"height":303}}]],"settings":{"theme":3,"countdown":0,"gravityY":500,"prizes":"28,34,41"}}