﻿{"layers":[[{"params":{"x":4801,"plr":false,"vertices":[{"y":0,"x":0},{"y":-24,"x":35},{"y":-47,"x":80},{"y":-61,"x":137},{"y":-61,"x":194},{"y":-48,"x":250},{"y":-30,"x":292},{"y":5,"x":335},{"y":34,"x":364},{"y":93,"x":397},{"y":135,"x":409},{"y":187,"x":416},{"y":229,"x":411},{"y":277,"x":397},{"y":331,"x":366},{"y":367,"x":335},{"y":396,"x":298},{"y":420,"x":249},{"y":432,"x":199},{"y":432,"x":140},{"y":420,"x":86},{"y":395,"x":35},{"y":365,"x":-4},{"y":323,"x":-39},{"y":266,"x":-69},{"y":208,"x":-81},{"y":153,"x":-78},{"y":99,"x":-66},{"y":42,"x":-35}],"y":2067,"isStatic":false,"density":0.7,"rem":true,"layer":3,"physic":true,"rotation":0,"ignore":false,"isWheel":false,"line":true,"id":-1,"graphic":true,"safeId":1},"className":"frg.game.editor.objects::LandscapeShaper"},{"params":{"rotation":0,"x":8570,"height":372,"y":-962,"width":1261},"className":"FinishZone"},{"params":{"density":2.5,"x":4480,"id":-1,"vertices":[{"y":0,"x":0},{"y":0,"x":1030},{"y":835,"x":1035},{"y":835,"x":5}],"y":1640,"viscosity":1.5,"rotation":0,"bg":true,"sf":true},"className":"frg.game.editor.objects::WaterShaper"},{"params":{"x":-50,"vertices":[{"y":0,"x":0},{"y":55,"x":135},{"y":99,"x":220},{"y":126,"x":318},{"y":133,"x":403},{"y":133,"x":655},{"y":135,"x":857},{"y":168,"x":865},{"y":175,"x":911},{"y":217,"x":1025},{"y":285,"x":1125},{"y":351,"x":1221},{"y":435,"x":1349},{"y":487,"x":1473},{"y":527,"x":1627},{"y":563,"x":1848},{"y":619,"x":2639},{"y":608,"x":2721},{"y":572,"x":2797},{"y":519,"x":2857},{"y":446,"x":2903},{"y":361,"x":2923},{"y":295,"x":2937},{"y":268,"x":2972},{"y":261,"x":3021},{"y":279,"x":3067},{"y":325,"x":3113},{"y":489,"x":3239},{"y":1310,"x":3952},{"y":1375,"x":4033},{"y":1415,"x":4127},{"y":1423,"x":4185},{"y":1424,"x":4255},{"y":1411,"x":4311},{"y":1380,"x":4376},{"y":1326,"x":4446},{"y":1308,"x":4517},{"y":1315,"x":4548},{"y":1343,"x":4570},{"y":2264,"x":4569},{"y":2269,"x":5554}],"y":290,"shape":true,"physic":true,"directed":true,"textureOffset":0,"originOffsetRatio":0,"stretchTexture":false,"isRoad":true,"thick":128,"width":5572.55,"rotation":0,"height":2330.65,"direction":90,"straightSides":true,"wireframe":false,"snapToGrid":false,"camera":false,"smoothing":true,"line":true,"lineId":0,"cameraOffsetY":120,"repeatTexture":true,"textureMode":true},"className":"frg.game.editor.objects::GroundPather"},{"params":{"x":1340,"plr":false,"vertices":[{"y":-40,"x":-1800},{"y":-870,"x":-1655},{"y":-1205,"x":-1025},{"y":-1240,"x":-120},{"y":-1445,"x":1465},{"y":-1380,"x":5400},{"y":-1878,"x":6900},{"y":-1218,"x":6801},{"y":-858,"x":6803},{"y":-858,"x":7776},{"y":-907,"x":7809},{"y":-945,"x":7854},{"y":-969,"x":7925},{"y":-974,"x":8897},{"y":-968,"x":8922},{"y":-959,"x":8941},{"y":-938,"x":8960},{"y":-909,"x":8965},{"y":-884,"x":8964},{"y":-857,"x":8951},{"y":-834,"x":8926},{"y":-827,"x":8892},{"y":-820,"x":8066},{"y":-806,"x":8015},{"y":-784,"x":7974},{"y":-752,"x":7935},{"y":-688,"x":7915},{"y":-499,"x":7919},{"y":-195,"x":7921},{"y":-143,"x":7917},{"y":-99,"x":7893},{"y":-69,"x":7858},{"y":-60,"x":7813},{"y":-63,"x":7761},{"y":-84,"x":7729},{"y":-128,"x":7687},{"y":-198,"x":7641},{"y":-281,"x":7584},{"y":-359,"x":7515},{"y":-417,"x":7452},{"y":-480,"x":7377},{"y":-534,"x":7277},{"y":-570,"x":7200},{"y":-587,"x":7125},{"y":-600,"x":7057},{"y":-603,"x":6977},{"y":-599,"x":6887},{"y":-582,"x":6782},{"y":-546,"x":6662},{"y":-514,"x":6599},{"y":-475,"x":6544},{"y":-425,"x":6475},{"y":-371,"x":6418},{"y":-317,"x":6372},{"y":-235,"x":6311},{"y":-165,"x":6280},{"y":-111,"x":6257},{"y":-53,"x":6239},{"y":1,"x":6223},{"y":48,"x":6211},{"y":82,"x":6188},{"y":101,"x":6158},{"y":105,"x":5410},{"y":110,"x":4958},{"y":55,"x":4865},{"y":40,"x":4790},{"y":43,"x":4717},{"y":66,"x":4653},{"y":112,"x":4595},{"y":165,"x":4550},{"y":215,"x":4525},{"y":280,"x":4515},{"y":980,"x":4520},{"y":1020,"x":4510},{"y":1035,"x":4480},{"y":1030,"x":4385},{"y":1010,"x":4315},{"y":1000,"x":4220},{"y":970,"x":4140},{"y":910,"x":4050},{"y":870,"x":3975},{"y":860,"x":3915},{"y":845,"x":3830},{"y":845,"x":3740},{"y":850,"x":3675},{"y":860,"x":3605},{"y":885,"x":3535},{"y":920,"x":3460},{"y":955,"x":3395},{"y":990,"x":3350},{"y":1030,"x":3300},{"y":1105,"x":3245},{"y":1195,"x":3180},{"y":1270,"x":3120},{"y":1310,"x":3055},{"y":1340,"x":2975},{"y":1335,"x":2860},{"y":1295,"x":2740},{"y":1185,"x":2640},{"y":955,"x":2500},{"y":800,"x":2370},{"y":665,"x":2295},{"y":485,"x":2265},{"y":355,"x":2204},{"y":275,"x":2145},{"y":220,"x":2080},{"y":185,"x":2010},{"y":170,"x":1945},{"y":115,"x":1890},{"y":15,"x":1870},{"y":-80,"x":1815},{"y":-130,"x":1735},{"y":-155,"x":1635},{"y":-135,"x":1565},{"y":-75,"x":1490},{"y":37,"x":1460},{"y":280,"x":1404},{"y":453,"x":1366},{"y":553,"x":1297},{"y":593,"x":1188},{"y":614,"x":1057},{"y":651,"x":868},{"y":645,"x":762},{"y":614,"x":645},{"y":571,"x":557},{"y":555,"x":481},{"y":554,"x":425},{"y":560,"x":356},{"y":568,"x":256},{"y":568,"x":211},{"y":553,"x":168},{"y":525,"x":147},{"y":420,"x":140},{"y":420,"x":215},{"y":351,"x":215},{"y":330,"x":290},{"y":305,"x":350},{"y":269,"x":421},{"y":222,"x":465},{"y":183,"x":495},{"y":137,"x":514},{"y":99,"x":522},{"y":48,"x":520},{"y":0,"x":506},{"y":-51,"x":476},{"y":-95,"x":431},{"y":-123,"x":374},{"y":-132,"x":321},{"y":-129,"x":268},{"y":-109,"x":210},{"y":-75,"x":164},{"y":-40,"x":140},{"y":-65,"x":120},{"y":-75,"x":90},{"y":-40,"x":18},{"y":-26,"x":-8},{"y":85,"x":-280},{"y":103,"x":-450},{"y":105,"x":-638},{"y":91,"x":-843},{"y":81,"x":-995},{"y":90,"x":-1127},{"y":125,"x":-1189},{"y":191,"x":-1222},{"y":272,"x":-1225},{"y":1405,"x":-1135},{"y":1490,"x":-1765}],"y":80,"isStatic":true,"density":1,"rem":true,"layer":2,"physic":true,"rotation":0,"ignore":false,"isWheel":false,"line":true,"id":-1,"graphic":true,"safeId":-1},"className":"frg.game.editor.objects::LandscapeShaper"},{"params":{"x":5620,"plr":false,"vertices":[{"y":75,"x":260},{"y":104,"x":312},{"y":117,"x":357},{"y":125,"x":400},{"y":119,"x":442},{"y":103,"x":479},{"y":77,"x":514},{"y":48,"x":540},{"y":13,"x":555},{"y":-33,"x":563},{"y":-856,"x":557},{"y":-890,"x":595},{"y":-890,"x":1420},{"y":-890,"x":1895},{"y":-898,"x":1957},{"y":-912,"x":2008},{"y":-932,"x":2058},{"y":-959,"x":2098},{"y":-988,"x":2132},{"y":-1033,"x":2176},{"y":-1067,"x":2203},{"y":-1098,"x":2222},{"y":-1135,"x":2240},{"y":-1179,"x":2257},{"y":-1167,"x":2330},{"y":-1211,"x":2334},{"y":-1254,"x":2339},{"y":-1296,"x":2353},{"y":-1336,"x":2371},{"y":-1378,"x":2395},{"y":-1418,"x":2422},{"y":-1448,"x":2453},{"y":-1475,"x":2480},{"y":-1499,"x":2515},{"y":-1515,"x":2544},{"y":-1530,"x":2576},{"y":-1562,"x":2574},{"y":-1588,"x":2584},{"y":-1602,"x":2610},{"y":-1605,"x":2646},{"y":-1585,"x":2685},{"y":-1161,"x":3340},{"y":-1137,"x":3396},{"y":-1122,"x":3452},{"y":-1117,"x":3504},{"y":-1120,"x":3557},{"y":-1127,"x":3611},{"y":-1143,"x":3661},{"y":-1159,"x":3697},{"y":-1182,"x":3734},{"y":-1207,"x":3767},{"y":-1237,"x":3798},{"y":-1275,"x":3831},{"y":-1314,"x":3857},{"y":-1362,"x":3880},{"y":-1408,"x":3896},{"y":-1461,"x":3901},{"y":-1481,"x":3930},{"y":-1484,"x":4018},{"y":-1862,"x":4020},{"y":-1862,"x":3974},{"y":-1889,"x":3985},{"y":-1905,"x":4010},{"y":-1905,"x":4596},{"y":-1910,"x":4658},{"y":-1923,"x":4712},{"y":-1945,"x":4761},{"y":-1975,"x":4803},{"y":-2008,"x":4838},{"y":-2047,"x":4874},{"y":-2099,"x":4904},{"y":-2153,"x":4921},{"y":-2213,"x":4929},{"y":-2263,"x":4929},{"y":-2324,"x":4915},{"y":-2374,"x":4897},{"y":-2418,"x":4865},{"y":-2467,"x":4821},{"y":-2497,"x":4783},{"y":-2520,"x":4740},{"y":-2536,"x":4694},{"y":-2548,"x":4625},{"y":-2540,"x":2487},{"y":-3207,"x":2585},{"y":-3782,"x":6635},{"y":-1225,"x":6620},{"y":248,"x":5300},{"y":320,"x":4117},{"y":215,"x":2055},{"y":635,"x":867},{"y":926,"x":564},{"y":1182,"x":-124},{"y":160,"x":-120},{"y":65,"x":-76},{"y":12,"x":-25},{"y":-5,"x":30},{"y":5,"x":95},{"y":25,"x":165}],"y":1410,"isStatic":true,"density":1,"rem":true,"layer":2,"physic":true,"rotation":0,"ignore":false,"isWheel":false,"line":true,"id":-1,"graphic":true,"safeId":-1},"className":"frg.game.editor.objects::LandscapeShaper"},{"params":{"x":-50,"vertices":[{"y":0,"x":0},{"y":55,"x":135},{"y":99,"x":220},{"y":126,"x":318},{"y":132,"x":388},{"y":133,"x":655},{"y":135,"x":857},{"y":163,"x":935},{"y":217,"x":1025},{"y":285,"x":1125},{"y":351,"x":1221},{"y":435,"x":1349},{"y":487,"x":1473},{"y":527,"x":1627},{"y":563,"x":1848},{"y":619,"x":2639},{"y":608,"x":2721},{"y":572,"x":2797},{"y":519,"x":2857},{"y":446,"x":2903},{"y":361,"x":2923},{"y":295,"x":2937},{"y":268,"x":2972},{"y":261,"x":3021},{"y":273,"x":3063},{"y":315,"x":3107},{"y":489,"x":3239},{"y":1310,"x":3952},{"y":1375,"x":4033},{"y":1422,"x":4143},{"y":1428,"x":4291},{"y":1379,"x":4854},{"y":1357,"x":5406},{"y":1252,"x":6117},{"y":1199,"x":6232},{"y":523,"x":6350},{"y":449,"x":6400},{"y":399,"x":6466},{"y":366,"x":7034},{"y":25,"x":9282},{"y":-851,"x":10871},{"y":-96,"x":11133},{"y":-127,"x":11308},{"y":-197,"x":11493}],"y":290,"shape":false,"physic":false,"directed":false,"textureOffset":0,"originOffsetRatio":0,"stretchTexture":false,"isRoad":false,"thick":128,"width":11506,"rotation":0,"height":2292,"direction":90,"straightSides":true,"wireframe":false,"snapToGrid":false,"camera":true,"smoothing":true,"line":false,"lineId":0,"cameraOffsetY":120,"repeatTexture":true,"textureMode":true},"className":"frg.game.editor.objects::GroundPather"},{"params":{"x":820,"vertices":[{"y":0,"x":0},{"y":-12,"x":729}],"y":440,"height":31,"shapeH":19,"isStatic":false,"density":"1","graphic":true,"snapToGrid":false,"straightSides":true,"wireframe":false,"width":742,"rotation":0,"textureMode":true,"id":-1,"action":0,"smoothing":true,"textureOffset":0,"originOffsetRatio":0,"type":1,"safeId":-1,"repeatTexture":true,"stretchTexture":false,"physic":true},"className":"frg.game.editor.objects::DynamicPather"},{"params":{"x":7935,"vertices":[{"y":0,"x":0},{"y":-51,"x":3},{"y":-101,"x":12},{"y":-151,"x":27},{"y":-196,"x":48},{"y":-232,"x":70},{"y":-265,"x":96},{"y":-296,"x":126},{"y":-322,"x":158},{"y":-347,"x":192},{"y":-363,"x":223},{"y":-378,"x":264}],"y":243,"height":414.55,"shapeH":64,"isStatic":true,"density":"1","graphic":true,"snapToGrid":false,"straightSides":true,"wireframe":false,"width":306.95,"rotation":0,"textureMode":true,"id":-1,"action":0,"smoothing":true,"textureOffset":0,"originOffsetRatio":0,"type":5,"safeId":-1,"repeatTexture":true,"stretchTexture":false,"physic":true},"className":"frg.game.editor.objects::DynamicPather"},{"params":{"x":9620,"vertices":[{"y":0,"x":0},{"y":-392,"x":1}],"y":-70,"height":405,"shapeH":64,"isStatic":true,"density":"1","graphic":true,"snapToGrid":false,"straightSides":true,"wireframe":false,"width":65,"rotation":0,"textureMode":true,"id":-1,"action":0,"smoothing":true,"textureOffset":0,"originOffsetRatio":0,"type":5,"safeId":-1,"repeatTexture":true,"stretchTexture":false,"physic":true},"className":"frg.game.editor.objects::DynamicPather"},{"params":{"x":10260,"vertices":[{"y":-149,"x":-233},{"y":-149,"x":-7},{"y":-138,"x":19},{"y":-124,"x":36},{"y":-98,"x":53},{"y":-75,"x":61},{"y":-49,"x":61},{"y":-17,"x":50},{"y":8,"x":30},{"y":24,"x":6},{"y":29,"x":-26},{"y":33,"x":-694},{"y":35,"x":-860},{"y":46,"x":-900},{"y":72,"x":-940},{"y":98,"x":-973},{"y":148,"x":-988},{"y":650,"x":-980},{"y":693,"x":-985},{"y":738,"x":-1004},{"y":768,"x":-1033},{"y":786,"x":-1063},{"y":795,"x":-1095},{"y":797,"x":-1129},{"y":791,"x":-1165},{"y":773,"x":-1198},{"y":757,"x":-1221},{"y":694,"x":-1268},{"y":618,"x":-1317},{"y":549,"x":-1368},{"y":494,"x":-1417},{"y":429,"x":-1484},{"y":387,"x":-1540},{"y":346,"x":-1597},{"y":315,"x":-1663},{"y":286,"x":-1734},{"y":266,"x":-1805},{"y":256,"x":-1879},{"y":252,"x":-1967},{"y":258,"x":-2045},{"y":268,"x":-2107},{"y":284,"x":-2182},{"y":308,"x":-2253},{"y":340,"x":-2313},{"y":378,"x":-2373},{"y":426,"x":-2433},{"y":477,"x":-2485},{"y":532,"x":-2533},{"y":590,"x":-2577},{"y":648,"x":-2611},{"y":706,"x":-2639},{"y":768,"x":-2662},{"y":842,"x":-2678},{"y":903,"x":-2697},{"y":933,"x":-2717},{"y":960,"x":-2757},{"y":961,"x":-3955},{"y":918,"x":-4021},{"y":900,"x":-4073},{"y":885,"x":-4132},{"y":890,"x":-4202},{"y":908,"x":-4270},{"y":946,"x":-4320},{"y":980,"x":-4349},{"y":1012,"x":-4375},{"y":1054,"x":-4395},{"y":1087,"x":-4401},{"y":1835,"x":-4396},{"y":1868,"x":-4404},{"y":1885,"x":-4433},{"y":1881,"x":-4523},{"y":1863,"x":-4593},{"y":1853,"x":-4644},{"y":1849,"x":-4704},{"y":1826,"x":-4763},{"y":1792,"x":-4825},{"y":1755,"x":-4873},{"y":1726,"x":-4941},{"y":1715,"x":-4988},{"y":1701,"x":-5054},{"y":1692,"x":-5121},{"y":1690,"x":-5192},{"y":1698,"x":-5262},{"y":1710,"x":-5329},{"y":1740,"x":-5412},{"y":1770,"x":-5472},{"y":1800,"x":-5523},{"y":1832,"x":-5568},{"y":1870,"x":-5615},{"y":1924,"x":-5656},{"y":1967,"x":-5688},{"y":2006,"x":-5717},{"y":2054,"x":-5751},{"y":2100,"x":-5785},{"y":2120,"x":-5810},{"y":2148,"x":-5849},{"y":2170,"x":-5885},{"y":2182,"x":-5936},{"y":2184,"x":-6008},{"y":2176,"x":-6062},{"y":2162,"x":-6127},{"y":2138,"x":-6181},{"y":2107,"x":-6222},{"y":2069,"x":-6254},{"y":2034,"x":-6279},{"y":1976,"x":-6314},{"y":1929,"x":-6339},{"y":1894,"x":-6363},{"y":1852,"x":-6391},{"y":1808,"x":-6417},{"y":1752,"x":-6460},{"y":1702,"x":-6500},{"y":1637,"x":-6557},{"y":1554,"x":-6603},{"y":1518,"x":-6624},{"y":1477,"x":-6637},{"y":1420,"x":-6645},{"y":1373,"x":-6650},{"y":1323,"x":-6659},{"y":1258,"x":-6693},{"y":1196,"x":-6724},{"y":1141,"x":-6755},{"y":1112,"x":-6784},{"y":1058,"x":-6852},{"y":1025,"x":-6913},{"y":1017,"x":-6971},{"y":993,"x":-7003},{"y":959,"x":-7029},{"y":904,"x":-7049},{"y":858,"x":-7055},{"y":808,"x":-7076},{"y":766,"x":-7105},{"y":739,"x":-7145},{"y":718,"x":-7185},{"y":699,"x":-7234},{"y":692,"x":-7285},{"y":712,"x":-7351},{"y":743,"x":-7395},{"y":774,"x":-7429},{"y":1297,"x":-7550},{"y":1351,"x":-7587},{"y":1394,"x":-7623},{"y":1422,"x":-7678},{"y":1439,"x":-7733},{"y":1497,"x":-8052},{"y":1491,"x":-8153},{"y":1462,"x":-8266},{"y":1441,"x":-8309},{"y":1413,"x":-8369},{"y":1398,"x":-8440},{"y":1396,"x":-8494},{"y":1410,"x":-8678},{"y":1411,"x":-8708},{"y":1397,"x":-8751},{"y":1370,"x":-8776},{"y":1262,"x":-8778}],"y":-760,"height":2397.05,"shapeH":64,"isStatic":true,"density":"1","graphic":true,"snapToGrid":false,"straightSides":true,"wireframe":false,"width":8903,"rotation":0,"textureMode":true,"id":-1,"action":0,"smoothing":true,"textureOffset":0,"originOffsetRatio":0,"type":5,"safeId":-1,"repeatTexture":true,"stretchTexture":false,"physic":true},"className":"frg.game.editor.objects::DynamicPather"}],[{"params":{"x":2518,"y":861,"scaleX":1.3225806451612903,"width":12.3,"rotation":9,"scaleY":0.7195169458511882,"height":92.35},"className":"SignPillar"},{"params":{"x":5758,"y":1376,"scaleX":1,"width":9.3,"rotation":9,"scaleY":0.7896377093883911,"height":101.35},"className":"SignPillar"},{"params":{"x":6500,"y":460,"scaleX":1,"width":9.3,"rotation":0,"scaleY":1,"height":128.35},"className":"SignPillar"},{"params":{"x":9790,"y":-536,"scaleX":1,"width":9.3,"rotation":0,"scaleY":0.6805609661082976,"height":87.3},"className":"SignPillar"},{"params":{"x":660,"y":310,"scaleX":1,"width":197,"rotation":0,"scaleY":1,"height":234.2},"className":"Dec15"},{"params":{"rotation":9,"x":2481,"height":82.25,"y":880,"width":63.15},"className":"Dec29"},{"params":{"x":2920,"y":450,"scaleX":1,"width":171.75,"rotation":9,"scaleY":1,"height":213.45},"className":"Dec13"},{"params":{"x":3406,"y":880,"scaleX":-1,"width":165.85,"rotation":36,"scaleY":1,"height":244.8},"className":"Dec14"},{"params":{"x":4547,"y":1500,"scaleX":-1,"width":171.75,"rotation":0,"scaleY":1,"height":213.45},"className":"Dec13"},{"params":{"rotation":15,"x":5725,"height":82.25,"y":1399,"width":63.15},"className":"Dec29"},{"params":{"rotation":0,"x":6468,"height":82.25,"y":501,"width":63.15},"className":"Dec29"},{"params":{"x":7317,"y":400,"scaleX":-1,"width":171.75,"rotation":-9,"scaleY":1,"height":213.45},"className":"Dec13"},{"params":{"x":8480,"y":-200,"scaleX":1,"width":197,"rotation":33,"scaleY":1,"height":234.2},"className":"Dec15"},{"params":{"rotation":0,"x":9760,"height":82.25,"y":-516,"width":63.15},"className":"Dec29"},{"params":{"x":7340,"y":400,"scaleX":1,"width":197,"rotation":0,"scaleY":1,"height":234.2},"className":"Dec15"}],[{"params":{"x":1520,"impulse":3000,"count":40,"y":470,"width":53.2,"stones":false,"height":53.2,"physic":true,"rotation":0,"id":1,"safeId":-1,"radius":64},"className":"Tnt1"},{"params":{"x":6100,"force":5000,"y":1460,"width":100,"rotation":0,"height":99,"safeId":2,"time":1},"className":"BoostE"},{"params":{"speed":1000,"x":6040,"id":-1,"y":430,"width":361,"rotation":0,"height":128,"safeId":-1,"rate":1},"className":"GeyserE"}],null,[{"params":{"rotation":0,"x":450,"height":32,"y":350,"width":64},"className":"PlayerWP"},{"params":{"x":2520,"id":1,"y":810,"width":128,"rotation":0,"height":619},"className":"SafePointE"},{"params":{"x":5760,"id":2,"y":1320,"width":128,"rotation":0,"height":566},"className":"SafePointE"},{"params":{"x":6500,"id":3,"y":380,"width":128,"rotation":0,"height":876},"className":"SafePointE"},{"params":{"x":9790,"id":4,"y":-590,"width":128,"rotation":0,"height":807},"className":"SafePointE"}],[{"params":{"x":830,"id":-1,"y":440,"width":17,"rotation":0,"graphic":0,"height":17,"safeId":-1},"className":"PivotJointE"},{"params":{"rotation":-39,"x":1850,"id":1,"safeId":-1,"id_off":-1,"width":808,"sndId":-1,"off":false,"height":64,"hint":-1,"y":-200},"className":"ToggleE"},{"params":{"rotation":33,"x":3960,"id":2,"safeId":1,"id_off":-1,"width":64,"sndId":-1,"off":false,"height":1224,"hint":-1,"y":1370},"className":"ToggleE"},{"params":{"x":4970,"id":2,"y":2491,"width":17,"rotation":0,"graphic":0,"height":17,"safeId":1},"className":"PivotJointE"}]],"settings":{"countdown":0,"prizes":"28,34,42","theme":3,"gravityY":500}}