{"settings":{"countdown":0,"gravityY":500,"theme":3,"prizes":"26,35,44"},"layers":[[{"params":{"shapeH":19,"type":1,"textureOffset":0,"vertices":[{"x":-5,"y":-1,"length":5.0990195135927845},{"x":179,"y":-21,"length":180.22763384120648},{"x":261,"y":-34,"length":263.20524310887123},{"x":339,"y":-50,"length":342.6674773012461},{"x":419,"y":-75,"length":425.6594883237069},{"x":499,"y":-108,"length":510.5536210820564},{"x":559,"y":-138,"length":575.7820768311567},{"x":614,"y":-168,"length":636.5689279253269},{"x":663,"y":-200,"length":692.5092057149855},{"x":721,"y":-167,"length":740.0878326252905},{"x":792,"y":-127,"length":802.1178217693458},{"x":871,"y":-92,"length":875.8453059758898},{"x":937,"y":-67,"length":939.3923567924107},{"x":997,"y":-50,"length":998.2529739499903},{"x":1060,"y":-34,"length":1060.5451428392853},{"x":1130,"y":-22,"length":1130.2141390019858},{"x":1210,"y":-16,"length":1210.1057805002008},{"x":1323,"y":-8,"length":1323.0241872316622}],"density":"1","textureMode":true,"straightSides":true,"snapToGrid":false,"width":1341,"originOffsetRatio":0,"height":219.55,"stretchTexture":false,"isStatic":true,"physic":true,"id":-1,"rotation":0,"repeatTexture":true,"safeId":-1,"x":8430,"graphic":true,"smoothing":true,"y":-1450,"action":0,"wireframe":false},"className":"frg.game.editor.objects::DynamicPather"},{"params":{"height":542,"x":12770,"y":-1470,"rotation":0,"width":1172},"className":"FinishZone"},{"params":{"isWheel":false,"ignore":false,"layer":6,"vertices":[{"x":0,"y":0,"length":0},{"x":505,"y":0,"length":505},{"x":505,"y":305,"length":589.9576255969577},{"x":405,"y":305,"length":507.0009861923347},{"x":405,"y":105,"length":418.3897704294406},{"x":100,"y":105,"length":145},{"x":100,"y":310,"length":325.7299494980466},{"x":0,"y":310,"length":310}],"density":1,"graphic":true,"rotation":0,"line":true,"x":5730,"safeId":-1,"physic":true,"y":-1150,"rem":true,"plr":false,"isStatic":true,"id":-1},"className":"frg.game.editor.objects::LandscapeShaper"},{"params":{"isWheel":false,"ignore":false,"layer":2,"vertices":[{"x":-2835,"y":-235,"length":2844.7231851271576},{"x":-2115,"y":-226,"length":2127.040432149798},{"x":-1944,"y":-71,"length":1945.2961214169939},{"x":-760,"y":-70,"length":763.2168761236874},{"x":-760,"y":0,"length":760},{"x":1120,"y":0,"length":1120},{"x":1149,"y":-8,"length":1149.0278499670928},{"x":1180,"y":-20,"length":1180.1694793545544},{"x":1208,"y":-41,"length":1208.6955778855154},{"x":1233,"y":-67,"length":1234.819015078728},{"x":1250,"y":-94,"length":1253.52941728545},{"x":1260,"y":-123,"length":1265.9893364479813},{"x":1267,"y":-154,"length":1276.324801921517},{"x":1266,"y":-185,"length":1279.4455830554107},{"x":1258,"y":-221,"length":1277.264655425805},{"x":1242,"y":-256,"length":1268.1088281373961},{"x":965,"y":-635,"length":1155.1839680327978},{"x":965,"y":-660,"length":1169.1129115701358},{"x":980,"y":-660,"length":1181.5244390193543},{"x":980,"y":-645,"length":1173.2114046496479},{"x":1025,"y":-645,"length":1211.053260595916},{"x":1025,"y":-1345,"length":1691.0499696933855},{"x":2250,"y":-1335,"length":2616.2425346286227},{"x":2410,"y":-1230,"length":2705.7346507002494},{"x":3945,"y":-1235,"length":4133.793657162873},{"x":4645,"y":-1855,"length":5001.7047093965875},{"x":8285,"y":-1855,"length":8490.126618608228},{"x":8285,"y":-1805,"length":8479.342545268471},{"x":8340,"y":-1805,"length":8533.090003041103},{"x":8340,"y":-1840,"length":8540.562042395102},{"x":8805,"y":-1840,"length":8995.200108946994},{"x":8805,"y":-1786,"length":8984.309711936694},{"x":8859,"y":-1786,"length":9037.238350292639},{"x":8860,"y":-1825,"length":9046.00602476032},{"x":9325,"y":-1825,"length":9501.907703193081},{"x":9325,"y":-1771,"length":9491.684044467556},{"x":9378,"y":-1771,"length":9543.758431561437},{"x":9379,"y":-1809,"length":9551.864844102432},{"x":10690,"y":-1810,"length":10842.149233431534},{"x":9925,"y":430,"length":9934.310494442983},{"x":2050,"y":320,"length":2074.8252938500627},{"x":-2710,"y":330,"length":2730.0183149568797},{"x":-2710,"y":145,"length":2713.8763789089585}],"density":1,"graphic":true,"rotation":0,"line":true,"x":2525,"safeId":-1,"physic":true,"y":392,"rem":true,"plr":false,"isStatic":true,"id":-1},"className":"frg.game.editor.objects::LandscapeShaper"},{"params":{"vertices":[{"x":-15,"y":-95,"length":96.17692030835673},{"x":2165,"y":-20,"length":2165.0923767821087},{"x":4105,"y":-15,"length":4105.027405511442},{"x":4285,"y":-210,"length":4290.14277151705},{"x":4625,"y":-1205,"length":4779.398497719143},{"x":4745,"y":-1310,"length":4922.5120619456075},{"x":5255,"y":-1310,"length":5415.821728971514},{"x":6485,"y":-1320,"length":6617.977410055129},{"x":7670,"y":-1815,"length":7881.822441542311},{"x":9032,"y":-1821,"length":9213.743267532474},{"x":9490,"y":-2045,"length":9707.838327866817},{"x":10075,"y":-1830,"length":10239.849852414829},{"x":13115,"y":-1815,"length":13239.99433534622}],"shape":false,"camera":true,"textureMode":true,"straightSides":true,"snapToGrid":true,"width":13143,"originOffsetRatio":0,"height":2043,"stretchTexture":false,"rotation":0,"repeatTexture":true,"cameraOffsetY":100,"textureOffset":0,"wireframe":false,"direction":90,"lineId":-1,"x":-410,"physic":false,"y":420,"thick":128,"line":false,"smoothing":true,"directed":false,"isRoad":false},"className":"frg.game.editor.objects::GroundPather"},{"params":{"shapeH":20,"type":0,"textureOffset":0,"vertices":[{"x":0,"y":0,"length":0},{"x":0,"y":-615,"length":615}],"density":"1","textureMode":true,"straightSides":true,"snapToGrid":true,"width":20,"originOffsetRatio":0,"height":628,"stretchTexture":false,"isStatic":false,"physic":true,"id":-1,"rotation":0,"repeatTexture":true,"safeId":1,"x":3523,"graphic":true,"smoothing":true,"y":-640,"action":0,"wireframe":false},"className":"frg.game.editor.objects::DynamicPather"},{"params":{"isWheel":false,"ignore":false,"layer":6,"vertices":[{"x":0,"y":-55,"length":55},{"x":80,"y":-55,"length":97.082439194738},{"x":165,"y":-55,"length":173.92527130926086},{"x":245,"y":-55,"length":251.09759058979438},{"x":335,"y":-55,"length":339.4849039353591},{"x":415,"y":-55,"length":418.6287137786896},{"x":489,"y":-55,"length":492.0833262771662},{"x":580,"y":-55,"length":582.6019224135808},{"x":675,"y":-55,"length":677.2370338367506},{"x":675,"y":20,"length":675.2962312940892},{"x":585,"y":20,"length":585.3417805009309},{"x":555,"y":80,"length":560.7361233236182},{"x":515,"y":80,"length":521.1765535785354},{"x":480,"y":23,"length":480.5507257303853},{"x":425,"y":24,"length":425.677107676699},{"x":395,"y":80,"length":403.01985062773275},{"x":355,"y":80,"length":363.90245945857527},{"x":319,"y":26,"length":320.0578072786227},{"x":266,"y":27,"length":267.36678926149375},{"x":236,"y":81,"length":249.51352668743232},{"x":192,"y":81,"length":208.38665984174708},{"x":160,"y":27,"length":162.2621335986927},{"x":104,"y":28,"length":107.70329614269008},{"x":75,"y":85,"length":113.35784048754634},{"x":30,"y":85,"length":90.13878188659973},{"x":0,"y":35,"length":35}],"density":1,"graphic":true,"rotation":0,"line":true,"x":2394,"safeId":1,"physic":true,"y":-896,"rem":true,"plr":false,"isStatic":false,"id":-1},"className":"frg.game.editor.objects::LandscapeShaper"},{"params":{"isWheel":false,"ignore":false,"layer":6,"vertices":[{"x":0,"y":0,"length":0},{"x":35,"y":-35,"length":49.49747468305833},{"x":95,"y":3,"length":95.04735661763561},{"x":140,"y":-15,"length":140.80127840328723},{"x":156,"y":-85,"length":177.65415840897168},{"x":211,"y":-85,"length":227.477471412006},{"x":222,"y":-15,"length":222.50617968946392},{"x":272,"y":2,"length":272.0073528417936},{"x":329,"y":-35,"length":330.8564643467013},{"x":366,"y":5,"length":366.0341514121326},{"x":331,"y":59,"length":336.21719170797917},{"x":347,"y":105,"length":362.5382738415353},{"x":419,"y":124,"length":436.9633851937711},{"x":418,"y":175,"length":453.15449903978663},{"x":348,"y":189,"length":396.01136347332255},{"x":328,"y":232,"length":401.756144943671},{"x":366,"y":302,"length":474.51027386137804},{"x":330,"y":335,"length":470.2393007820593},{"x":272,"y":293,"length":399.7911955008514},{"x":227,"y":314,"length":387.45967532118743},{"x":205,"y":385,"length":436.1765697512878},{"x":157,"y":384,"length":414.85539649376625},{"x":141,"y":314,"length":344.2048808486016},{"x":99,"y":297,"length":313.06548835666956},{"x":34,"y":332,"length":333.73642294481436},{"x":0,"y":299,"length":299},{"x":37,"y":234,"length":236.90715480964266},{"x":20,"y":192,"length":193.03885619221847},{"x":-50,"y":174,"length":181.0414317221337},{"x":-52,"y":124,"length":134.46189051177288},{"x":17,"y":106,"length":107.35455276791944},{"x":37,"y":64,"length":73.92563831310488}],"density":1,"graphic":true,"rotation":90,"line":true,"x":3153,"safeId":1,"physic":true,"y":-819,"rem":true,"plr":false,"isStatic":false,"id":-1},"className":"frg.game.editor.objects::LandscapeShaper"},{"params":{"isWheel":false,"ignore":false,"layer":6,"vertices":[{"x":0,"y":0,"length":0},{"x":35,"y":-35,"length":49.49747468305833},{"x":95,"y":3,"length":95.04735661763561},{"x":140,"y":-15,"length":140.80127840328723},{"x":156,"y":-85,"length":177.65415840897168},{"x":211,"y":-85,"length":227.477471412006},{"x":222,"y":-15,"length":222.50617968946392},{"x":272,"y":2,"length":272.0073528417936},{"x":329,"y":-35,"length":330.8564643467013},{"x":366,"y":5,"length":366.0341514121326},{"x":331,"y":59,"length":336.21719170797917},{"x":347,"y":105,"length":362.5382738415353},{"x":419,"y":124,"length":436.9633851937711},{"x":418,"y":175,"length":453.15449903978663},{"x":348,"y":189,"length":396.01136347332255},{"x":328,"y":232,"length":401.756144943671},{"x":366,"y":302,"length":474.51027386137804},{"x":330,"y":335,"length":470.2393007820593},{"x":272,"y":293,"length":399.7911955008514},{"x":227,"y":314,"length":387.45967532118743},{"x":205,"y":385,"length":436.1765697512878},{"x":157,"y":384,"length":414.85539649376625},{"x":141,"y":314,"length":344.2048808486016},{"x":99,"y":297,"length":313.06548835666956},{"x":34,"y":332,"length":333.73642294481436},{"x":0,"y":299,"length":299},{"x":37,"y":234,"length":236.90715480964266},{"x":20,"y":192,"length":193.03885619221847},{"x":-50,"y":174,"length":181.0414317221337},{"x":-52,"y":124,"length":134.46189051177288},{"x":17,"y":106,"length":107.35455276791944},{"x":37,"y":64,"length":73.92563831310488}],"density":1,"graphic":true,"rotation":-18,"line":true,"x":479,"safeId":2,"physic":true,"y":-146,"rem":true,"plr":false,"isStatic":false,"id":-1},"className":"frg.game.editor.objects::LandscapeShaper"},{"params":{"isWheel":false,"ignore":false,"layer":6,"vertices":[{"x":0,"y":0,"length":0},{"x":35,"y":-35,"length":49.49747468305833},{"x":95,"y":3,"length":95.04735661763561},{"x":140,"y":-15,"length":140.80127840328723},{"x":156,"y":-85,"length":177.65415840897168},{"x":211,"y":-85,"length":227.477471412006},{"x":222,"y":-15,"length":222.50617968946392},{"x":272,"y":2,"length":272.0073528417936},{"x":329,"y":-35,"length":330.8564643467013},{"x":366,"y":5,"length":366.0341514121326},{"x":331,"y":59,"length":336.21719170797917},{"x":347,"y":105,"length":362.5382738415353},{"x":419,"y":124,"length":436.9633851937711},{"x":418,"y":175,"length":453.15449903978663},{"x":348,"y":189,"length":396.01136347332255},{"x":328,"y":232,"length":401.756144943671},{"x":366,"y":302,"length":474.51027386137804},{"x":330,"y":335,"length":470.2393007820593},{"x":272,"y":293,"length":399.7911955008514},{"x":80,"y":310,"length":320.1562118716424},{"x":-20,"y":410,"length":410.48751503547584},{"x":-50,"y":425,"length":427.93106921559223},{"x":-110,"y":365,"length":381.21516234273787},{"x":-95,"y":330,"length":343.4020966738555},{"x":5,"y":230,"length":230.05434140654683},{"x":37,"y":64,"length":73.92563831310488}],"density":1,"graphic":true,"rotation":-45,"line":true,"x":876,"safeId":2,"physic":true,"y":-19,"rem":true,"plr":false,"isStatic":false,"id":-1},"className":"frg.game.editor.objects::LandscapeShaper"},{"params":{"shapeH":64,"type":5,"textureOffset":0,"vertices":[{"x":0,"y":9,"length":9},{"x":0,"y":-676,"length":676}],"density":"1","textureMode":true,"straightSides":true,"snapToGrid":false,"width":64,"originOffsetRatio":0,"height":698,"stretchTexture":false,"isStatic":true,"physic":true,"id":-1,"rotation":0,"repeatTexture":true,"safeId":-1,"x":3548,"graphic":true,"smoothing":true,"y":-262,"action":0,"wireframe":false},"className":"frg.game.editor.objects::DynamicPather"},{"params":{"shapeH":20,"type":0,"textureOffset":0,"vertices":[{"x":0,"y":0,"length":0},{"x":205,"y":-257,"length":328.7461026384952}],"density":"1","textureMode":true,"straightSides":true,"snapToGrid":false,"width":220.6,"originOffsetRatio":0,"height":270,"stretchTexture":false,"isStatic":false,"physic":true,"id":-1,"rotation":0,"repeatTexture":true,"safeId":2,"x":9110,"graphic":true,"smoothing":true,"y":-1665,"action":0,"wireframe":false},"className":"frg.game.editor.objects::DynamicPather"},{"params":{"shapeH":64,"type":5,"textureOffset":0,"vertices":[{"x":0,"y":0,"length":0},{"x":38,"y":-49,"length":62.00806399170998},{"x":61,"y":-90,"length":108.72442227944924},{"x":80,"y":-129,"length":151.7926216915697},{"x":93,"y":-179,"length":201.71762441591463},{"x":99,"y":-221,"length":242.16110340019515},{"x":101,"y":-271,"length":289.20926679482454},{"x":96,"y":-325,"length":338.88198535773483},{"x":80,"y":-385,"length":393.2238548206352},{"x":59,"y":-433,"length":437.00114416326187},{"x":33,"y":-477,"length":478.1401468189008},{"x":8,"y":-508,"length":508.06298822094885},{"x":-18,"y":-534,"length":534.3032846614365},{"x":-54,"y":-566,"length":568.5701363947987},{"x":-90,"y":-589,"length":595.8363869385622},{"x":-134,"y":-611,"length":625.5213825282074},{"x":-180,"y":-627,"length":652.3258388259659},{"x":-238,"y":-637,"length":680.0095587563458},{"x":-295,"y":-637,"length":701.9928774567446},{"x":-351,"y":-632,"length":722.9280738773394},{"x":-409,"y":-617,"length":740.249957784531},{"x":-456,"y":-596,"length":750.434540782872},{"x":-503,"y":-566,"length":757.2086898603317},{"x":-536,"y":-539,"length":760.1427497516503},{"x":-572,"y":-500,"length":759.7262664933996},{"x":-598,"y":-465,"length":757.5150163528114},{"x":-617,"y":-435,"length":754.9264864872606},{"x":-632,"y":-402,"length":749.0180238151817},{"x":-646,"y":-361,"length":740.0249995777169},{"x":-656,"y":-311,"length":725.9869144826234},{"x":-659,"y":-261,"length":708.8032166969899},{"x":-657,"y":-212,"length":690.3571539427979},{"x":-650,"y":-171,"length":672.1168053247887},{"x":-637,"y":-127,"length":649.5367580052725},{"x":-620,"y":-89,"length":626.3553304634678},{"x":-599,"y":-52,"length":601.2528586210631},{"x":-567,"y":-10,"length":567.0881765651617},{"x":-537,"y":24,"length":537.5360453030104},{"x":-484,"y":78,"length":490.2448367907611}],"density":"1","textureMode":true,"straightSides":true,"snapToGrid":false,"width":824.1,"originOffsetRatio":0,"height":769.4,"stretchTexture":false,"isStatic":true,"physic":true,"id":-1,"rotation":0,"repeatTexture":true,"safeId":-1,"x":9330,"graphic":true,"smoothing":true,"y":-1910,"action":0,"wireframe":false},"className":"frg.game.editor.objects::DynamicPather"},{"params":{"isWheel":false,"ignore":false,"layer":3,"vertices":[{"x":0,"y":0,"length":0},{"x":44,"y":-38,"length":58.137767414994535},{"x":101,"y":-65,"length":120.10828447696687},{"x":160,"y":-73,"length":175.86642658563346},{"x":217,"y":-70,"length":228.01096464863264},{"x":264,"y":-54,"length":269.46613887462746},{"x":301,"y":-30,"length":302.49132218957953},{"x":335,"y":0,"length":335},{"x":369,"y":45,"length":371.7337757051409},{"x":388,"y":96,"length":399.6998874155458},{"x":394,"y":151,"length":421.94430912147635},{"x":387,"y":210,"length":440.30557570850726},{"x":366,"y":260,"length":448.94988584473435},{"x":337,"y":301,"length":451.8517455980446},{"x":291,"y":342,"length":449.0489950996439},{"x":237,"y":366,"length":436.033255612459},{"x":194,"y":378,"length":424.87645263064417},{"x":132,"y":375,"length":397.55376994816686},{"x":78,"y":357,"length":365.4216742340279},{"x":37,"y":332,"length":334.0553846295551},{"x":0,"y":300,"length":300},{"x":-31,"y":255,"length":256.87740266516244},{"x":-51,"y":197,"length":203.49447166937975},{"x":-54,"y":137,"length":147.2582765076381},{"x":-47,"y":83,"length":95.38343671728336},{"x":-27,"y":39,"length":47.43416490252569}],"density":0.3,"graphic":true,"rotation":0,"line":true,"x":10668,"safeId":4,"physic":true,"y":-1840,"rem":true,"plr":false,"isStatic":false,"id":-1},"className":"frg.game.editor.objects::LandscapeShaper"},{"params":{"isWheel":false,"ignore":false,"layer":3,"vertices":[{"x":0,"y":0,"length":0},{"x":44,"y":-38,"length":58.137767414994535},{"x":101,"y":-65,"length":120.10828447696687},{"x":160,"y":-73,"length":175.86642658563346},{"x":217,"y":-70,"length":228.01096464863264},{"x":264,"y":-54,"length":269.46613887462746},{"x":301,"y":-30,"length":302.49132218957953},{"x":335,"y":0,"length":335},{"x":369,"y":45,"length":371.7337757051409},{"x":388,"y":96,"length":399.6998874155458},{"x":394,"y":151,"length":421.94430912147635},{"x":387,"y":210,"length":440.30557570850726},{"x":366,"y":260,"length":448.94988584473435},{"x":337,"y":301,"length":451.8517455980446},{"x":291,"y":342,"length":449.0489950996439},{"x":237,"y":366,"length":436.033255612459},{"x":194,"y":378,"length":424.87645263064417},{"x":132,"y":375,"length":397.55376994816686},{"x":78,"y":357,"length":365.4216742340279},{"x":37,"y":332,"length":334.0553846295551},{"x":0,"y":300,"length":300},{"x":-31,"y":255,"length":256.87740266516244},{"x":-51,"y":197,"length":203.49447166937975},{"x":-54,"y":137,"length":147.2582765076381},{"x":-47,"y":83,"length":95.38343671728336},{"x":-27,"y":39,"length":47.43416490252569}],"density":0.3,"graphic":true,"rotation":0,"line":true,"x":11186,"safeId":4,"physic":true,"y":-1825,"rem":true,"plr":false,"isStatic":false,"id":-1},"className":"frg.game.editor.objects::LandscapeShaper"},{"params":{"isWheel":false,"ignore":false,"layer":3,"vertices":[{"x":0,"y":0,"length":0},{"x":44,"y":-38,"length":58.137767414994535},{"x":101,"y":-65,"length":120.10828447696687},{"x":160,"y":-73,"length":175.86642658563346},{"x":217,"y":-70,"length":228.01096464863264},{"x":264,"y":-54,"length":269.46613887462746},{"x":301,"y":-30,"length":302.49132218957953},{"x":335,"y":0,"length":335},{"x":369,"y":45,"length":371.7337757051409},{"x":388,"y":96,"length":399.6998874155458},{"x":394,"y":151,"length":421.94430912147635},{"x":387,"y":210,"length":440.30557570850726},{"x":366,"y":260,"length":448.94988584473435},{"x":337,"y":301,"length":451.8517455980446},{"x":291,"y":342,"length":449.0489950996439},{"x":237,"y":366,"length":436.033255612459},{"x":194,"y":378,"length":424.87645263064417},{"x":132,"y":375,"length":397.55376994816686},{"x":78,"y":357,"length":365.4216742340279},{"x":37,"y":332,"length":334.0553846295551},{"x":0,"y":300,"length":300},{"x":-31,"y":255,"length":256.87740266516244},{"x":-51,"y":197,"length":203.49447166937975},{"x":-54,"y":137,"length":147.2582765076381},{"x":-47,"y":83,"length":95.38343671728336},{"x":-27,"y":39,"length":47.43416490252569}],"density":0.3,"graphic":true,"rotation":0,"line":true,"x":11706,"safeId":4,"physic":true,"y":-1810,"rem":true,"plr":false,"isStatic":false,"id":-1},"className":"frg.game.editor.objects::LandscapeShaper"},{"params":{"shapeH":19,"type":1,"textureOffset":0,"vertices":[{"x":5,"y":-5,"length":7.0710678118654755},{"x":314,"y":-9,"length":314.1289544120376},{"x":315,"y":470,"length":565.795899596312},{"x":365,"y":525,"length":639.4137940332536},{"x":765,"y":530,"length":930.658369112963},{"x":780,"y":505,"length":929.2066508586774},{"x":575,"y":230,"length":619.293952820468},{"x":575,"y":-450,"length":730.1540933255117}],"density":"1","textureMode":true,"straightSides":true,"snapToGrid":true,"width":792.9,"originOffsetRatio":0,"height":996.05,"stretchTexture":false,"isStatic":true,"physic":true,"id":-1,"rotation":0,"repeatTexture":true,"safeId":-1,"x":2690,"graphic":true,"smoothing":true,"y":-360,"action":0,"wireframe":false},"className":"frg.game.editor.objects::DynamicPather"},{"params":{"height":21.75,"x":5224,"safeId":1,"id":41,"active":true,"y":-1029,"rotation":-12,"width":86},"className":"PlankCandy"},{"params":{"height":21.75,"x":5702,"safeId":1,"id":41,"active":true,"y":-1130,"rotation":-12,"width":86},"className":"PlankCandy"},{"params":{"height":21.75,"x":5155,"safeId":1,"id":41,"active":true,"y":-1013,"rotation":-12,"width":86},"className":"PlankCandy"},{"params":{"height":21.75,"x":5018,"safeId":1,"id":41,"active":true,"y":-984,"rotation":-12,"width":86},"className":"PlankCandy"},{"params":{"height":21.75,"x":5634,"safeId":1,"id":41,"active":true,"y":-1114,"rotation":-12,"width":86},"className":"PlankCandy"},{"params":{"height":21.75,"x":4949,"safeId":1,"id":41,"active":true,"y":-970,"rotation":-12,"width":86},"className":"PlankCandy"},{"params":{"height":21.75,"x":5566,"safeId":1,"id":41,"active":true,"y":-1100,"rotation":-12,"width":86},"className":"PlankCandy"},{"params":{"height":21.75,"x":4813,"safeId":1,"id":41,"active":true,"y":-941,"rotation":-12,"width":86},"className":"PlankCandy"},{"params":{"height":21.75,"x":4882,"safeId":1,"id":41,"active":true,"y":-955,"rotation":-12,"width":86},"className":"PlankCandy"},{"params":{"height":21.75,"x":5497,"safeId":1,"id":41,"active":true,"y":-1085,"rotation":-12,"width":86},"className":"PlankCandy"},{"params":{"height":21.75,"x":5361,"safeId":1,"id":41,"active":true,"y":-1056,"rotation":-12,"width":86},"className":"PlankCandy"},{"params":{"height":21.75,"x":5429,"safeId":1,"id":41,"active":true,"y":-1071,"rotation":-12,"width":86},"className":"PlankCandy"},{"params":{"height":21.75,"x":5086,"safeId":1,"id":41,"active":true,"y":-999,"rotation":-12,"width":86},"className":"PlankCandy"},{"params":{"height":21.75,"x":5293,"safeId":1,"id":41,"active":true,"y":-1042,"rotation":-12,"width":86},"className":"PlankCandy"},{"params":{"height":21.75,"x":6662,"safeId":1,"id":42,"active":true,"y":-1281,"rotation":-18,"width":86},"className":"PlankCandy"},{"params":{"height":21.75,"x":7127,"safeId":1,"id":42,"active":true,"y":-1431,"rotation":-18,"width":86},"className":"PlankCandy"},{"params":{"height":21.75,"x":6595,"safeId":1,"id":42,"active":true,"y":-1258,"rotation":-18,"width":86},"className":"PlankCandy"},{"params":{"height":21.75,"x":6462,"safeId":1,"id":42,"active":true,"y":-1215,"rotation":-18,"width":86},"className":"PlankCandy"},{"params":{"height":21.75,"x":7061,"safeId":1,"id":42,"active":true,"y":-1409,"rotation":-18,"width":86},"className":"PlankCandy"},{"params":{"height":21.75,"x":6395,"safeId":1,"id":42,"active":true,"y":-1194,"rotation":-18,"width":86},"className":"PlankCandy"},{"params":{"height":21.75,"x":6995,"safeId":1,"id":42,"active":true,"y":-1388,"rotation":-18,"width":86},"className":"PlankCandy"},{"params":{"height":21.75,"x":6262,"safeId":1,"id":42,"active":true,"y":-1151,"rotation":-18,"width":86},"className":"PlankCandy"},{"params":{"height":21.75,"x":6329,"safeId":1,"id":42,"active":true,"y":-1172,"rotation":-18,"width":86},"className":"PlankCandy"},{"params":{"height":21.75,"x":6928,"safeId":1,"id":42,"active":true,"y":-1366,"rotation":-18,"width":86},"className":"PlankCandy"},{"params":{"height":21.75,"x":6795,"safeId":1,"id":42,"active":true,"y":-1323,"rotation":-18,"width":86},"className":"PlankCandy"},{"params":{"height":21.75,"x":6862,"safeId":1,"id":42,"active":true,"y":-1344,"rotation":-18,"width":86},"className":"PlankCandy"},{"params":{"height":21.75,"x":6528,"safeId":1,"id":42,"active":true,"y":-1237,"rotation":-18,"width":86},"className":"PlankCandy"},{"params":{"height":21.75,"x":6729,"safeId":1,"id":42,"active":true,"y":-1301,"rotation":-18,"width":86},"className":"PlankCandy"},{"params":{"isWheel":false,"ignore":false,"layer":2,"vertices":[{"x":-3100,"y":-1000,"length":3257.299494980466},{"x":480,"y":-3464,"length":3497.09822567225},{"x":7210,"y":-3502,"length":8015.491500837612},{"x":8470,"y":-3645,"length":9221.004554819394},{"x":9980,"y":-3205,"length":10482.004817781759},{"x":10710,"y":-2030,"length":10900.688051678206},{"x":9585,"y":-2040,"length":9799.684943915288},{"x":9585,"y":-2470,"length":9898.137451056133},{"x":9120,"y":-2470,"length":9448.56073695883},{"x":9120,"y":-2040,"length":9345.373186770017},{"x":9060,"y":-2040,"length":9286.829383594812},{"x":9060,"y":-2470,"length":9390.660253677586},{"x":8595,"y":-2470,"length":8942.87006502946},{"x":8595,"y":-2025,"length":8830.325588561273},{"x":8540,"y":-2025,"length":8776.80038510618},{"x":8540,"y":-2390,"length":8868.128325638956},{"x":8495,"y":-2445,"length":8839.855768054138},{"x":8455,"y":-2470,"length":8808.400819672093},{"x":8395,"y":-2495,"length":8757.913564314276},{"x":8330,"y":-2505,"length":8698.501307696632},{"x":8255,"y":-2500,"length":8625.255068692171},{"x":8210,"y":-2480,"length":8576.392015294077},{"x":8165,"y":-2455,"length":8526.092305388207},{"x":8135,"y":-2425,"length":8488.748435429101},{"x":8110,"y":-2395,"length":8456.247690317497},{"x":8085,"y":-2350,"length":8419.603612997467},{"x":8080,"y":-2050,"length":8336.000239923222},{"x":7180,"y":-2045,"length":7465.5492095357595},{"x":7074,"y":-2068,"length":7370.0814106765465},{"x":6981,"y":-2100,"length":7290.017901212589},{"x":6901,"y":-2132,"length":7222.826662740841},{"x":6832,"y":-2171,"length":7168.644572023361},{"x":6747,"y":-2233,"length":7106.919023036635},{"x":6771,"y":-2260,"length":7138.209929667241},{"x":6808,"y":-2233,"length":7164.855406775492},{"x":6841,"y":-2275,"length":7209.36238512117},{"x":6814,"y":-2298,"length":7191.06389903469},{"x":6854,"y":-2351,"length":7246.000069003588},{"x":6879,"y":-2401,"length":7285.975706794527},{"x":6899,"y":-2456,"length":7323.123445634383},{"x":6910,"y":-2512,"length":7352.431162547528},{"x":6912,"y":-2572,"length":7375.020542344272},{"x":6909,"y":-2628,"length":7391.932426639194},{"x":6893,"y":-2690,"length":7399.293817655845},{"x":6869,"y":-2739,"length":7394.949763182979},{"x":6845,"y":-2779,"length":7387.615718213827},{"x":6813,"y":-2820,"length":7373.558774431787},{"x":6772,"y":-2860,"length":7351.162085003975},{"x":6737,"y":-2885,"length":7328.737544761717},{"x":6695,"y":-2910,"length":7300.077054387851},{"x":6654,"y":-2927,"length":7269.3221829824},{"x":6599,"y":-2941,"length":7224.699440115139},{"x":6553,"y":-2947,"length":7185.166525558054},{"x":6504,"y":-2946,"length":7140.093276701643},{"x":6457,"y":-2941,"length":7095.232906677553},{"x":6404,"y":-2930,"length":7042.450993794703},{"x":6363,"y":-2911,"length":6997.263036359288},{"x":6327,"y":-2891,"length":6956.206581176267},{"x":6293,"y":-2870,"length":6916.556151727535},{"x":6258,"y":-2840,"length":6872.275023600263},{"x":6228,"y":-2809,"length":6832.164005642721},{"x":6201,"y":-2775,"length":6793.601842910725},{"x":6178,"y":-2734,"length":6755.918886428403},{"x":6160,"y":-2692,"length":6722.534046027584},{"x":6147,"y":-2647,"length":6692.698857710542},{"x":6139,"y":-2595,"length":6664.934058188423},{"x":6138,"y":-2552,"length":6647.38655412787},{"x":6142,"y":-2504,"length":6632.810867196501},{"x":6148,"y":-2460,"length":6621.895801052747},{"x":6164,"y":-2415,"length":6620.205510405247},{"x":6181,"y":-2378,"length":6622.661474060108},{"x":6208,"y":-2335,"length":6632.608008920774},{"x":6233,"y":-2302,"length":6644.508484455415},{"x":6268,"y":-2266,"length":6665.026631604708},{"x":6327,"y":-2226,"length":6707.160725672227},{"x":6320,"y":-2214,"length":6696.580918647964},{"x":6259,"y":-2214,"length":6639.041873644118},{"x":4601,"y":-2221,"length":5109.0157564838255},{"x":4477,"y":-2253,"length":5011.939544727171},{"x":4255,"y":-2295,"length":4834.464810090151},{"x":4080,"y":-2308,"length":4687.564826218407},{"x":3905,"y":-2312,"length":4538.101915999684},{"x":3726,"y":-2302,"length":4379.757984181318},{"x":3556,"y":-2282,"length":4225.2408215390515},{"x":3370,"y":-2250,"length":4052.085882604168},{"x":3221,"y":-2208,"length":3905.138281802579},{"x":3075,"y":-2157,"length":3756.0982415267044},{"x":2932,"y":-2098,"length":3605.305534902694},{"x":2777,"y":-2017,"length":3432.2030825695615},{"x":2642,"y":-1935,"length":3274.81129227319},{"x":2518,"y":-1848,"length":3123.368053880298},{"x":2385,"y":-1746,"length":2955.797861830203},{"x":2268,"y":-1631,"length":2793.5613470980015},{"x":1345,"y":-1631,"length":2114.044938027572},{"x":1312,"y":-1696,"length":2144.238792672122},{"x":1267,"y":-1758,"length":2166.9916935696824},{"x":1226,"y":-1801,"length":2178.6869899092894},{"x":1171,"y":-1847,"length":2186.9270678282805},{"x":1111,"y":-1880,"length":2183.7401402181536},{"x":1028,"y":-1907,"length":2166.433243836514},{"x":948,"y":-1923,"length":2143.975979343052},{"x":867,"y":-1922,"length":2108.5001778515457},{"x":795,"y":-1909,"length":2067.9231126906047},{"x":737,"y":-1890,"length":2028.6125800654988},{"x":681,"y":-1861,"length":1981.6866553519505},{"x":627,"y":-1823,"length":1927.8117127976996},{"x":583,"y":-1784,"length":1876.8444261579061},{"x":545,"y":-1740,"length":1823.3554233884297},{"x":515,"y":-1690,"length":1766.7272002207924},{"x":490,"y":-1641,"length":1712.5948148934704},{"x":472,"y":-1589,"length":1657.6202822118219},{"x":461,"y":-1538,"length":1605.604247627665},{"x":455,"y":-1478,"length":1546.450451841248},{"x":460,"y":-1419,"length":1491.6973553640162},{"x":470,"y":-1364,"length":1442.7044049284664},{"x":-142,"y":-1357,"length":1364.40939603918},{"x":-144,"y":-1262,"length":1270.188962320174},{"x":-98,"y":-1186,"length":1190.0420160649792},{"x":195,"y":-1186,"length":1201.923874461274},{"x":198,"y":-902,"length":923.4760419198757},{"x":198,"y":-832,"length":855.2356400431404},{"x":185,"y":-779,"length":800.6659728001434},{"x":160,"y":-724,"length":741.4688125605824},{"x":132,"y":-683,"length":695.6385555732229},{"x":74,"y":-730,"length":733.7410987535045},{"x":32,"y":-758,"length":758.6751610537938},{"x":-30,"y":-796,"length":796.565126025487},{"x":-105,"y":-830,"length":836.6152042605968},{"x":-184,"y":-857,"length":876.5300907555884},{"x":-280,"y":-876,"length":919.6608070370293},{"x":-385,"y":-885,"length":965.1165732697787},{"x":-492,"y":-882,"length":1009.9445529334766},{"x":-594,"y":-870,"length":1053.4400789793408},{"x":-694,"y":-844,"length":1092.6902580328974},{"x":-794,"y":-798,"length":1125.7175489437836},{"x":-866,"y":-752,"length":1146.935046112028},{"x":-936,"y":-705,"length":1171.802457754719},{"x":-982,"y":-665,"length":1185.9801853319473},{"x":-1032,"y":-615,"length":1201.3529872606136},{"x":-1079,"y":-559,"length":1215.2045095373865},{"x":-1112,"y":-516,"length":1225.8874336577564},{"x":-1145,"y":-440,"length":1226.6315665268035},{"x":-1160,"y":-530,"length":1275.3430910935301},{"x":-1190,"y":-605,"length":1334.9625462910935},{"x":-1240,"y":-670,"length":1409.432509913121},{"x":-1295,"y":-710,"length":1476.863229957331},{"x":-1355,"y":-735,"length":1541.5090009467995},{"x":-1410,"y":-745,"length":1594.7178433817062},{"x":-1485,"y":-735,"length":1656.9399506318869},{"x":-1545,"y":-715,"length":1702.4247413615676},{"x":-1585,"y":-695,"length":1730.6790574800402},{"x":-1618,"y":-668,"length":1750.4707938151953},{"x":-1652,"y":-697,"length":1793.0178470946685},{"x":-1694,"y":-722,"length":1841.445084709289},{"x":-1753,"y":-742,"length":1903.5684910189073},{"x":-1810,"y":-748,"length":1958.469810847234},{"x":-1870,"y":-746,"length":2013.3097128857248},{"x":-1924,"y":-732,"length":2058.54317418897},{"x":-1969,"y":-711,"length":2093.437842401823},{"x":-2016,"y":-676,"length":2126.318884833599},{"x":-2046,"y":-646,"length":2145.5609988998217},{"x":-2079,"y":-599,"length":2163.571584209776},{"x":-2100,"y":-554,"length":2171.846219233765},{"x":-2112,"y":-502,"length":2170.8403902636414},{"x":-2115,"y":-226,"length":2127.040432149798},{"x":-2835,"y":-215,"length":2843.140868827994}],"density":1,"graphic":true,"rotation":0,"line":true,"x":2525,"safeId":-1,"physic":true,"y":392,"rem":true,"plr":false,"isStatic":true,"id":-1},"className":"frg.game.editor.objects::LandscapeShaper"},{"params":{"shapeH":64,"type":5,"textureOffset":0,"vertices":[{"x":0,"y":0,"length":0},{"x":1541,"y":-2,"length":1541.0012978579869}],"density":"1","textureMode":true,"straightSides":true,"snapToGrid":false,"width":1554,"originOffsetRatio":0,"height":66,"stretchTexture":false,"isStatic":true,"physic":true,"id":-1,"rotation":0,"repeatTexture":true,"safeId":-1,"x":4930,"graphic":true,"smoothing":true,"y":-848,"action":0,"wireframe":false},"className":"frg.game.editor.objects::DynamicPather"}],[{"params":{"height":97.35,"x":3190,"y":344,"rotation":0,"scaleX":1,"scaleY":0.7584729255940786,"width":9.3},"className":"SignPillar"},{"params":{"height":128.35,"x":4022,"y":-1011,"rotation":0,"scaleX":1,"scaleY":1,"width":9.3},"className":"SignPillar"},{"params":{"height":128.35,"x":7700,"y":-1524,"rotation":0,"scaleX":1,"scaleY":1,"width":9.3},"className":"SignPillar"},{"params":{"height":100.35,"x":10140,"y":-1510,"rotation":0,"scaleX":1,"scaleY":0.781846513439813,"width":9.3},"className":"SignPillar"},{"params":{"height":128.35,"x":1712,"y":262,"rotation":0,"scaleX":1,"scaleY":1,"width":9.3},"className":"SignPillar"},{"params":{"height":90.05,"x":1713,"y":180,"rotation":0,"width":102},"className":"Sign21"},{"params":{"height":132.25,"x":1680,"y":200,"rotation":0,"scaleX":1,"scaleY":1,"width":87.85},"className":"Dec15"},{"params":{"height":238.5,"x":2840,"y":270,"rotation":0,"scaleX":1,"scaleY":1,"width":118.55},"className":"Dec16"},{"params":{"height":331.2,"x":4350,"y":-1060,"rotation":0,"scaleX":1,"scaleY":1,"width":264},"className":"Dec14"},{"params":{"height":240.35,"x":7870,"y":-1580,"rotation":27,"scaleX":1,"scaleY":1,"width":139.45},"className":"Dec13"},{"params":{"height":238.5,"x":7840,"y":-1580,"rotation":-21,"scaleX":1,"scaleY":1,"width":118.55},"className":"Dec16"},{"params":{"height":132.25,"x":10110,"y":-1580,"rotation":0,"scaleX":1,"scaleY":1,"width":87.85},"className":"Dec15"},{"params":{"height":132.25,"x":3980,"y":-1080,"rotation":0,"scaleX":1,"scaleY":1,"width":87.85},"className":"Dec15"}],[{"params":{"height":18,"x":9338,"safeId":43,"y":-1953,"rotation":-54.00000000000001,"width":66,"ttl":0.5},"className":"GlassCrashed1"},{"params":{"height":18,"x":9367,"safeId":43,"y":-1995,"rotation":-60.99999999999999,"width":66,"ttl":0.5},"className":"GlassCrashed1"},{"params":{"height":18,"x":9392,"safeId":43,"y":-2052,"rotation":-72,"width":66,"ttl":0.5},"className":"GlassCrashed1"},{"params":{"height":18,"x":9407,"safeId":43,"y":-2113,"rotation":-81.99999999999999,"width":66,"ttl":0.5},"className":"GlassCrashed1"},{"params":{"height":18,"x":9411,"safeId":43,"y":-2175,"rotation":-91,"width":66,"ttl":0.5},"className":"GlassCrashed1"},{"params":{"height":18,"x":9405,"safeId":43,"y":-2237,"rotation":-101,"width":66,"ttl":0.5},"className":"GlassCrashed1"},{"params":{"height":18,"x":9388,"safeId":43,"y":-2298,"rotation":-110.99999999999994,"width":66,"ttl":0.5},"className":"GlassCrashed1"},{"params":{"height":18,"x":9360,"safeId":43,"y":-2354,"rotation":-121.99999999999991,"width":66,"ttl":0.5},"className":"GlassCrashed1"},{"params":{"height":18,"x":9323,"safeId":43,"y":-2404,"rotation":-131.99999999999994,"width":66,"ttl":0.5},"className":"GlassCrashed1"},{"params":{"height":18,"x":9278,"safeId":43,"y":-2448,"rotation":-140,"width":66,"ttl":0.5},"className":"GlassCrashed1"},{"params":{"height":18,"x":9226,"safeId":43,"y":-2484,"rotation":-151,"width":66,"ttl":0.5},"className":"GlassCrashed1"},{"params":{"height":18,"x":9168,"safeId":43,"y":-2510,"rotation":-162,"width":66,"ttl":0.5},"className":"GlassCrashed1"},{"params":{"height":18,"x":9107,"safeId":43,"y":-2524,"rotation":-172.00000000000006,"width":66,"ttl":0.5},"className":"GlassCrashed1"},{"params":{"height":18,"x":9045,"safeId":43,"y":-2528,"rotation":179,"width":66,"ttl":0.5},"className":"GlassCrashed1"},{"params":{"height":18,"x":8983,"safeId":43,"y":-2522,"rotation":170.00000000000006,"width":66,"ttl":0.5},"className":"GlassCrashed1"},{"params":{"height":18,"x":8922,"safeId":43,"y":-2506,"rotation":160.00000000000006,"width":66,"ttl":0.5},"className":"GlassCrashed1"},{"params":{"height":18,"x":8866,"safeId":43,"y":-2479,"rotation":149.00000000000006,"width":66,"ttl":0.5},"className":"GlassCrashed1"},{"params":{"height":18,"x":8815,"safeId":43,"y":-2441,"rotation":138,"width":66,"ttl":0.5},"className":"GlassCrashed1"},{"params":{"height":18,"x":8772,"safeId":43,"y":-2396,"rotation":130,"width":66,"ttl":0.5},"className":"GlassCrashed1"},{"params":{"height":18,"x":8736,"safeId":43,"y":-2345,"rotation":120,"width":66,"ttl":0.5},"className":"GlassCrashed1"},{"params":{"height":18,"x":8710,"safeId":43,"y":-2290,"rotation":109.00000000000009,"width":66,"ttl":0.5},"className":"GlassCrashed1"},{"params":{"height":18,"x":8695,"safeId":43,"y":-2229,"rotation":99.00000000000009,"width":66,"ttl":0.5},"className":"GlassCrashed1"},{"params":{"height":18,"x":8690,"safeId":43,"y":-2166,"rotation":89.00000000000006,"width":66,"ttl":0.5},"className":"GlassCrashed1"},{"params":{"height":18,"x":8696,"safeId":43,"y":-2103,"rotation":80,"width":66,"ttl":0.5},"className":"GlassCrashed1"},{"params":{"height":18,"x":8712,"safeId":43,"y":-2042,"rotation":70,"width":66,"ttl":0.5},"className":"GlassCrashed1"},{"params":{"height":18,"x":8740,"safeId":43,"y":-1984,"rotation":58.99999999999999,"width":66,"ttl":0.5},"className":"GlassCrashed1"},{"params":{"height":18,"x":8778,"safeId":43,"y":-1933,"rotation":47.99999999999995,"width":66,"ttl":0.5},"className":"GlassCrashed1"},{"params":{"height":18,"x":8824,"safeId":43,"y":-1888,"rotation":41,"width":66,"ttl":0.5},"className":"GlassCrashed1"},{"params":{"impulse":1000,"count":12,"radius":64,"width":53.2,"height":53.2,"x":2695,"safeId":-1,"physic":true,"y":366,"rotation":0,"stones":false,"id":14},"className":"Tnt1"},{"params":{"type":0,"x":2640,"safeId":-1,"id":32,"active":false,"height":72,"y":335,"rotation":90,"width":12.3},"className":"Removed0"},{"params":{"type":0,"x":2698,"safeId":-1,"id":32,"active":false,"height":48,"y":335,"rotation":90.00000000000006,"width":13.1},"className":"Removed1"},{"params":{"impulse":1000,"count":12,"radius":64,"width":53.2,"height":53.2,"x":2625,"safeId":-1,"physic":true,"y":366,"rotation":0,"stones":false,"id":13},"className":"Tnt1"},{"params":{"impulse":1000,"count":12,"radius":64,"width":53.2,"height":53.2,"x":2555,"safeId":-1,"physic":true,"y":366,"rotation":0,"stones":false,"id":12},"className":"Tnt1"},{"params":{"type":0,"x":2570,"safeId":-1,"id":32,"active":false,"height":72,"y":335,"rotation":90,"width":12.3},"className":"Removed0"},{"params":{"type":0,"x":2500,"safeId":-1,"id":32,"active":false,"height":72,"y":335,"rotation":90,"width":12.3},"className":"Removed0"},{"params":{"impulse":1000,"count":12,"radius":64,"width":53.2,"height":53.2,"x":2485,"safeId":-1,"physic":true,"y":366,"rotation":0,"stones":false,"id":11},"className":"Tnt1"},{"params":{"type":0,"x":2430,"safeId":-1,"id":32,"active":false,"height":72,"y":335,"rotation":90,"width":12.3},"className":"Removed0"},{"params":{"impulse":1000,"count":12,"radius":64,"width":53.2,"height":53.2,"x":2415,"safeId":-1,"physic":true,"y":366,"rotation":0,"stones":false,"id":10},"className":"Tnt1"},{"params":{"type":0,"x":2360,"safeId":-1,"id":32,"active":false,"height":72,"y":335,"rotation":90,"width":12.3},"className":"Removed0"},{"params":{"impulse":1000,"count":12,"radius":64,"width":53.2,"height":53.2,"x":2345,"safeId":-1,"physic":true,"y":366,"rotation":0,"stones":false,"id":9},"className":"Tnt1"},{"params":{"type":0,"x":2290,"safeId":-1,"id":32,"active":false,"height":72,"y":335,"rotation":90,"width":12.3},"className":"Removed0"},{"params":{"impulse":1000,"count":12,"radius":64,"width":53.2,"height":53.2,"x":2275,"safeId":-1,"physic":true,"y":366,"rotation":0,"stones":false,"id":8},"className":"Tnt1"},{"params":{"type":0,"x":2220,"safeId":-1,"id":32,"active":false,"height":72,"y":335,"rotation":90,"width":12.3},"className":"Removed0"},{"params":{"impulse":1000,"count":12,"radius":64,"width":53.2,"height":53.2,"x":2205,"safeId":-1,"physic":true,"y":366,"rotation":0,"stones":false,"id":7},"className":"Tnt1"},{"params":{"type":0,"x":2150,"safeId":-1,"id":32,"active":false,"height":72,"y":335,"rotation":90,"width":12.3},"className":"Removed0"},{"params":{"impulse":1000,"count":12,"radius":64,"width":53.2,"height":53.2,"x":2135,"safeId":-1,"physic":true,"y":366,"rotation":0,"stones":false,"id":6},"className":"Tnt1"},{"params":{"type":0,"x":2080,"safeId":-1,"id":32,"active":false,"height":72,"y":335,"rotation":90,"width":12.3},"className":"Removed0"},{"params":{"impulse":1000,"count":12,"radius":64,"width":53.2,"height":53.2,"x":2065,"safeId":-1,"physic":true,"y":366,"rotation":0,"stones":false,"id":5},"className":"Tnt1"},{"params":{"type":0,"x":2010,"safeId":-1,"id":32,"active":false,"height":72,"y":335,"rotation":90,"width":12.3},"className":"Removed0"},{"params":{"impulse":1000,"count":12,"radius":64,"width":53.2,"height":53.2,"x":1995,"safeId":-1,"physic":true,"y":366,"rotation":0,"stones":false,"id":4},"className":"Tnt1"},{"params":{"type":0,"x":1940,"safeId":-1,"id":32,"active":false,"height":72,"y":335,"rotation":90,"width":12.3},"className":"Removed0"},{"params":{"impulse":1000,"count":12,"radius":64,"width":53.2,"height":53.2,"x":1925,"safeId":-1,"physic":true,"y":366,"rotation":0,"stones":false,"id":3},"className":"Tnt1"},{"params":{"type":0,"x":1870,"safeId":-1,"id":32,"active":false,"height":72,"y":335,"rotation":90,"width":12.3},"className":"Removed0"},{"params":{"impulse":1000,"count":12,"radius":64,"width":53.2,"height":53.2,"x":1855,"safeId":-1,"physic":true,"y":366,"rotation":0,"stones":false,"id":2},"className":"Tnt1"},{"params":{"type":0,"x":1800,"safeId":-1,"id":32,"active":false,"height":72,"y":335,"rotation":90,"width":12.3},"className":"Removed0"},{"params":{"impulse":1000,"count":12,"radius":64,"width":53.2,"height":53.2,"x":1791,"safeId":-1,"physic":true,"y":366,"rotation":0,"stones":false,"id":1},"className":"Tnt1"},{"params":{"rate":1,"height":154,"x":3385,"safeId":1,"id":-1,"rotation":0,"speed":900,"y":-320,"width":221},"className":"GeyserE"},{"params":{"rate":1,"height":154,"x":3435,"safeId":1,"id":-1,"rotation":-36,"speed":1000,"y":-100,"width":221},"className":"GeyserE"},{"params":{"rate":1,"height":154,"x":3535,"safeId":1,"id":-1,"rotation":-36,"speed":1000,"y":40,"width":221},"className":"GeyserE"},{"params":{"rate":1,"height":154,"x":3385,"safeId":1,"id":-1,"rotation":0,"speed":900,"y":-490,"width":221},"className":"GeyserE"},{"params":{"rate":1,"height":154,"x":3385,"safeId":1,"id":-1,"rotation":0,"speed":900,"y":-660,"width":221},"className":"GeyserE"},{"params":{"type":0,"x":5884,"safeId":2,"id":22,"active":false,"height":72,"y":-1184,"rotation":0,"width":12.3},"className":"Removed0"},{"params":{"type":0,"x":5949,"safeId":2,"id":22,"active":false,"height":72,"y":-1184,"rotation":0,"width":12.3},"className":"Removed0"},{"params":{"type":0,"x":5914,"safeId":2,"id":22,"active":false,"height":72,"y":-1224,"rotation":90.00000000000006,"width":12.3},"className":"Removed0"},{"params":{"type":0,"x":6019,"safeId":2,"id":22,"active":false,"height":72,"y":-1184,"rotation":0,"width":12.3},"className":"Removed0"},{"params":{"type":0,"x":5984,"safeId":2,"id":22,"active":false,"height":72,"y":-1224,"rotation":90.00000000000006,"width":12.3},"className":"Removed0"},{"params":{"type":0,"x":6083,"safeId":2,"id":22,"active":false,"height":72,"y":-1184,"rotation":0,"width":12.3},"className":"Removed0"},{"params":{"type":0,"x":6054,"safeId":2,"id":22,"active":false,"height":72,"y":-1224,"rotation":90.00000000000006,"width":12.3},"className":"Removed0"},{"params":{"type":0,"x":5918,"safeId":2,"id":22,"active":false,"height":72,"y":-1264,"rotation":0,"width":12.3},"className":"Removed0"},{"params":{"type":0,"x":5948,"safeId":2,"id":22,"active":false,"height":72,"y":-1304,"rotation":90.00000000000006,"width":12.3},"className":"Removed0"},{"params":{"type":0,"x":5983,"safeId":2,"id":22,"active":false,"height":72,"y":-1264,"rotation":0,"width":12.3},"className":"Removed0"},{"params":{"type":0,"x":6018,"safeId":2,"id":22,"active":false,"height":72,"y":-1304,"rotation":90.00000000000006,"width":12.3},"className":"Removed0"},{"params":{"type":0,"x":6048,"safeId":2,"id":22,"active":false,"height":72,"y":-1264,"rotation":0,"width":12.3},"className":"Removed0"},{"params":{"type":0,"x":5984,"safeId":2,"id":22,"active":false,"height":72,"y":-1314,"rotation":90.00000000000006,"width":12.3},"className":"Removed0"},{"params":{"type":0,"x":5949,"safeId":2,"id":22,"active":false,"height":72,"y":-1354,"rotation":0,"width":12.3},"className":"Removed0"},{"params":{"type":0,"x":6019,"safeId":2,"id":22,"active":false,"height":72,"y":-1354,"rotation":0,"width":12.3},"className":"Removed0"},{"params":{"type":0,"x":5984,"safeId":2,"id":22,"active":false,"height":72,"y":-1394,"rotation":90.00000000000006,"width":12.3},"className":"Removed0"},{"params":{"impulse":3000,"count":25,"radius":64,"width":53.2,"height":53.2,"x":9329,"safeId":3,"physic":true,"y":-1879,"rotation":39,"stones":false,"id":45},"className":"Tnt1"},{"params":{"impulse":10000,"count":20,"radius":64,"width":53.2,"height":53.2,"x":10839,"safeId":4,"physic":true,"y":-1436,"rotation":0,"stones":true,"id":51},"className":"Tnt1"},{"params":{"impulse":10000,"count":20,"radius":64,"width":53.2,"height":53.2,"x":11357,"safeId":4,"physic":true,"y":-1421,"rotation":0,"stones":true,"id":52},"className":"Tnt1"},{"params":{"impulse":10000,"count":20,"radius":64,"width":53.2,"height":53.2,"x":11877,"safeId":4,"physic":true,"y":-1406,"rotation":0,"stones":true,"id":53},"className":"Tnt1"}],null,[{"params":{"height":32,"x":630,"y":250,"rotation":0,"width":64},"className":"PlayerWP"},{"params":{"height":505,"x":3190,"y":300,"width":128,"id":1,"rotation":0},"className":"SafePointE"},{"params":{"height":815,"x":4020,"y":-1080,"width":128,"id":2,"rotation":0},"className":"SafePointE"},{"params":{"height":635,"x":7700,"y":-1590,"width":128,"id":3,"rotation":0},"className":"SafePointE"},{"params":{"height":352,"x":10140,"y":-1570,"width":128,"id":4,"rotation":0},"className":"SafePointE"}],[{"params":{"height":17,"x":3004,"safeId":1,"id":-1,"rotation":90,"graphic":1,"y":-636,"width":17},"className":"PivotJointE"},{"params":{"sideWait":0,"position":0,"vertices":[{"x":0,"y":0,"length":0},{"x":496,"y":0,"length":496}],"startTime":"0","cycle":0,"rotation":0,"speed":110,"snapToGrid":true,"body":false,"height":13,"x":2700,"safeId":1,"accelDist":0,"y":-905,"width":509,"stopOnEnd":true,"id":21,"active":0},"className":"frg.game.editor.objects::MoverPather"},{"params":{"id_off":-1,"off":false,"safeId":1,"id":21,"width":514,"x":3510,"height":64,"sndId":-1,"hint":-1,"y":-210,"rotation":-36},"className":"ToggleE"},{"params":{"sideWait":0,"position":0,"vertices":[{"x":0,"y":0,"length":0},{"x":0,"y":368,"length":368}],"startTime":"0","cycle":0,"rotation":0,"speed":650,"snapToGrid":true,"body":false,"height":381,"x":3524,"safeId":1,"accelDist":0,"y":-950,"width":13,"stopOnEnd":true,"id":20,"active":0},"className":"frg.game.editor.objects::MoverPather"},{"params":{"id_off":-1,"off":false,"safeId":1,"id":20,"width":514,"x":3460,"height":64,"sndId":-1,"hint":-1,"y":-270,"rotation":-6},"className":"ToggleE"},{"params":{"height":17,"x":700,"safeId":2,"id":-1,"rotation":-18,"graphic":0,"y":-60,"width":17},"className":"PivotJointE"},{"params":{"snd":false,"rotation":-45,"rate":-80,"height":17,"x":1111,"safeId":-1,"id":31,"width":17,"useWeld":false,"graphic":0,"time":1.3,"y":-42},"className":"MotorJointE"},{"params":{"id_off":-1,"off":false,"safeId":-1,"id":31,"width":77,"x":888,"height":491,"sndId":-1,"hint":-1,"y":300,"rotation":0},"className":"ToggleE"},{"params":{"height":17,"x":9112,"safeId":3,"id":-1,"rotation":0,"graphic":0,"y":-1669,"width":17},"className":"PivotJointE"},{"params":{"height":17,"x":9308,"safeId":3,"id":45,"rotation":0,"graphic":0,"y":-1914,"width":17},"className":"PivotJointE"},{"params":{"id_off":-1,"off":false,"safeId":3,"id":45,"width":64,"x":8910,"height":349,"sndId":-1,"hint":-1,"y":-2440,"rotation":-27},"className":"ToggleE"},{"params":{"id_off":-1,"off":false,"safeId":4,"id":51,"width":64,"x":10595,"height":339,"sndId":-1,"hint":-1,"y":-1554,"rotation":0},"className":"ToggleE"},{"params":{"id_off":-1,"off":false,"safeId":-1,"id":1,"width":60,"x":1970,"height":812,"sndId":-1,"hint":-1,"y":20,"rotation":0},"className":"ToggleE"},{"params":{"id_off":-1,"off":false,"safeId":-1,"id":2,"width":60,"x":2040,"height":812,"sndId":-1,"hint":-1,"y":20,"rotation":0},"className":"ToggleE"},{"params":{"id_off":-1,"off":false,"safeId":-1,"id":4,"width":60,"x":2180,"height":812,"sndId":-1,"hint":-1,"y":20,"rotation":0},"className":"ToggleE"},{"params":{"id_off":-1,"off":false,"safeId":-1,"id":3,"width":60,"x":2110,"height":812,"sndId":-1,"hint":-1,"y":20,"rotation":0},"className":"ToggleE"},{"params":{"id_off":-1,"off":false,"safeId":-1,"id":8,"width":60,"x":2460,"height":812,"sndId":-1,"hint":-1,"y":20,"rotation":0},"className":"ToggleE"},{"params":{"id_off":-1,"off":false,"safeId":-1,"id":7,"width":60,"x":2390,"height":812,"sndId":-1,"hint":-1,"y":20,"rotation":0},"className":"ToggleE"},{"params":{"id_off":-1,"off":false,"safeId":-1,"id":6,"width":60,"x":2320,"height":812,"sndId":-1,"hint":-1,"y":20,"rotation":0},"className":"ToggleE"},{"params":{"id_off":-1,"off":false,"safeId":-1,"id":5,"width":60,"x":2250,"height":812,"sndId":-1,"hint":-1,"y":20,"rotation":0},"className":"ToggleE"},{"params":{"id_off":-1,"off":false,"safeId":-1,"id":14,"width":60,"x":2880,"height":812,"sndId":-1,"hint":-1,"y":20,"rotation":0},"className":"ToggleE"},{"params":{"id_off":-1,"off":false,"safeId":-1,"id":13,"width":60,"x":2810,"height":812,"sndId":-1,"hint":-1,"y":20,"rotation":0},"className":"ToggleE"},{"params":{"id_off":-1,"off":false,"safeId":-1,"id":10,"width":60,"x":2600,"height":812,"sndId":-1,"hint":-1,"y":20,"rotation":0},"className":"ToggleE"},{"params":{"id_off":-1,"off":false,"safeId":-1,"id":11,"width":60,"x":2670,"height":812,"sndId":-1,"hint":-1,"y":20,"rotation":0},"className":"ToggleE"},{"params":{"id_off":-1,"off":false,"safeId":-1,"id":12,"width":60,"x":2740,"height":812,"sndId":-1,"hint":-1,"y":20,"rotation":0},"className":"ToggleE"},{"params":{"id_off":-1,"off":false,"safeId":-1,"id":9,"width":60,"x":2530,"height":812,"sndId":-1,"hint":-1,"y":20,"rotation":0},"className":"ToggleE"},{"params":{"id_off":-1,"off":false,"safeId":4,"id":52,"width":64,"x":11095,"height":339,"sndId":-1,"hint":-1,"y":-1554,"rotation":0},"className":"ToggleE"},{"params":{"id_off":-1,"off":false,"safeId":4,"id":53,"width":64,"x":11615,"height":339,"sndId":-1,"hint":-1,"y":-1534,"rotation":0},"className":"ToggleE"},{"params":{"height":17,"x":1090,"safeId":-1,"id":31,"rotation":0,"graphic":0,"y":290,"width":17},"className":"PivotJointE"},{"params":{"height":17,"x":750,"safeId":-1,"id":31,"rotation":0,"graphic":0,"y":130,"width":17},"className":"PivotJointE"},{"params":{"height":17,"x":2870,"safeId":1,"id":21,"rotation":0,"graphic":0,"y":-780,"width":17},"className":"PivotJointE"},{"params":{"id_off":-1,"off":false,"safeId":2,"id":22,"width":60,"x":5250,"height":812,"sndId":-1,"hint":-1,"y":-1390,"rotation":0},"className":"ToggleE"},{"params":{"height":17,"x":5738,"safeId":1,"id":-1,"rotation":-12,"graphic":0,"y":-1137,"width":17},"className":"PivotJointE"},{"params":{"height":17,"x":5190,"safeId":1,"id":-1,"rotation":-12,"graphic":0,"y":-1020,"width":17},"className":"PivotJointE"},{"params":{"height":17,"x":5054,"safeId":1,"id":-1,"rotation":-12,"graphic":0,"y":-991,"width":17},"className":"PivotJointE"},{"params":{"height":17,"x":4916,"safeId":1,"id":-1,"rotation":-12,"graphic":0,"y":-962,"width":17},"className":"PivotJointE"},{"params":{"height":17,"x":5327,"safeId":1,"id":-1,"rotation":-12,"graphic":0,"y":-1049,"width":17},"className":"PivotJointE"},{"params":{"height":17,"x":5258,"safeId":1,"id":-1,"rotation":-12,"graphic":0,"y":-1035,"width":17},"className":"PivotJointE"},{"params":{"height":17,"x":5122,"safeId":1,"id":-1,"rotation":-12,"graphic":0,"y":-1006,"width":17},"className":"PivotJointE"},{"params":{"height":17,"x":5533,"safeId":1,"id":-1,"rotation":-12,"graphic":0,"y":-1093,"width":17},"className":"PivotJointE"},{"params":{"height":17,"x":5395,"safeId":1,"id":-1,"rotation":-12,"graphic":0,"y":-1064,"width":17},"className":"PivotJointE"},{"params":{"height":17,"x":4986,"safeId":1,"id":-1,"rotation":-12,"graphic":0,"y":-977,"width":17},"className":"PivotJointE"},{"params":{"height":17,"x":5602,"safeId":1,"id":-1,"rotation":-12,"graphic":0,"y":-1108,"width":17},"className":"PivotJointE"},{"params":{"height":17,"x":4848,"safeId":1,"id":-1,"rotation":-12,"graphic":0,"y":-947,"width":17},"className":"PivotJointE"},{"params":{"height":17,"x":5464,"safeId":1,"id":-1,"rotation":-12,"graphic":0,"y":-1079,"width":17},"className":"PivotJointE"},{"params":{"height":17,"x":4779,"safeId":1,"id":-1,"rotation":-12,"graphic":0,"y":-934,"width":17},"className":"PivotJointE"},{"params":{"height":17,"x":5669,"safeId":1,"id":-1,"rotation":-12,"graphic":0,"y":-1122,"width":17},"className":"PivotJointE"},{"params":{"height":17,"x":7162,"safeId":1,"id":-1,"rotation":-18,"graphic":0,"y":-1442,"width":17},"className":"PivotJointE"},{"params":{"height":17,"x":6630,"safeId":1,"id":-1,"rotation":-18,"graphic":0,"y":-1269,"width":17},"className":"PivotJointE"},{"params":{"height":17,"x":6497,"safeId":1,"id":-1,"rotation":-18,"graphic":0,"y":-1226,"width":17},"className":"PivotJointE"},{"params":{"height":17,"x":6363,"safeId":1,"id":-1,"rotation":-18,"graphic":0,"y":-1182,"width":17},"className":"PivotJointE"},{"params":{"height":17,"x":6762,"safeId":1,"id":-1,"rotation":-18,"graphic":0,"y":-1312,"width":17},"className":"PivotJointE"},{"params":{"height":17,"x":6696,"safeId":1,"id":-1,"rotation":-18,"graphic":0,"y":-1291,"width":17},"className":"PivotJointE"},{"params":{"height":17,"x":6563,"safeId":1,"id":-1,"rotation":-18,"graphic":0,"y":-1248,"width":17},"className":"PivotJointE"},{"params":{"height":17,"x":6962,"safeId":1,"id":-1,"rotation":-18,"graphic":0,"y":-1378,"width":17},"className":"PivotJointE"},{"params":{"height":17,"x":6828,"safeId":1,"id":-1,"rotation":-18,"graphic":0,"y":-1334,"width":17},"className":"PivotJointE"},{"params":{"height":17,"x":6431,"safeId":1,"id":-1,"rotation":-18,"graphic":0,"y":-1205,"width":17},"className":"PivotJointE"},{"params":{"height":17,"x":7029,"safeId":1,"id":-1,"rotation":-18,"graphic":0,"y":-1399,"width":17},"className":"PivotJointE"},{"params":{"height":17,"x":6297,"safeId":1,"id":-1,"rotation":-18,"graphic":0,"y":-1161,"width":17},"className":"PivotJointE"},{"params":{"height":17,"x":6895,"safeId":1,"id":-1,"rotation":-18,"graphic":0,"y":-1356,"width":17},"className":"PivotJointE"},{"params":{"height":17,"x":6230,"safeId":1,"id":-1,"rotation":-18,"graphic":0,"y":-1140,"width":17},"className":"PivotJointE"},{"params":{"height":17,"x":7095,"safeId":1,"id":-1,"rotation":-18,"graphic":0,"y":-1421,"width":17},"className":"PivotJointE"},{"params":{"id_off":-1,"off":false,"safeId":-1,"id":41,"width":64,"x":4020,"height":1661,"sndId":-1,"hint":-1,"y":-1300,"rotation":0},"className":"ToggleE"},{"params":{"id_off":-1,"off":false,"safeId":-1,"id":42,"width":64,"x":5000,"height":1661,"sndId":-1,"hint":-1,"y":-1350,"rotation":0},"className":"ToggleE"},{"params":{"id_off":-1,"off":false,"safeId":-1,"id":43,"width":64,"x":7690,"height":487,"sndId":-1,"hint":-1,"y":-1610,"rotation":0},"className":"ToggleE"},{"params":{"id_off":-1,"off":false,"safeId":-1,"id":32,"width":77,"x":1168,"height":491,"sndId":-1,"hint":-1,"y":290,"rotation":0},"className":"ToggleE"}]]}