﻿{"layers":[[{"params":{"x":2493,"vertices":[{"y":404,"x":196},{"y":375,"x":218},{"y":335,"x":238},{"y":292,"x":251},{"y":259,"x":256},{"y":220,"x":256}],"y":-662,"height":197,"shapeH":19,"isStatic":true,"density":"1","graphic":true,"snapToGrid":false,"straightSides":true,"wireframe":false,"width":77.05,"rotation":-170.99999999999994,"textureMode":true,"id":-1,"action":0,"smoothing":true,"textureOffset":0,"originOffsetRatio":0,"type":1,"safeId":-1,"repeatTexture":true,"stretchTexture":false,"physic":true},"className":"frg.game.editor.objects::DynamicPather"},{"params":{"x":1560,"vertices":[{"y":404,"x":196},{"y":375,"x":218},{"y":335,"x":238},{"y":292,"x":251},{"y":259,"x":256},{"y":220,"x":256}],"y":-1472,"height":197,"shapeH":19,"isStatic":true,"density":"1","graphic":true,"snapToGrid":false,"straightSides":true,"wireframe":false,"width":77.05,"rotation":-11.999999999999886,"textureMode":true,"id":-1,"action":0,"smoothing":true,"textureOffset":0,"originOffsetRatio":0,"type":1,"safeId":-1,"repeatTexture":true,"stretchTexture":false,"physic":true},"className":"frg.game.editor.objects::DynamicPather"},{"params":{"x":1497,"vertices":[{"y":345,"x":234},{"y":292,"x":251},{"y":259,"x":256}],"y":-373,"height":99,"shapeH":19,"isStatic":true,"density":"1","graphic":true,"snapToGrid":false,"straightSides":true,"wireframe":false,"width":40.45,"rotation":-11.999999999999886,"textureMode":true,"id":-1,"action":0,"smoothing":true,"textureOffset":0,"originOffsetRatio":0,"type":1,"safeId":-1,"repeatTexture":true,"stretchTexture":false,"physic":true},"className":"frg.game.editor.objects::DynamicPather"},{"params":{"x":2247,"vertices":[{"y":404,"x":196},{"y":375,"x":218},{"y":335,"x":238},{"y":292,"x":251},{"y":259,"x":256},{"y":220,"x":256}],"y":137,"height":197,"shapeH":19,"isStatic":true,"density":"1","graphic":true,"snapToGrid":false,"straightSides":true,"wireframe":false,"width":77.05,"rotation":171.0000000000001,"textureMode":true,"id":-1,"action":0,"smoothing":true,"textureOffset":0,"originOffsetRatio":0,"type":1,"safeId":-1,"repeatTexture":true,"stretchTexture":false,"physic":true},"className":"frg.game.editor.objects::DynamicPather"},{"params":{"x":1647,"vertices":[{"y":367,"x":221},{"y":335,"x":238},{"y":305,"x":246},{"y":274,"x":254}],"y":97,"height":106,"shapeH":19,"isStatic":true,"density":"1","graphic":true,"snapToGrid":false,"straightSides":true,"wireframe":false,"width":50.6,"rotation":162.0000000000001,"textureMode":true,"id":-1,"action":0,"smoothing":true,"textureOffset":0,"originOffsetRatio":0,"type":1,"safeId":-1,"repeatTexture":true,"stretchTexture":false,"physic":true},"className":"frg.game.editor.objects::DynamicPather"},{"params":{"x":827,"vertices":[{"y":404,"x":196},{"y":375,"x":218},{"y":335,"x":238},{"y":292,"x":251},{"y":259,"x":256},{"y":220,"x":256}],"y":-363,"height":197,"shapeH":19,"isStatic":true,"density":"1","graphic":true,"snapToGrid":false,"straightSides":true,"wireframe":false,"width":77.05,"rotation":-11.999999999999886,"textureMode":true,"id":-1,"action":0,"smoothing":true,"textureOffset":0,"originOffsetRatio":0,"type":1,"safeId":-1,"repeatTexture":true,"stretchTexture":false,"physic":true},"className":"frg.game.editor.objects::DynamicPather"},{"params":{"x":868,"vertices":[{"y":404,"x":196},{"y":375,"x":218},{"y":335,"x":238},{"y":292,"x":251},{"y":259,"x":256},{"y":220,"x":256}],"y":-1002,"height":197,"shapeH":19,"isStatic":true,"density":"1","graphic":true,"snapToGrid":false,"straightSides":true,"wireframe":false,"width":77.05,"rotation":-11.999999999999886,"textureMode":true,"id":-1,"action":0,"smoothing":true,"textureOffset":0,"originOffsetRatio":0,"type":1,"safeId":-1,"repeatTexture":true,"stretchTexture":false,"physic":true},"className":"frg.game.editor.objects::DynamicPather"},{"params":{"x":1663,"vertices":[{"y":404,"x":196},{"y":375,"x":218},{"y":335,"x":238},{"y":292,"x":251},{"y":259,"x":256},{"y":220,"x":256}],"y":-282,"height":197,"shapeH":19,"isStatic":true,"density":"1","graphic":true,"snapToGrid":false,"straightSides":true,"wireframe":false,"width":77.05,"rotation":-170.99999999999994,"textureMode":true,"id":-1,"action":0,"smoothing":true,"textureOffset":0,"originOffsetRatio":0,"type":1,"safeId":-1,"repeatTexture":true,"stretchTexture":false,"physic":true},"className":"frg.game.editor.objects::DynamicPather"},{"params":{"x":-30,"vertices":[{"y":0,"x":-1025},{"y":0,"x":35},{"y":-10,"x":5690},{"y":-10,"x":6105}],"y":410,"shape":true,"physic":true,"directed":true,"textureOffset":0,"originOffsetRatio":0,"stretchTexture":false,"isRoad":true,"thick":128,"width":7143,"rotation":0,"height":74,"direction":90,"straightSides":true,"wireframe":false,"snapToGrid":true,"camera":true,"smoothing":true,"line":true,"lineId":0,"cameraOffsetY":50,"repeatTexture":true,"textureMode":true},"className":"frg.game.editor.objects::GroundPather"},{"params":{"x":1263,"vertices":[{"y":0,"x":0},{"y":0,"x":580},{"y":-6,"x":623},{"y":-19,"x":663},{"y":-47,"x":706},{"y":-79,"x":741},{"y":-118,"x":770},{"y":-161,"x":790},{"y":-201,"x":801},{"y":-252,"x":804},{"y":-293,"x":798},{"y":-336,"x":787},{"y":-366,"x":773},{"y":-399,"x":751},{"y":-431,"x":718},{"y":-452,"x":690},{"y":-469,"x":662},{"y":-483,"x":625},{"y":-491,"x":585},{"y":-489,"x":523}],"y":406,"height":510.05,"shapeH":19,"isStatic":true,"density":"1","graphic":true,"snapToGrid":false,"straightSides":true,"wireframe":false,"width":820.05,"rotation":0,"textureMode":true,"id":-1,"action":0,"smoothing":true,"textureOffset":0,"originOffsetRatio":0,"type":1,"safeId":-1,"repeatTexture":true,"stretchTexture":false,"physic":true},"className":"frg.game.editor.objects::DynamicPather"},{"params":{"x":1270,"vertices":[{"y":-5,"x":63},{"y":-8,"x":35},{"y":-8,"x":2},{"y":0,"x":-40},{"y":9,"x":-75},{"y":26,"x":-110},{"y":47,"x":-143},{"y":69,"x":-167},{"y":98,"x":-190},{"y":130,"x":-209},{"y":161,"x":-224},{"y":192,"x":-233},{"y":237,"x":-238},{"y":272,"x":-236},{"y":312,"x":-229},{"y":348,"x":-214},{"y":385,"x":-192},{"y":416,"x":-164},{"y":444,"x":-132},{"y":465,"x":-97},{"y":479,"x":-63},{"y":485,"x":-28},{"y":486,"x":9},{"y":485,"x":46},{"y":474,"x":93},{"y":461,"x":126},{"y":433,"x":167},{"y":404,"x":196},{"y":375,"x":218},{"y":335,"x":238},{"y":303,"x":250},{"y":259,"x":256},{"y":224,"x":257},{"y":184,"x":254}],"y":-80,"height":513,"shapeH":19,"isStatic":true,"density":"1","graphic":true,"snapToGrid":false,"straightSides":true,"wireframe":false,"width":514.05,"rotation":0,"textureMode":true,"id":-1,"action":0,"smoothing":true,"textureOffset":0,"originOffsetRatio":0,"type":1,"safeId":-1,"repeatTexture":true,"stretchTexture":false,"physic":true},"className":"frg.game.editor.objects::DynamicPather"},{"params":{"x":1472,"vertices":[{"y":9,"x":-75},{"y":26,"x":-110},{"y":47,"x":-143},{"y":69,"x":-167},{"y":98,"x":-190},{"y":130,"x":-209},{"y":161,"x":-224},{"y":192,"x":-233},{"y":237,"x":-238},{"y":272,"x":-236},{"y":312,"x":-229},{"y":348,"x":-214},{"y":385,"x":-192},{"y":416,"x":-164},{"y":444,"x":-132},{"y":465,"x":-97},{"y":479,"x":-63},{"y":485,"x":-28},{"y":486,"x":9},{"y":485,"x":46},{"y":474,"x":93},{"y":461,"x":126},{"y":433,"x":167},{"y":404,"x":196},{"y":375,"x":218},{"y":335,"x":238},{"y":292,"x":251},{"y":259,"x":256},{"y":220,"x":256},{"y":177,"x":251}],"y":-465,"height":495.05,"shapeH":19,"isStatic":true,"density":"1","graphic":true,"snapToGrid":false,"straightSides":true,"wireframe":false,"width":513.05,"rotation":81,"textureMode":true,"id":-1,"action":0,"smoothing":true,"textureOffset":0,"originOffsetRatio":0,"type":1,"safeId":-1,"repeatTexture":true,"stretchTexture":false,"physic":true},"className":"frg.game.editor.objects::DynamicPather"},{"params":{"x":1790,"vertices":[{"y":-4,"x":0},{"y":0,"x":-40},{"y":9,"x":-75},{"y":26,"x":-110},{"y":47,"x":-143},{"y":69,"x":-167},{"y":98,"x":-190},{"y":130,"x":-209},{"y":161,"x":-224},{"y":192,"x":-233},{"y":237,"x":-238},{"y":272,"x":-236},{"y":312,"x":-229},{"y":348,"x":-214},{"y":385,"x":-192},{"y":416,"x":-164},{"y":444,"x":-132},{"y":519,"x":-47},{"y":566,"x":-41},{"y":584,"x":-75},{"y":584,"x":-109},{"y":558,"x":-157},{"y":524,"x":-201},{"y":484,"x":-239},{"y":446,"x":-269},{"y":389,"x":-300},{"y":335,"x":-320},{"y":-146,"x":-421},{"y":-202,"x":-441},{"y":-255,"x":-469},{"y":-300,"x":-499},{"y":-347,"x":-545},{"y":-376,"x":-591},{"y":-402,"x":-637},{"y":-416,"x":-690},{"y":-426,"x":-739},{"y":-428,"x":-796},{"y":-418,"x":-860},{"y":-398,"x":-914},{"y":-370,"x":-966},{"y":-329,"x":-1017},{"y":-289,"x":-1052},{"y":-231,"x":-1086},{"y":-180,"x":-1109},{"y":-129,"x":-1122},{"y":-75,"x":-1127},{"y":-9,"x":-1120},{"y":985,"x":-913},{"y":1054,"x":-889},{"y":1109,"x":-853},{"y":1149,"x":-819},{"y":1186,"x":-774},{"y":1227,"x":-726},{"y":1285,"x":-738},{"y":1316,"x":-783},{"y":1344,"x":-850},{"y":1338,"x":-930},{"y":1120,"x":-1434},{"y":615,"x":-1071},{"y":351,"x":-1655},{"y":-28,"x":-1383},{"y":-72,"x":-1181},{"y":-350,"x":-1238}],"y":-180,"height":1791.2,"shapeH":19,"isStatic":true,"density":"1","graphic":true,"snapToGrid":false,"straightSides":true,"wireframe":false,"width":1676,"rotation":-168,"textureMode":true,"id":-1,"action":0,"smoothing":true,"textureOffset":0,"originOffsetRatio":0,"type":1,"safeId":-1,"repeatTexture":true,"stretchTexture":false,"physic":true},"className":"frg.game.editor.objects::DynamicPather"},{"params":{"x":2450,"vertices":[{"y":591,"x":-4},{"y":-81,"x":-10},{"y":-189,"x":-33},{"y":-258,"x":-58},{"y":-334,"x":-93},{"y":-388,"x":-133},{"y":-446,"x":-182},{"y":-493,"x":-231},{"y":-536,"x":-287},{"y":-580,"x":-357},{"y":-618,"x":-438},{"y":-635,"x":-528},{"y":-642,"x":-632}],"y":-480,"height":1249,"shapeH":19,"isStatic":true,"density":"1","graphic":true,"snapToGrid":false,"straightSides":true,"wireframe":false,"width":644,"rotation":0,"textureMode":true,"id":-1,"action":0,"smoothing":true,"textureOffset":0,"originOffsetRatio":0,"type":1,"safeId":-1,"repeatTexture":true,"stretchTexture":false,"physic":true},"className":"frg.game.editor.objects::DynamicPather"},{"params":{"x":1612,"vertices":[{"y":451,"x":-296},{"y":485,"x":-28},{"y":486,"x":9},{"y":485,"x":46},{"y":474,"x":93},{"y":461,"x":126},{"y":433,"x":167},{"y":404,"x":196},{"y":375,"x":218},{"y":335,"x":238},{"y":292,"x":251},{"y":259,"x":256},{"y":220,"x":256},{"y":177,"x":251}],"y":-1025,"height":325,"shapeH":19,"isStatic":true,"density":"1","graphic":true,"snapToGrid":false,"straightSides":true,"wireframe":false,"width":568,"rotation":66,"textureMode":true,"id":-1,"action":0,"smoothing":true,"textureOffset":0,"originOffsetRatio":0,"type":1,"safeId":-1,"repeatTexture":true,"stretchTexture":false,"physic":true},"className":"frg.game.editor.objects::DynamicPather"},{"params":{"x":3390,"vertices":[{"y":-16,"x":85},{"y":-270,"x":89},{"y":-620,"x":444},{"y":-1006,"x":-63},{"y":-1388,"x":399},{"y":-2196,"x":-647},{"y":-2182,"x":-1202},{"y":-2173,"x":-1283},{"y":-2153,"x":-1344},{"y":-2110,"x":-1404},{"y":-2065,"x":-1456},{"y":-2016,"x":-1494},{"y":-1951,"x":-1523},{"y":-1894,"x":-1539},{"y":-1833,"x":-1544},{"y":-1770,"x":-1540},{"y":-1715,"x":-1529},{"y":-1659,"x":-1505},{"y":-1615,"x":-1475},{"y":-1564,"x":-1429},{"y":-1531,"x":-1380},{"y":-1498,"x":-1321},{"y":-1479,"x":-1266},{"y":-1470,"x":-1201},{"y":-1474,"x":-1130},{"y":-1498,"x":-1063},{"y":-1526,"x":-1009},{"y":-1566,"x":-958}],"y":420,"height":2196.1,"shapeH":19,"isStatic":true,"density":"1","graphic":true,"snapToGrid":false,"straightSides":true,"wireframe":false,"width":2011.95,"rotation":0,"textureMode":true,"id":-1,"action":0,"smoothing":true,"textureOffset":0,"originOffsetRatio":0,"type":1,"safeId":-1,"repeatTexture":true,"stretchTexture":false,"physic":true},"className":"frg.game.editor.objects::DynamicPather"},{"params":{"rotation":0,"x":3210,"height":253,"y":277,"width":540},"className":"FinishZone"}],[{"params":{"x":1309,"y":-763,"scaleX":1,"width":9.3,"rotation":21,"scaleY":1,"height":128.35},"className":"SignPillar"},{"params":{"x":1960,"y":-1255,"scaleX":1,"width":9.3,"rotation":39,"scaleY":1,"height":128.35},"className":"SignPillar"},{"params":{"x":3600,"y":-900,"scaleX":1,"width":9.3,"rotation":-39,"scaleY":1,"height":128.35},"className":"SignPillar"},{"params":{"x":950,"y":300,"scaleX":1,"width":171.75,"rotation":6,"scaleY":1,"height":213.45},"className":"Dec13"},{"params":{"x":2220,"y":290,"scaleX":1,"width":197,"rotation":0,"scaleY":1,"height":234.2},"className":"Dec15"},{"params":{"x":2180,"y":300,"scaleX":1,"width":165.85,"rotation":0,"scaleY":1,"height":244.8},"className":"Dec14"},{"params":{"x":3610,"y":290,"scaleX":1,"width":197,"rotation":0,"scaleY":1,"height":234.2},"className":"Dec15"},{"params":{"x":3737,"y":300,"scaleX":-1,"width":171.75,"rotation":0,"scaleY":1,"height":213.45},"className":"Dec13"},{"params":{"x":3470,"y":290,"scaleX":1,"width":165.85,"rotation":0,"scaleY":1,"height":244.8},"className":"Dec14"}],[{"params":{"x":2560,"force":6000,"y":320,"width":100,"rotation":0,"height":99,"safeId":1,"time":2},"className":"BoostE"}],null,[{"params":{"rotation":0,"x":1550,"height":32,"y":320,"width":64},"className":"PlayerWP"},{"params":{"x":1330,"id":1,"y":-830,"width":128,"rotation":0,"height":335},"className":"SafePointE"},{"params":{"x":2000,"id":2,"y":-1310,"width":128,"rotation":0,"height":370},"className":"SafePointE"},{"params":{"x":3550,"id":3,"y":-960,"width":128,"rotation":0,"height":370},"className":"SafePointE"}]],"settings":{"countdown":0,"prizes":"27,34,42","theme":3,"gravityY":500}}