{"settings":{"theme":3,"prizes":"30,39,47","countdown":0,"gravityY":500},"layers":[[{"params":{"wireframe":false,"type":1,"straightSides":true,"snapToGrid":false,"vertices":[{"x":0,"y":0,"length":0},{"x":272,"y":-329,"length":426.8782027698299}],"originOffsetRatio":0,"density":"1","action":0,"physic":true,"shapeH":19,"rotation":0,"stretchTexture":false,"height":342,"x":5820,"isStatic":true,"repeatTexture":true,"id":-1,"width":286.6,"textureOffset":0,"safeId":-1,"graphic":true,"smoothing":true,"y":-280,"textureMode":true},"className":"frg.game.editor.objects::DynamicPather"},{"params":{"type":0,"straightSides":true,"vertices":[{"x":0,"y":0,"length":0},{"x":155,"y":-245,"length":289.9137802864845},{"x":210,"y":-225,"length":307.77426793024785},{"x":150,"y":80,"length":170}],"originOffsetRatio":0,"textureMode":true,"stretchTexture":false,"repeatTexture":true,"textureOffset":0,"x":4941,"smoothing":true,"y":-592,"width":223.4,"height":338.8,"wireframe":false,"snapToGrid":true,"rotation":-24},"className":"frg.game.editor.objects::PillarPather"},{"params":{"type":0,"straightSides":true,"vertices":[{"x":0,"y":0,"length":0},{"x":155,"y":-245,"length":289.9137802864845},{"x":210,"y":-225,"length":307.77426793024785},{"x":150,"y":80,"length":170}],"originOffsetRatio":0,"textureMode":true,"stretchTexture":false,"repeatTexture":true,"textureOffset":0,"x":3050,"smoothing":true,"y":-657,"width":223.4,"height":338.8,"wireframe":false,"snapToGrid":true,"rotation":0},"className":"frg.game.editor.objects::PillarPather"},{"params":{"sf":true,"bg":true,"x":7570,"vertices":[{"x":0,"y":0,"length":0},{"x":1285,"y":0,"length":1285},{"x":1290,"y":380,"length":1344.804818551748},{"x":5,"y":380,"length":380.0328933131973}],"id":-1,"density":1.5,"viscosity":1.5,"y":510,"rotation":0},"className":"frg.game.editor.objects::WaterShaper"},{"params":{"layer":4,"vertices":[{"x":0,"y":10,"length":10},{"x":13,"y":-2,"length":13.152946437965905},{"x":33,"y":-11,"length":34.785054261852174},{"x":51,"y":-13,"length":52.630789467763066},{"x":66,"y":-12,"length":67.08203932499369},{"x":84,"y":-5,"length":84.1486779456457},{"x":95,"y":4,"length":95.08417323613851},{"x":109,"y":18,"length":110.47624178980746},{"x":115,"y":35,"length":120.20815280171308},{"x":118,"y":52,"length":128.94960255851896},{"x":115,"y":68,"length":133.60014970051492},{"x":107,"y":87,"length":137.90576492663388},{"x":94,"y":100,"length":137.2443077143821},{"x":77,"y":112,"length":135.9154148726332},{"x":59,"y":117,"length":131.03434664239754},{"x":41,"y":116,"length":123.03251602726817},{"x":25,"y":112,"length":114.75626344561765},{"x":12,"y":104,"length":104.6900186264192},{"x":0,"y":91,"length":91},{"x":-9,"y":76,"length":76.53103945458993},{"x":-13,"y":58,"length":59.43904440685432},{"x":-14,"y":42,"length":44.27188724235731},{"x":-9,"y":25,"length":26.570660511172846}],"density":1,"safeId":2,"physic":true,"rem":true,"rotation":0,"plr":false,"line":false,"x":5689,"isStatic":false,"id":-1,"isWheel":false,"ignore":false,"graphic":false,"y":-27},"className":"frg.game.editor.objects::LandscapeShaper"},{"params":{"sf":true,"bg":true,"x":2820,"vertices":[{"x":0,"y":0,"length":0},{"x":2145,"y":-5,"length":2145.0058274979115},{"x":2125,"y":525,"length":2188.892413984753},{"x":-20,"y":530,"length":530.3772242470448}],"id":-1,"density":1.5,"viscosity":1.5,"y":-370,"rotation":0},"className":"frg.game.editor.objects::WaterShaper"},{"params":{"sf":true,"bg":true,"x":1090,"vertices":[{"x":0,"y":0,"length":0},{"x":1295,"y":0,"length":1295},{"x":1525,"y":115,"length":1529.3299186244935},{"x":1605,"y":560,"length":1699.8897023042407},{"x":-265,"y":575,"length":633.1271594237606}],"id":-1,"density":1.5,"viscosity":1.5,"y":-370,"rotation":0},"className":"frg.game.editor.objects::WaterShaper"},{"params":{"layer":2,"vertices":[{"x":-1240,"y":320,"length":1280.6248474865697},{"x":-1300,"y":-515,"length":1398.293602931802},{"x":-2125,"y":-2340,"length":3160.889906339669},{"x":-1055,"y":-2945,"length":3128.2662930127926},{"x":1410,"y":-3700,"length":3959.5580561471756},{"x":4765,"y":-3700,"length":6032.845514348929},{"x":14115,"y":-3800,"length":14617.565631800666},{"x":12990,"y":-1985,"length":13140.788598862702},{"x":12850,"y":-1825,"length":12978.949302620764},{"x":12740,"y":-1685,"length":12850.946463198732},{"x":12600,"y":-1550,"length":12694.9793225511},{"x":12395,"y":-1370,"length":12470.482147856193},{"x":12260,"y":-1275,"length":12326.119624602059},{"x":12095,"y":-1180,"length":12152.42465518713},{"x":11980,"y":-1155,"length":12035.548388004594},{"x":11550,"y":-1150,"length":11607.109890063073},{"x":11290,"y":-1145,"length":11347.912803683328},{"x":10997,"y":-1162,"length":11058.221059465215},{"x":10744,"y":-1162,"length":10806.654431414006},{"x":10548,"y":-1146,"length":10610.071630295433},{"x":10328,"y":-1122,"length":10388.766433027551},{"x":10160,"y":-1095,"length":10218.836773331885},{"x":9960,"y":-1073,"length":10017.63090755494},{"x":9737,"y":-1075,"length":9796.16220772196},{"x":9488,"y":-1084,"length":9549.722509057528},{"x":9251,"y":-1104,"length":9316.641937951677},{"x":9022,"y":-1124,"length":9091.746806857305},{"x":8777,"y":-1133,"length":8849.825873993228},{"x":8575,"y":-1113,"length":8646.929744134619},{"x":8348,"y":-1086,"length":8418.34306737377},{"x":8095,"y":-1040,"length":8161.5332505602155},{"x":7824,"y":-982,"length":7885.38521570126},{"x":7593,"y":-906,"length":7646.861120747519},{"x":7437,"y":-816,"length":7481.632509018336},{"x":7308,"y":-740,"length":7345.370242540535},{"x":7155,"y":-682,"length":7187.429930093232},{"x":6930,"y":-623,"length":6957.947182898129},{"x":6690,"y":-553,"length":6712.816770924111},{"x":6570,"y":-495,"length":6588.6208723829295},{"x":6515,"y":-445,"length":6530.179936265156},{"x":6430,"y":-410,"length":6443.058280040621},{"x":6375,"y":-415,"length":6388.493562648397},{"x":6320,"y":-440,"length":6335.297940902227},{"x":6235,"y":-615,"length":6265.257376995777},{"x":6180,"y":-720,"length":6221.800382525946},{"x":6105,"y":-810,"length":6158.500223268649},{"x":6060,"y":-865,"length":6121.423445572116},{"x":6000,"y":-935,"length":6072.415087920127},{"x":5915,"y":-1010,"length":6000.610385619117},{"x":5825,"y":-1040,"length":5917.112893971181},{"x":5753,"y":-1024,"length":5843.42237049488},{"x":5673,"y":-1006,"length":5761.507181285119},{"x":5620,"y":-1016,"length":5711.099368773056},{"x":5594,"y":-1056,"length":5692.800014052838},{"x":5603,"y":-1079,"length":5705.948650312233},{"x":5633,"y":-1113,"length":5741.90369128567},{"x":5659,"y":-1158,"length":5776.265662173097},{"x":5674,"y":-1210,"length":5801.583921654499},{"x":5680,"y":-1254,"length":5816.778833684499},{"x":5680,"y":-1296,"length":5825.9776861913915},{"x":5676,"y":-1343,"length":5832.720205873071},{"x":5663,"y":-1388,"length":5830.618577818309},{"x":5641,"y":-1432,"length":5819.923109457719},{"x":5616,"y":-1466,"length":5804.189176792914},{"x":5585,"y":-1501,"length":5783.184762741028},{"x":5549,"y":-1529,"length":5755.800726223937},{"x":5511,"y":-1553,"length":5725.637955721615},{"x":5474,"y":-1569,"length":5694.421568517737},{"x":5430,"y":-1578,"length":5654.642694282284},{"x":5380,"y":-1580,"length":5607.209644734179},{"x":5327,"y":-1576,"length":5555.2412188850985},{"x":5280,"y":-1565,"length":5507.052296828132},{"x":5235,"y":-1545,"length":5458.227734347478},{"x":5194,"y":-1518,"length":5411.280809568101},{"x":5158,"y":-1487,"length":5368.066039087075},{"x":5128,"y":-1451,"length":5329.332509798953},{"x":5106,"y":-1417,"length":5298.973957286448},{"x":5093,"y":-1384,"length":5277.6988356669235},{"x":5051,"y":-1387,"length":5237.973844913699},{"x":4998,"y":-1402,"length":5190.915911474583},{"x":4965,"y":-1445,"length":5171.000870237792},{"x":4961,"y":-1529,"length":5191.277492101534},{"x":4976,"y":-1606,"length":5228.748607458576},{"x":4958,"y":-1672,"length":5232.336762862268},{"x":4940,"y":-1734,"length":5235.49004392139},{"x":4898,"y":-1836,"length":5230.802997628567},{"x":4798,"y":-1932,"length":5172.371603046324},{"x":4701,"y":-1950,"length":5089.391024474343},{"x":4614,"y":-1994,"length":5026.433327917521},{"x":4503,"y":-2060,"length":4951.828854069979},{"x":4394,"y":-2116,"length":4876.955197661754},{"x":4258,"y":-2138,"length":4764.620446583337},{"x":4131,"y":-2143,"length":4653.7737375166835},{"x":3978,"y":-2152,"length":4522.785424934506},{"x":3795,"y":-2145,"length":4359.248788495559},{"x":3623,"y":-2112,"length":4193.646742394977},{"x":3487,"y":-2056,"length":4048.0001235177847},{"x":3395,"y":-1977,"length":3928.6834945055066},{"x":3195,"y":-1926,"length":3730.616705050252},{"x":2993,"y":-1911,"length":3551.0519568150507},{"x":2784,"y":-1924,"length":3384.1442049652674},{"x":2422,"y":-1946,"length":3106.9277429641006},{"x":2233,"y":-1897,"length":2929.999658703052},{"x":2040,"y":-1826,"length":2737.8597480513863},{"x":1864,"y":-1751,"length":2557.439539852311},{"x":1708,"y":-1655,"length":2378.29539796889},{"x":1477,"y":-1491,"length":2098.716274297219},{"x":1264,"y":-1320,"length":1827.5929524924306},{"x":1082,"y":-1224,"length":1633.6768346279505},{"x":932,"y":-1210,"length":1527.3257674772597},{"x":764,"y":-1226,"length":1444.5663709224302},{"x":655,"y":-1220,"length":1384.7111612173853},{"x":558,"y":-1203,"length":1326.111986221375},{"x":478,"y":-1167,"length":1261.0999167393518},{"x":386,"y":-1133,"length":1196.9482027222398},{"x":310,"y":-1125,"length":1166.9297322461193},{"x":235,"y":-1120,"length":1144.388482989933},{"x":160,"y":-1140,"length":1151.1733144926527},{"x":120,"y":-1415,"length":1420.0792231421458},{"x":110,"y":-1465,"length":1469.1238885812184},{"x":95,"y":-1510,"length":1512.9854592824083},{"x":75,"y":-1550,"length":1551.8134552838494},{"x":45,"y":-1595,"length":1595.6346699667815},{"x":10,"y":-1625,"length":1625.0307689394683},{"x":-25,"y":-1655,"length":1655.188810981998},{"x":-75,"y":-1685,"length":1686.6683135696835},{"x":-130,"y":-1705,"length":1709.9488296437412},{"x":-190,"y":-1720,"length":1730.4623659588785},{"x":-255,"y":-1720,"length":1738.7998734759558},{"x":-315,"y":-1715,"length":1743.6886189913612},{"x":-390,"y":-1690,"length":1734.4163283364235},{"x":-445,"y":-1660,"length":1718.6113580446279},{"x":-485,"y":-1625,"length":1695.8331285831161},{"x":-530,"y":-1575,"length":1661.783680266478},{"x":-560,"y":-1525,"length":1624.5691736580502},{"x":-580,"y":-1475,"length":1584.936907261611},{"x":-590,"y":-1415,"length":1533.0769713227057},{"x":-595,"y":-1355,"length":1479.8817520329117},{"x":-595,"y":-1305,"length":1434.2419600611329},{"x":-575,"y":-1235,"length":1362.2958562661784},{"x":-545,"y":-1180,"length":1299.7788273394824},{"x":-510,"y":-1130,"length":1239.7580409095963},{"x":-465,"y":-1080,"length":1175.8507558359606},{"x":-410,"y":-1045,"length":1122.5528940767113},{"x":-345,"y":-1020,"length":1076.7659912905867},{"x":-285,"y":-1015,"length":1054.2532902486005},{"x":-295,"y":-240,"length":380.2959373961284},{"x":-290,"y":-185,"length":343.98401125633734},{"x":-280,"y":-130,"length":308.70698080866265},{"x":-255,"y":-85,"length":268.79360111431225},{"x":-225,"y":-50,"length":230.4886114323222},{"x":-175,"y":-20,"length":176.13914953808538},{"x":-120,"y":5,"length":120.10412149464314},{"x":-60,"y":5,"length":60.207972893961475},{"x":5,"y":-10,"length":11.180339887498949},{"x":60,"y":-35,"length":69.46221994724903},{"x":105,"y":-75,"length":129.0348790056394},{"x":130,"y":-120,"length":176.91806012954132},{"x":150,"y":-170,"length":226.71568097509268},{"x":155,"y":-225,"length":273.22152184628504},{"x":195,"y":-225,"length":297.7414986191881},{"x":195,"y":-875,"length":896.4652809785775},{"x":564,"y":-873,"length":1039.3387320792006},{"x":615,"y":-885,"length":1077.7058968011634},{"x":665,"y":-905,"length":1123.05387226081},{"x":705,"y":-895,"length":1139.3199726152438},{"x":710,"y":-860,"length":1115.212984142491},{"x":700,"y":-800,"length":1063.014581273465},{"x":670,"y":-640,"length":926.5527507918802},{"x":634,"y":-721,"length":960.1025986841198},{"x":604,"y":-672,"length":903.5485598461214},{"x":595,"y":-620,"length":859.3165889240123},{"x":585,"y":-350,"length":681.7074152449861},{"x":1930,"y":-310,"length":1954.7378340841515},{"x":1935,"y":-580,"length":2020.055692301576},{"x":1925,"y":-655,"length":2033.3838791531716},{"x":1895,"y":-705,"length":2021.8926776661515},{"x":1810,"y":-745,"length":1957.3259820479573},{"x":1775,"y":-660,"length":1893.7330857330448},{"x":1750,"y":-780,"length":1915.9592897553955},{"x":1720,"y":-820,"length":1905.465822312224},{"x":1735,"y":-855,"length":1934.23111338847},{"x":1780,"y":-870,"length":1981.2369873389705},{"x":2090,"y":-875,"length":2265.772495198933},{"x":2200,"y":-890,"length":2373.2045845227926},{"x":2260,"y":-900,"length":2432.6117651610584},{"x":2315,"y":-925,"length":2492.9600879276027},{"x":2370,"y":-955,"length":2555.176119174567},{"x":2415,"y":-990,"length":2610.043103092361},{"x":2460,"y":-1060,"length":2678.656379605268},{"x":2500,"y":-1080,"length":2723.306813416366},{"x":2565,"y":-1090,"length":2786.9921061962123},{"x":2625,"y":-1085,"length":2840.3960991382874},{"x":2700,"y":-1050,"length":2896.981187374195},{"x":2780,"y":-995,"length":2952.697918853197},{"x":2805,"y":-910,"length":2948.9192935717992},{"x":2795,"y":-868,"length":2926.6788344469915},{"x":2765,"y":-830,"length":2886.8884633805997},{"x":2715,"y":-725,"length":2810.133448788509},{"x":2688,"y":-824,"length":2811.462252992204},{"x":2600,"y":-848,"length":2734.7950563067793},{"x":2550,"y":-735,"length":2653.813294110948},{"x":2484,"y":-820,"length":2615.8470903323077},{"x":2448,"y":-775,"length":2567.747845875837},{"x":2453,"y":-700,"length":2550.9231662282577},{"x":2457,"y":-628,"length":2535.987578833934},{"x":2491,"y":-540,"length":2548.8587642315533},{"x":2582,"y":-462,"length":2623.0074342250728},{"x":2711,"y":-422,"length":2743.648118837399},{"x":4086,"y":-395,"length":4105.048233577773},{"x":4260,"y":-435,"length":4282.151912298302},{"x":4364,"y":-533,"length":4396.4286642683055},{"x":4426,"y":-651,"length":4473.620122451168},{"x":4461,"y":-753,"length":4524.10543643713},{"x":4475,"y":-836,"length":4552.419246949911},{"x":4475,"y":-903,"length":4565.198133706795},{"x":4435,"y":-955,"length":4536.656257641745},{"x":4375,"y":-1010,"length":4490.069598569715},{"x":4360,"y":-935,"length":4459.128278038209},{"x":4340,"y":-1020,"length":4458.250778051858},{"x":4315,"y":-1021,"length":4434.147719686389},{"x":4320,"y":-1050,"length":4445.773273571202},{"x":4338,"y":-1080,"length":4470.418772329948},{"x":4365,"y":-1090,"length":4499.036007857683},{"x":4700,"y":-1090,"length":4824.738334873717},{"x":4700,"y":-1065,"length":4819.151896340268},{"x":4730,"y":-1050,"length":4845.141896786925},{"x":4731,"y":-1015,"length":4838.6553917384945},{"x":4695,"y":-975,"length":4795.169444347092},{"x":4670,"y":-995,"length":4774.821986210585},{"x":4645,"y":-900,"length":4731.387217296847},{"x":4630,"y":-990,"length":4734.65943865026},{"x":4605,"y":-955,"length":4702.983095865857},{"x":4588,"y":-973,"length":4690.039765289843},{"x":4561,"y":-940,"length":4656.8574167564975},{"x":4546,"y":-886,"length":4631.534518925666},{"x":4541,"y":-846,"length":4619.133793256047},{"x":4528,"y":-748,"length":4589.366840861602},{"x":4525,"y":-656,"length":4572.303686327057},{"x":4551,"y":-586,"length":4588.572435954346},{"x":4610,"y":-493,"length":4636.286121455405},{"x":4720,"y":-440,"length":4740.4641122995545},{"x":7155,"y":90,"length":7155.566015347773},{"x":7230,"y":115,"length":7230.914534137435},{"x":7315,"y":155,"length":7316.6419893281645},{"x":7400,"y":205,"length":7402.838982444506},{"x":7490,"y":255,"length":7494.339530605749},{"x":7590,"y":290,"length":7595.538163948621},{"x":7710,"y":335,"length":7717.27445410619},{"x":7790,"y":380,"length":7799.262785674041},{"x":7880,"y":390,"length":7889.645112424259},{"x":7970,"y":410,"length":7980.538828926277},{"x":8085,"y":410,"length":8095.389119739705},{"x":8155,"y":390,"length":8164.32024114684},{"x":8215,"y":345,"length":8222.241178656826},{"x":8260,"y":295,"length":8265.266178411921},{"x":8300,"y":245,"length":8303.615176536061},{"x":8325,"y":205,"length":8327.523641515525},{"x":8315,"y":155,"length":8316.444552812218},{"x":8190,"y":85,"length":8190.441074813981},{"x":8170,"y":145,"length":8171.286618397375},{"x":8140,"y":20,"length":8140.024569987489},{"x":8135,"y":-25,"length":8135.038414168675},{"x":8160,"y":-65,"length":8160.258880697352},{"x":8200,"y":-95,"length":8200.55028641371},{"x":8260,"y":-120,"length":8260.871624713702},{"x":8650,"y":-210,"length":8652.548757447137},{"x":8715,"y":-230,"length":8718.034468846748},{"x":8775,"y":-255,"length":8778.704346314438},{"x":8835,"y":-290,"length":8839.758198050442},{"x":9015,"y":-280,"length":9019.347260195718},{"x":9135,"y":-245,"length":9138.284850014252},{"x":9188,"y":-195,"length":9190.069042178084},{"x":9225,"y":-140,"length":9226.062269462525},{"x":9290,"y":-35,"length":9290.065930874764},{"x":9280,"y":15,"length":9280.01212283691},{"x":9235,"y":10,"length":9235.005414183577},{"x":9205,"y":120,"length":9205.782150366149},{"x":9164,"y":33,"length":9164.059417092405},{"x":9135,"y":40,"length":9135.08757484021},{"x":9095,"y":-13,"length":9095.009290814385},{"x":9022,"y":-64,"length":9022.226997809355},{"x":8971,"y":-26,"length":8971.037676879972},{"x":8970,"y":130,"length":8970.941979524781},{"x":8940,"y":215,"length":8942.584917125472},{"x":8945,"y":300,"length":8950.02932956088},{"x":8975,"y":350,"length":8981.821919855682},{"x":9140,"y":340,"length":9146.321665019223},{"x":9210,"y":335,"length":9216.090548600312},{"x":9305,"y":345,"length":9311.39355843152},{"x":9388,"y":364,"length":9395.05401793944},{"x":9451,"y":370,"length":9458.239846821394},{"x":9520,"y":357,"length":9526.691398381707},{"x":9594,"y":349,"length":9600.345670859982},{"x":9661,"y":347,"length":9667.229696247006},{"x":9718,"y":352,"length":9724.372884664594},{"x":9773,"y":358,"length":9779.554846719762},{"x":9831,"y":353,"length":9837.33551323731},{"x":9908,"y":327,"length":9913.394625454996},{"x":10023,"y":294,"length":10027.310955585252},{"x":10097,"y":277,"length":10100.798879296628},{"x":10155,"y":280,"length":10158.859434011281},{"x":10214,"y":288,"length":10218.059502664877},{"x":10272,"y":301,"length":10276.409149114295},{"x":10371,"y":335,"length":10376.409109128263},{"x":10428,"y":351,"length":10433.905548738689},{"x":10487,"y":361,"length":10493.211615134805},{"x":10559,"y":363,"length":10565.237810858778},{"x":10635,"y":363,"length":10641.193260156495},{"x":10701,"y":362,"length":10707.121228416161},{"x":10770,"y":355,"length":10775.84915447502},{"x":10850,"y":341,"length":10855.35724884262},{"x":10941,"y":335,"length":10946.12744307319},{"x":11023,"y":329,"length":11027.908686600556},{"x":11111,"y":334,"length":11116.018936651737},{"x":11203,"y":338,"length":11208.097653036397},{"x":11284,"y":349,"length":11289.39577656838},{"x":11387,"y":362,"length":11392.752652454103},{"x":11451,"y":368,"length":11456.911669381065},{"x":11521,"y":375,"length":11527.101370249158},{"x":11576,"y":377,"length":11582.137324345624},{"x":11610,"y":370,"length":11615.894283265494},{"x":11670,"y":295,"length":11673.727982097236},{"x":11708,"y":214,"length":11709.955593425622},{"x":11714,"y":142,"length":11714.86064791212},{"x":11734,"y":42,"length":11734.07516594299},{"x":11737,"y":-62,"length":11737.163754502193},{"x":11732,"y":-156,"length":11733.037117473037},{"x":11720,"y":-232,"length":11722.296020831414},{"x":11640,"y":-300,"length":11643.865337593012},{"x":11589,"y":-312,"length":11593.199083945725},{"x":11545,"y":-314,"length":11549.269284244783},{"x":11534,"y":-278,"length":11537.349782337364},{"x":11518,"y":-310,"length":11522.170975992329},{"x":11485,"y":-209,"length":11486.901496922485},{"x":11473,"y":-300,"length":11476.921582027126},{"x":11472,"y":-356,"length":11477.522380723114},{"x":11492,"y":-428,"length":11499.967304301348},{"x":11530,"y":-465,"length":11539.372816578898},{"x":11985,"y":-470,"length":11994.212145864354},{"x":12028,"y":-445,"length":12036.229019090655},{"x":12047,"y":-385,"length":12053.150376561309},{"x":12034,"y":-340,"length":12038.80209987688},{"x":12016,"y":-369,"length":12021.664485419646},{"x":12005,"y":-327,"length":12009.452693607649},{"x":11983,"y":-347,"length":11988.023106417504},{"x":11958,"y":-212,"length":11959.87909637886},{"x":11945,"y":-330,"length":11949.557523188882},{"x":11871,"y":-305,"length":11874.917515503003},{"x":11848,"y":-258,"length":11850.808748773225},{"x":11833,"y":-201,"length":11834.70700947007},{"x":11853,"y":-125,"length":11853.659097510777},{"x":11871,"y":-40,"length":11871.067390929933},{"x":11860,"y":95,"length":11860.38047450418},{"x":11863,"y":240,"length":11865.427468068734},{"x":11886,"y":376,"length":11891.945677642494},{"x":11986,"y":458,"length":11994.747183663356},{"x":13401,"y":920,"length":13432.542611136583},{"x":11730,"y":2415,"length":11976.022920819749},{"x":10200,"y":2010,"length":10396.157944163795},{"x":2645,"y":890,"length":2790.7212329431973},{"x":1200,"y":605,"length":1343.8842956147676},{"x":-785,"y":565,"length":967.1866417605239}],"density":1,"safeId":-1,"physic":true,"rem":true,"rotation":0,"plr":false,"line":true,"x":460,"isStatic":true,"id":-1,"isWheel":false,"ignore":false,"graphic":true,"y":430},"className":"frg.game.editor.objects::LandscapeShaper"},{"params":{"wireframe":false,"type":5,"straightSides":true,"snapToGrid":false,"vertices":[{"x":3,"y":12,"length":12.36931687685298},{"x":7,"y":-634,"length":634.0386423554955}],"originOffsetRatio":0,"density":"1","action":0,"physic":true,"shapeH":64,"rotation":0,"stretchTexture":false,"height":659,"x":640,"isStatic":true,"repeatTexture":true,"id":-1,"width":68,"textureOffset":0,"safeId":-1,"graphic":true,"smoothing":true,"y":190,"textureMode":true},"className":"frg.game.editor.objects::DynamicPather"},{"params":{"wireframe":false,"vertices":[{"x":775,"y":-840,"length":1142.902008047934},{"x":1175,"y":-840,"length":1444.3770283412846},{"x":1375,"y":-650,"length":1520.896117425513},{"x":2325,"y":-660,"length":2416.8626357325315},{"x":5065,"y":-705,"length":5113.8292892899735},{"x":5205,"y":-295,"length":5213.35304770356},{"x":6495,"y":-95,"length":6495.694728048725},{"x":8185,"y":280,"length":8189.787848290089},{"x":9955,"y":425,"length":9964.067944368906},{"x":14235,"y":355,"length":14239.425901348692}],"lineId":-1,"physic":false,"directed":false,"width":13473,"shape":false,"height":1329,"isRoad":false,"rotation":0,"textureMode":true,"straightSides":true,"originOffsetRatio":0,"cameraOffsetY":80,"stretchTexture":false,"thick":128,"repeatTexture":true,"line":false,"x":-150,"smoothing":true,"y":402,"direction":90,"textureOffset":0,"camera":true,"snapToGrid":true},"className":"frg.game.editor.objects::GroundPather"},{"params":{"wireframe":false,"type":7,"straightSides":true,"snapToGrid":false,"vertices":[{"x":100,"y":-66,"length":119.81652640600127},{"x":550,"y":180,"length":578.7054518492115}],"originOffsetRatio":0,"density":"1","action":0,"physic":true,"shapeH":16,"rotation":0,"stretchTexture":false,"height":260,"x":3130,"isStatic":false,"repeatTexture":true,"id":-1,"width":463,"textureOffset":0,"safeId":1,"graphic":true,"smoothing":true,"y":-830,"textureMode":true},"className":"frg.game.editor.objects::DynamicPather"},{"params":{"wireframe":false,"type":7,"straightSides":true,"snapToGrid":false,"vertices":[{"x":-21,"y":1,"length":21.02379604162864},{"x":432,"y":-240,"length":494.19024676737604}],"originOffsetRatio":0,"density":"1","action":0,"physic":true,"shapeH":16,"rotation":0,"stretchTexture":false,"height":255.1,"x":4590,"isStatic":false,"repeatTexture":true,"id":-1,"width":466,"textureOffset":0,"safeId":1,"graphic":true,"smoothing":true,"y":-650,"textureMode":true},"className":"frg.game.editor.objects::DynamicPather"},{"params":{"wireframe":false,"type":5,"straightSides":true,"snapToGrid":false,"vertices":[{"x":0,"y":0,"length":0},{"x":27,"y":64,"length":69.46221994724903},{"x":60,"y":119,"length":133.27040181525678},{"x":94,"y":163,"length":188.16216410320115},{"x":178,"y":197,"length":265.5051788572118},{"x":264,"y":219,"length":343.01166160933946},{"x":2616,"y":730,"length":2715.9447711615935}],"originOffsetRatio":0,"density":"1","action":0,"physic":true,"shapeH":64,"rotation":0,"stretchTexture":false,"height":773.7,"x":4980,"isStatic":true,"repeatTexture":true,"id":-1,"width":2652.3,"textureOffset":0,"safeId":-1,"graphic":true,"smoothing":true,"y":-220,"textureMode":true},"className":"frg.game.editor.objects::DynamicPather"},{"params":{"layer":6,"vertices":[{"x":-60,"y":-5,"length":60.207972893961475},{"x":510,"y":15,"length":510.22054055084845},{"x":630,"y":10,"length":630.0793600809345},{"x":678,"y":6,"length":678.0265481527991},{"x":745,"y":-5,"length":745.0167783345554},{"x":815,"y":-30,"length":815.5519603311612},{"x":907,"y":-82,"length":910.6991819475847},{"x":855,"y":10,"length":855.0584775323849},{"x":780,"y":80,"length":784.0918313565063},{"x":705,"y":125,"length":715.9958100436063},{"x":595,"y":145,"length":612.413259164104}],"density":1,"safeId":2,"physic":true,"rem":true,"rotation":0,"plr":false,"line":true,"x":5150,"isStatic":false,"id":-1,"isWheel":false,"ignore":false,"graphic":true,"y":-60},"className":"frg.game.editor.objects::LandscapeShaper"},{"params":{"height":688,"x":12220,"y":-380,"rotation":0,"width":428},"className":"FinishZone"},{"params":{"height":21.75,"x":3530,"id":-1,"active":true,"safeId":1,"y":-650,"rotation":0,"width":86},"className":"PlankCandy"},{"params":{"height":21.75,"x":3600,"id":-1,"active":true,"safeId":1,"y":-650,"rotation":0,"width":86},"className":"PlankCandy"},{"params":{"height":21.75,"x":3670,"id":-1,"active":true,"safeId":1,"y":-650,"rotation":0,"width":86},"className":"PlankCandy"},{"params":{"height":21.75,"x":3740,"id":-1,"active":true,"safeId":1,"y":-650,"rotation":0,"width":86},"className":"PlankCandy"},{"params":{"height":21.75,"x":3810,"id":-1,"active":true,"safeId":1,"y":-650,"rotation":0,"width":86},"className":"PlankCandy"},{"params":{"height":21.75,"x":3880,"id":-1,"active":true,"safeId":1,"y":-650,"rotation":0,"width":86},"className":"PlankCandy"},{"params":{"height":21.75,"x":3950,"id":-1,"active":true,"safeId":1,"y":-650,"rotation":0,"width":86},"className":"PlankCandy"},{"params":{"height":21.75,"x":4020,"id":-1,"active":true,"safeId":1,"y":-650,"rotation":0,"width":86},"className":"PlankCandy"},{"params":{"height":21.75,"x":4090,"id":-1,"active":true,"safeId":1,"y":-650,"rotation":0,"width":86},"className":"PlankCandy"},{"params":{"height":21.75,"x":4160,"id":-1,"active":true,"safeId":1,"y":-650,"rotation":0,"width":86},"className":"PlankCandy"},{"params":{"height":21.75,"x":4230,"id":-1,"active":true,"safeId":1,"y":-650,"rotation":0,"width":86},"className":"PlankCandy"},{"params":{"height":21.75,"x":4300,"id":-1,"active":true,"safeId":1,"y":-650,"rotation":0,"width":86},"className":"PlankCandy"},{"params":{"height":21.75,"x":4370,"id":-1,"active":true,"safeId":1,"y":-650,"rotation":0,"width":86},"className":"PlankCandy"},{"params":{"height":21.75,"x":4440,"id":-1,"active":true,"safeId":1,"y":-650,"rotation":0,"width":86},"className":"PlankCandy"},{"params":{"height":21.75,"x":4510,"id":-1,"active":true,"safeId":1,"y":-650,"rotation":0,"width":86},"className":"PlankCandy"},{"params":{"height":21.75,"x":4580,"id":-1,"active":true,"safeId":1,"y":-650,"rotation":0,"width":86},"className":"PlankCandy"},{"params":{"height":21.75,"x":4650,"id":-1,"active":true,"safeId":1,"y":-650,"rotation":0,"width":86},"className":"PlankCandy"},{"params":{"height":21.75,"x":4720,"id":-1,"active":true,"safeId":1,"y":-650,"rotation":0,"width":86},"className":"PlankCandy"},{"params":{"height":21.75,"x":5876,"id":-1,"active":true,"safeId":2,"y":-648,"rotation":0,"width":86},"className":"PlankCandy"},{"params":{"height":21.75,"x":5736,"id":-1,"active":true,"safeId":2,"y":-648,"rotation":0,"width":86},"className":"PlankCandy"},{"params":{"height":21.75,"x":5272,"id":-1,"active":true,"safeId":2,"y":-648,"rotation":0,"width":86},"className":"PlankCandy"},{"params":{"height":21.75,"x":5552,"id":-1,"active":true,"safeId":2,"y":-648,"rotation":0,"width":86},"className":"PlankCandy"},{"params":{"height":21.75,"x":5482,"id":-1,"active":true,"safeId":2,"y":-648,"rotation":0,"width":86},"className":"PlankCandy"},{"params":{"height":21.75,"x":6016,"id":-1,"active":true,"safeId":2,"y":-648,"rotation":0,"width":86},"className":"PlankCandy"},{"params":{"height":21.75,"x":5946,"id":-1,"active":true,"safeId":2,"y":-648,"rotation":0,"width":86},"className":"PlankCandy"},{"params":{"height":21.75,"x":5342,"id":-1,"active":true,"safeId":2,"y":-648,"rotation":0,"width":86},"className":"PlankCandy"},{"params":{"height":21.75,"x":5202,"id":-1,"active":true,"safeId":2,"y":-648,"rotation":0,"width":86},"className":"PlankCandy"},{"params":{"height":21.75,"x":5666,"id":-1,"active":true,"safeId":2,"y":-648,"rotation":0,"width":86},"className":"PlankCandy"},{"params":{"height":21.75,"x":5806,"id":-1,"active":true,"safeId":2,"y":-648,"rotation":0,"width":86},"className":"PlankCandy"},{"params":{"height":21.75,"x":5412,"id":-1,"active":true,"safeId":2,"y":-648,"rotation":0,"width":86},"className":"PlankCandy"},{"params":{"wireframe":false,"type":5,"straightSides":true,"snapToGrid":false,"vertices":[{"x":0,"y":0,"length":0},{"x":107,"y":-6,"length":107.16809226630845},{"x":202,"y":-16,"length":202.63267258761604},{"x":277,"y":-15,"length":277.4058398808504},{"x":334,"y":-10,"length":334.1496670655232},{"x":406,"y":8,"length":406.07881008493905},{"x":466,"y":12,"length":466.1544808322666},{"x":506,"y":6,"length":506.0355718721758},{"x":620,"y":-8,"length":620.0516107551048},{"x":720,"y":-7,"length":720.0340269737258},{"x":770,"y":0,"length":770},{"x":850,"y":-1,"length":850.0005882350906},{"x":904,"y":-22,"length":904.267659490264},{"x":956,"y":-40,"length":956.8364541550452},{"x":1025,"y":-59,"length":1026.6966445839785},{"x":1087,"y":-73,"length":1089.4484843258997},{"x":1166,"y":-76,"length":1168.4742187998843},{"x":1282,"y":-62,"length":1283.4983443697931},{"x":1355,"y":-35,"length":1355.4519541466602},{"x":1433,"y":-10,"length":1433.0348914105336},{"x":1521,"y":0,"length":1521},{"x":1674,"y":9,"length":1674.0241933735606},{"x":1799,"y":-2,"length":1799.0011117283948},{"x":1900,"y":-17,"length":1900.0760511095339},{"x":2010,"y":-25,"length":2010.15546662441},{"x":2120,"y":-24,"length":2120.1358447042962},{"x":2218,"y":-17,"length":2218.0651478259156},{"x":2359,"y":-2,"length":2359.000847816719},{"x":2454,"y":10,"length":2454.0203748135427},{"x":2529,"y":18,"length":2529.0640561282744},{"x":2640,"y":23,"length":2640.1001874928916}],"originOffsetRatio":0,"density":"1","action":0,"physic":true,"shapeH":64,"rotation":0,"stretchTexture":false,"height":163,"x":9432,"isStatic":true,"repeatTexture":true,"id":-1,"width":2653,"textureOffset":0,"safeId":-1,"graphic":true,"smoothing":true,"y":771,"textureMode":true},"className":"frg.game.editor.objects::DynamicPather"}],[{"params":{"height":95.35,"x":760,"y":-490,"rotation":0,"scaleX":1,"scaleY":0.7428905336969226,"width":9.3},"className":"SignPillar"},{"params":{"height":70.65,"x":5820,"y":-280,"rotation":0,"width":70.65},"className":"Sign2"},{"params":{"height":128.35,"x":7030,"y":10,"rotation":132,"scaleX":1,"scaleY":1,"width":9.3},"className":"SignPillar"},{"params":{"height":69.8,"x":7100,"y":70,"rotation":147,"width":68.8},"className":"Sign1"},{"params":{"height":128.35,"x":9530,"y":110,"rotation":45,"scaleX":1,"scaleY":1,"width":9.3},"className":"SignPillar"},{"params":{"height":69.8,"x":9590,"y":50,"rotation":141,"width":68.8},"className":"Sign1"},{"params":{"height":128.35,"x":9030,"y":170,"rotation":-15,"scaleX":1,"scaleY":1,"width":9.3},"className":"SignPillar"},{"params":{"height":82.25,"x":730,"y":-460,"rotation":0,"width":63.15},"className":"Dec29"},{"params":{"height":213.45,"x":-20,"y":-860,"rotation":66,"scaleX":1,"scaleY":1,"width":171.75},"className":"Dec13"},{"params":{"height":234.2,"x":2680,"y":-580,"rotation":-12,"scaleX":1,"scaleY":1,"width":197},"className":"Dec15"},{"params":{"height":244.8,"x":2640,"y":-560,"rotation":0,"scaleX":1,"scaleY":1,"width":165.85},"className":"Dec14"},{"params":{"height":213.45,"x":2730,"y":-600,"rotation":0,"scaleX":1,"scaleY":1,"width":171.75},"className":"Dec13"},{"params":{"height":244.8,"x":5086,"y":-770,"rotation":0,"scaleX":-1,"scaleY":1,"width":165.85},"className":"Dec14"},{"params":{"height":82.25,"x":9010,"y":221,"rotation":-18,"width":63.15},"className":"Dec29"},{"params":{"height":234.2,"x":12220,"y":-150,"rotation":0,"scaleX":1,"scaleY":1,"width":197},"className":"Dec15"},{"params":{"height":244.8,"x":11970,"y":-130,"rotation":-21,"scaleX":1,"scaleY":1,"width":165.85},"className":"Dec14"},{"params":{"height":213.45,"x":12549,"y":-100,"rotation":18,"scaleX":-1,"scaleY":1,"width":171.75},"className":"Dec13"}],[{"params":{"height":18,"x":624,"y":140,"rotation":-90,"safeId":-1,"ttl":0.5,"width":132},"className":"GlassCrashed0"},{"params":{"height":18,"x":624,"y":10,"rotation":-90,"safeId":-1,"ttl":0.5,"width":132},"className":"GlassCrashed0"},{"params":{"height":18,"x":624,"y":-120,"rotation":-90,"safeId":-1,"ttl":0.5,"width":132},"className":"GlassCrashed0"},{"params":{"height":18,"x":624,"y":-250,"rotation":-90,"safeId":-1,"ttl":0.5,"width":132},"className":"GlassCrashed0"},{"params":{"height":18,"x":624,"y":-380,"rotation":-90,"safeId":-1,"ttl":0.5,"width":132},"className":"GlassCrashed0"},{"params":{"height":18,"x":624,"y":-510,"rotation":-90,"safeId":-1,"ttl":0.5,"width":132},"className":"GlassCrashed0"},{"params":{"height":18,"x":624,"y":-640,"rotation":-90,"safeId":-1,"ttl":0.5,"width":132},"className":"GlassCrashed0"},{"params":{"rate":1,"height":128,"x":383,"id":-1,"rotation":0,"safeId":-1,"speed":1000,"y":100,"width":417},"className":"GeyserE"},{"params":{"rate":1,"height":128,"x":383,"id":-1,"rotation":0,"safeId":-1,"speed":1000,"y":-60,"width":417},"className":"GeyserE"},{"params":{"rate":1,"height":128,"x":383,"id":-1,"rotation":0,"safeId":-1,"speed":1000,"y":-220,"width":417},"className":"GeyserE"},{"params":{"rate":1,"height":128,"x":383,"id":-1,"rotation":0,"safeId":-1,"speed":1000,"y":-370,"width":417},"className":"GeyserE"},{"params":{"rate":1,"height":128,"x":383,"id":-1,"rotation":0,"safeId":-1,"speed":1000,"y":-520,"width":417},"className":"GeyserE"},{"params":{"height":99,"force":5000,"y":-690,"rotation":0,"safeId":-1,"x":560,"time":1,"width":100},"className":"BoostE"},{"params":{"height":99,"force":3500,"y":-560,"rotation":0,"safeId":1,"x":1340,"time":1,"width":100},"className":"BoostE"},{"params":{"stones":false,"safeId":2,"physic":true,"impulse":3000,"rotation":0,"height":53.2,"x":5609,"id":7,"count":12,"radius":64,"y":-630,"width":53.2},"className":"Tnt1"},{"params":{"height":99,"force":10000,"y":70,"rotation":0,"safeId":3,"x":9370,"time":2,"width":100},"className":"BoostE"}],null,[{"params":{"height":32,"x":380,"y":360,"rotation":0,"width":64},"className":"PlayerWP"},{"params":{"height":381,"x":760,"y":-540,"width":128,"id":1,"rotation":0},"className":"SafePointE"},{"params":{"height":1745,"x":4960,"y":-770,"width":128,"id":2,"rotation":0},"className":"SafePointE"},{"params":{"height":2139,"x":9000,"y":90,"width":128,"id":3,"rotation":0},"className":"SafePointE"}],[{"params":{"height":17,"x":3566,"id":-1,"rotation":0,"safeId":1,"graphic":0,"y":-650,"width":17},"className":"PivotJointE"},{"params":{"height":17,"x":3636,"id":-1,"rotation":0,"safeId":1,"graphic":0,"y":-650,"width":17},"className":"PivotJointE"},{"params":{"height":17,"x":3706,"id":-1,"rotation":0,"safeId":1,"graphic":0,"y":-650,"width":17},"className":"PivotJointE"},{"params":{"height":17,"x":3776,"id":-1,"rotation":0,"safeId":1,"graphic":0,"y":-650,"width":17},"className":"PivotJointE"},{"params":{"height":17,"x":3846,"id":-1,"rotation":0,"safeId":1,"graphic":0,"y":-650,"width":17},"className":"PivotJointE"},{"params":{"height":17,"x":3916,"id":-1,"rotation":0,"safeId":1,"graphic":0,"y":-650,"width":17},"className":"PivotJointE"},{"params":{"height":17,"x":3986,"id":-1,"rotation":0,"safeId":1,"graphic":0,"y":-650,"width":17},"className":"PivotJointE"},{"params":{"height":17,"x":4056,"id":-1,"rotation":0,"safeId":1,"graphic":0,"y":-650,"width":17},"className":"PivotJointE"},{"params":{"height":17,"x":4126,"id":-1,"rotation":0,"safeId":1,"graphic":0,"y":-650,"width":17},"className":"PivotJointE"},{"params":{"height":17,"x":4196,"id":-1,"rotation":0,"safeId":1,"graphic":0,"y":-650,"width":17},"className":"PivotJointE"},{"params":{"height":17,"x":4266,"id":-1,"rotation":0,"safeId":1,"graphic":0,"y":-650,"width":17},"className":"PivotJointE"},{"params":{"height":17,"x":4336,"id":-1,"rotation":0,"safeId":1,"graphic":0,"y":-650,"width":17},"className":"PivotJointE"},{"params":{"height":17,"x":4406,"id":-1,"rotation":0,"safeId":1,"graphic":0,"y":-650,"width":17},"className":"PivotJointE"},{"params":{"height":17,"x":4476,"id":-1,"rotation":0,"safeId":1,"graphic":0,"y":-650,"width":17},"className":"PivotJointE"},{"params":{"height":17,"x":4546,"id":-1,"rotation":0,"safeId":1,"graphic":0,"y":-650,"width":17},"className":"PivotJointE"},{"params":{"height":17,"x":4616,"id":-1,"rotation":0,"safeId":1,"graphic":0,"y":-650,"width":17},"className":"PivotJointE"},{"params":{"height":17,"x":4686,"id":-1,"rotation":0,"safeId":1,"graphic":0,"y":-650,"width":17},"className":"PivotJointE"},{"params":{"height":17,"x":3676,"id":-1,"rotation":0,"safeId":1,"graphic":0,"y":-650,"width":17},"className":"PivotJointE"},{"params":{"height":17,"x":3240,"id":-1,"rotation":0,"safeId":1,"graphic":0,"y":-890,"width":17},"className":"PivotJointE"},{"params":{"height":17,"x":5010,"id":-1,"rotation":0,"safeId":1,"graphic":0,"y":-880,"width":17},"className":"PivotJointE"},{"params":{"height":17,"x":4576,"id":-1,"rotation":0,"safeId":1,"graphic":0,"y":-650,"width":17},"className":"PivotJointE"},{"params":{"height":17,"x":5308,"id":-1,"rotation":0,"safeId":2,"graphic":0,"y":-648,"width":17},"className":"PivotJointE"},{"params":{"height":17,"x":5772,"id":-1,"rotation":0,"safeId":2,"graphic":0,"y":-648,"width":17},"className":"PivotJointE"},{"params":{"height":17,"x":5632,"id":6,"rotation":0,"safeId":2,"graphic":0,"y":-648,"width":17},"className":"PivotJointE"},{"params":{"height":17,"x":6052,"id":-1,"rotation":0,"safeId":2,"graphic":0,"y":-648,"width":17},"className":"PivotJointE"},{"params":{"height":17,"x":5518,"id":-1,"rotation":0,"safeId":2,"graphic":0,"y":-648,"width":17},"className":"PivotJointE"},{"params":{"height":17,"x":5238,"id":-1,"rotation":0,"safeId":2,"graphic":0,"y":-648,"width":17},"className":"PivotJointE"},{"params":{"height":17,"x":5982,"id":-1,"rotation":0,"safeId":2,"graphic":0,"y":-648,"width":17},"className":"PivotJointE"},{"params":{"height":17,"x":5378,"id":-1,"rotation":0,"safeId":2,"graphic":0,"y":-648,"width":17},"className":"PivotJointE"},{"params":{"height":17,"x":5448,"id":-1,"rotation":0,"safeId":2,"graphic":0,"y":-648,"width":17},"className":"PivotJointE"},{"params":{"height":17,"x":5842,"id":-1,"rotation":0,"safeId":2,"graphic":0,"y":-648,"width":17},"className":"PivotJointE"},{"params":{"height":17,"x":5702,"id":-1,"rotation":0,"safeId":2,"graphic":0,"y":-648,"width":17},"className":"PivotJointE"},{"params":{"height":17,"x":5912,"id":-1,"rotation":0,"safeId":2,"graphic":0,"y":-648,"width":17},"className":"PivotJointE"},{"params":{"height":17,"x":5588,"id":6,"rotation":0,"safeId":2,"graphic":0,"y":-648,"width":17},"className":"PivotJointE"},{"params":{"height":17,"x":5168,"id":-1,"rotation":0,"safeId":2,"graphic":0,"y":-648,"width":17},"className":"PivotJointE"},{"params":{"height":64,"hint":-1,"id":6,"rotation":18,"safeId":2,"x":5640,"off":false,"id_off":-1,"y":-1010,"width":171,"sndId":-1},"className":"ToggleE"},{"params":{"height":64,"hint":-1,"id":7,"rotation":18,"safeId":2,"x":5640,"off":false,"id_off":-1,"y":-1006,"width":171,"sndId":-1},"className":"ToggleE"},{"params":{"height":17,"x":5740,"id":-1,"rotation":0,"safeId":2,"graphic":0,"y":24,"width":17},"className":"PivotJointE"},{"params":{"height":17,"x":5348,"id":9,"rotation":0,"safeId":2,"graphic":0,"y":-28,"width":17},"className":"PivotJointE"},{"params":{"height":64,"hint":-1,"id":9,"rotation":0,"safeId":2,"x":5540,"off":false,"id_off":-1,"y":-60,"width":864,"sndId":-1},"className":"ToggleE"}]]}