﻿{"layers":[[{"className":"frg.game.editor.objects::LandscapeShaper","params":{"isWheel":false,"x":8267,"vertices":[{"y":0,"x":0},{"y":-17,"x":28},{"y":-32,"x":59},{"y":-46,"x":92},{"y":-56,"x":136},{"y":-62,"x":188},{"y":-60,"x":238},{"y":-49,"x":288},{"y":-32,"x":329},{"y":-4,"x":377},{"y":26,"x":415},{"y":58,"x":446},{"y":102,"x":473},{"y":146,"x":494},{"y":191,"x":507},{"y":241,"x":514},{"y":302,"x":513},{"y":355,"x":500},{"y":406,"x":478},{"y":451,"x":451},{"y":485,"x":422},{"y":512,"x":391},{"y":540,"x":348},{"y":561,"x":309},{"y":577,"x":260},{"y":581,"x":212},{"y":580,"x":160},{"y":573,"x":112},{"y":556,"x":65},{"y":536,"x":27},{"y":511,"x":-5},{"y":480,"x":-38},{"y":444,"x":-70},{"y":404,"x":-94},{"y":357,"x":-115},{"y":316,"x":-125},{"y":250,"x":-128},{"y":204,"x":-124},{"y":155,"x":-111},{"y":111,"x":-96},{"y":74,"x":-70},{"y":37,"x":-38}],"y":-60,"isStatic":false,"rotation":0,"graphic":true,"plr":false,"density":1,"layer":6,"rem":true,"line":true,"ignore":false,"id":-1,"physic":true,"safeId":3}},{"className":"FinishZone","params":{"rotation":0,"x":8290,"height":248,"y":-640,"width":1148}},{"className":"frg.game.editor.objects::WaterShaper","params":{"bg":true,"x":5280,"id":-1,"vertices":[{"y":0,"x":0},{"y":0,"x":1590},{"y":280,"x":1585},{"y":280,"x":-5}],"y":-1050,"rotation":0,"density":1.5,"sf":true,"viscosity":1.5}},{"className":"frg.game.editor.objects::GroundPather","params":{"x":260,"vertices":[{"y":0,"x":-400},{"y":-1,"x":664},{"y":7,"x":836},{"y":31,"x":976},{"y":94,"x":1150},{"y":318,"x":1628},{"y":357,"x":1719},{"y":371,"x":1791},{"y":376,"x":1876},{"y":367,"x":1962},{"y":353,"x":2026},{"y":329,"x":2089},{"y":289,"x":2154},{"y":242,"x":2217},{"y":187,"x":2269},{"y":112,"x":2321},{"y":27,"x":2360},{"y":-57,"x":2381},{"y":-141,"x":2387},{"y":-241,"x":2378},{"y":-326,"x":2351},{"y":-409,"x":2309},{"y":-478,"x":2264},{"y":-510,"x":2264},{"y":-534,"x":2289},{"y":-543,"x":2334},{"y":-527,"x":2430},{"y":-493,"x":2532},{"y":-162,"x":3228},{"y":-149,"x":3310},{"y":-145,"x":3387},{"y":-149,"x":3457},{"y":-166,"x":3525},{"y":-189,"x":3599},{"y":-228,"x":3661},{"y":-282,"x":3732},{"y":-343,"x":3786},{"y":-406,"x":3831},{"y":-494,"x":3867},{"y":-576,"x":3890},{"y":-666,"x":3894},{"y":-760,"x":3887},{"y":-875,"x":3885},{"y":-942,"x":3903},{"y":-1009,"x":3961},{"y":-1069,"x":4053},{"y":-1106,"x":4162},{"y":-1158,"x":4265},{"y":-1258,"x":4398},{"y":-1370,"x":4510},{"y":-1443,"x":4574},{"y":-1507,"x":4642},{"y":-1543,"x":4721},{"y":-1542,"x":5009},{"y":-1524,"x":5055},{"y":-1486,"x":5080},{"y":-1478,"x":5115},{"y":-1456,"x":5156},{"y":-1428,"x":5201},{"y":-1373,"x":5286},{"y":-1325,"x":5402},{"y":-1293,"x":5509},{"y":-1263,"x":5657},{"y":-1256,"x":5828}],"y":400,"cameraOffsetY":120,"snapToGrid":false,"textureMode":true,"straightSides":true,"originOffsetRatio":0,"physic":true,"stretchTexture":false,"directed":true,"repeatTexture":true,"thick":16,"rotation":0,"textureOffset":0,"camera":false,"width":6241,"wireframe":false,"height":1983.1,"isRoad":true,"smoothing":true,"shape":true,"lineId":0,"line":true,"direction":90}},{"className":"frg.game.editor.objects::LandscapeShaper","params":{"isWheel":false,"x":-120,"vertices":[{"y":-465,"x":0},{"y":-2385,"x":545},{"y":-4160,"x":8220},{"y":-2900,"x":9567},{"y":-565,"x":10405},{"y":1530,"x":11355},{"y":1160,"x":7418},{"y":758,"x":5618},{"y":76,"x":6209},{"y":-1158,"x":6212},{"y":-1169,"x":6327},{"y":-1184,"x":6394},{"y":-1205,"x":6462},{"y":-1228,"x":6534},{"y":-1258,"x":6600},{"y":-1306,"x":6672},{"y":-1348,"x":6734},{"y":-1401,"x":6796},{"y":-1445,"x":6838},{"y":-1493,"x":6885},{"y":-1545,"x":6933},{"y":-1577,"x":6951},{"y":-1585,"x":6991},{"y":-1579,"x":7027},{"y":-1565,"x":7065},{"y":-1548,"x":7112},{"y":-1523,"x":7150},{"y":-1494,"x":7187},{"y":-1455,"x":7203},{"y":-1411,"x":7216},{"y":-1364,"x":7228},{"y":-1314,"x":7230},{"y":-1273,"x":7231},{"y":-1197,"x":7217},{"y":-1094,"x":7197},{"y":-1031,"x":7186},{"y":-971,"x":7173},{"y":-899,"x":7157},{"y":-825,"x":7147},{"y":-760,"x":7143},{"y":-708,"x":7143},{"y":-643,"x":7163},{"y":-582,"x":7194},{"y":-517,"x":7237},{"y":-475,"x":7281},{"y":-446,"x":7342},{"y":-408,"x":7474},{"y":-405,"x":7574},{"y":-402,"x":7630},{"y":-411,"x":7724},{"y":-430,"x":7828},{"y":-438,"x":7901},{"y":-440,"x":7945},{"y":-430,"x":7978},{"y":-389,"x":8008},{"y":-329,"x":8030},{"y":-267,"x":8029},{"y":-204,"x":8015},{"y":-120,"x":8004},{"y":-54,"x":8004},{"y":29,"x":8018},{"y":124,"x":8048},{"y":190,"x":8083},{"y":269,"x":8143},{"y":326,"x":8198},{"y":384,"x":8273},{"y":417,"x":8331},{"y":443,"x":8394},{"y":462,"x":8475},{"y":471,"x":8543},{"y":467,"x":8612},{"y":461,"x":8691},{"y":439,"x":8771},{"y":406,"x":8845},{"y":368,"x":8906},{"y":326,"x":8960},{"y":279,"x":9006},{"y":230,"x":9049},{"y":186,"x":9074},{"y":100,"x":9120},{"y":-10,"x":9145},{"y":-90,"x":9150},{"y":-180,"x":9150},{"y":-260,"x":9130},{"y":-330,"x":9110},{"y":-525,"x":8980},{"y":-610,"x":8970},{"y":-660,"x":8960},{"y":-780,"x":8895},{"y":-875,"x":8820},{"y":-975,"x":8640},{"y":-1020,"x":8490},{"y":-1030,"x":8360},{"y":-1020,"x":8255},{"y":-1000,"x":8170},{"y":-960,"x":8090},{"y":-915,"x":8015},{"y":-825,"x":7900},{"y":-775,"x":7790},{"y":-760,"x":7695},{"y":-800,"x":7605},{"y":-855,"x":7545},{"y":-945,"x":7520},{"y":-1035,"x":7525},{"y":-1105,"x":7545},{"y":-1440,"x":7655},{"y":-1550,"x":7680},{"y":-1633,"x":7682},{"y":-1742,"x":7668},{"y":-1851,"x":7628},{"y":-1940,"x":7560},{"y":-2008,"x":7477},{"y":-2037,"x":7380},{"y":-2048,"x":7280},{"y":-2012,"x":7158},{"y":-1970,"x":7071},{"y":-1916,"x":7003},{"y":-1807,"x":6889},{"y":-1729,"x":6800},{"y":-1658,"x":6685},{"y":-1585,"x":6460},{"y":-1570,"x":6300},{"y":-1600,"x":6200},{"y":-1660,"x":6050},{"y":-1735,"x":5900},{"y":-1810,"x":5820},{"y":-1870,"x":5755},{"y":-1915,"x":5680},{"y":-1960,"x":5580},{"y":-1960,"x":5480},{"y":-1930,"x":5400},{"y":-1920,"x":5285},{"y":-1935,"x":5160},{"y":-1940,"x":5055},{"y":-1960,"x":4855},{"y":-1975,"x":4705},{"y":-1950,"x":4470},{"y":-1920,"x":4285},{"y":-1890,"x":4155},{"y":-1835,"x":4060},{"y":-1745,"x":3995},{"y":-1605,"x":3950},{"y":-1465,"x":3965},{"y":-1335,"x":3990},{"y":-1205,"x":4000},{"y":-1095,"x":3975},{"y":-1015,"x":3950},{"y":-855,"x":3925},{"y":-675,"x":3950},{"y":-495,"x":3955},{"y":-405,"x":3915},{"y":-350,"x":3885},{"y":-325,"x":3810},{"y":-330,"x":3735},{"y":-440,"x":3625},{"y":-605,"x":3525},{"y":-760,"x":3400},{"y":-870,"x":3315},{"y":-970,"x":3210},{"y":-1025,"x":3100},{"y":-1070,"x":2975},{"y":-1095,"x":2805},{"y":-1094,"x":2591},{"y":-1070,"x":2445},{"y":-1004,"x":2312},{"y":-982,"x":2180},{"y":-970,"x":2105},{"y":-990,"x":1995},{"y":-1016,"x":1912},{"y":-1025,"x":1836},{"y":-1025,"x":1754},{"y":-1005,"x":1683},{"y":-974,"x":1613},{"y":-937,"x":1562},{"y":-895,"x":1513},{"y":-845,"x":1470},{"y":-797,"x":1445},{"y":-747,"x":1426},{"y":-678,"x":1409},{"y":-614,"x":1402},{"y":-564,"x":1404},{"y":-512,"x":1412},{"y":-453,"x":1431},{"y":-400,"x":1460},{"y":-337,"x":1509},{"y":-280,"x":1572},{"y":-244,"x":1620},{"y":-223,"x":1667},{"y":-204,"x":1720},{"y":-195,"x":1773},{"y":-194,"x":1822},{"y":-201,"x":1883},{"y":-211,"x":1934},{"y":-225,"x":1982},{"y":-245,"x":2020},{"y":-270,"x":2060},{"y":-300,"x":2095},{"y":-350,"x":2141},{"y":-387,"x":2167},{"y":-402,"x":2188},{"y":-394,"x":2210},{"y":-363,"x":2218},{"y":-333,"x":2194},{"y":-271,"x":2213},{"y":-220,"x":2204},{"y":-166,"x":2180},{"y":-95,"x":2140},{"y":-53,"x":2093},{"y":-6,"x":2070},{"y":26,"x":2009},{"y":50,"x":1940},{"y":71,"x":1887},{"y":88,"x":1844},{"y":85,"x":1798},{"y":58,"x":1761},{"y":7,"x":1719},{"y":-70,"x":1647},{"y":-118,"x":1564},{"y":-142,"x":1470},{"y":-143,"x":1415},{"y":-128,"x":1380},{"y":-110,"x":1320},{"y":-126,"x":1244},{"y":-148,"x":1163},{"y":-170,"x":1051},{"y":-166,"x":950},{"y":-172,"x":855},{"y":-171,"x":761},{"y":-171,"x":670},{"y":-176,"x":592},{"y":-162,"x":500},{"y":-125,"x":440},{"y":-86,"x":410},{"y":-9,"x":406},{"y":135,"x":435},{"y":135,"x":0}],"y":300,"isStatic":true,"rotation":0,"graphic":true,"plr":false,"density":1,"layer":2,"rem":true,"line":true,"ignore":false,"id":-1,"physic":true,"safeId":-1}},{"className":"frg.game.editor.objects::LandscapeShaper","params":{"isWheel":false,"x":1302,"vertices":[{"y":0,"x":0},{"y":0,"x":790},{"y":55,"x":790},{"y":55,"x":0}],"y":-337,"isStatic":false,"rotation":0,"graphic":true,"plr":false,"density":1,"layer":6,"rem":true,"line":true,"ignore":false,"id":-1,"physic":true,"safeId":-1}},{"className":"frg.game.editor.objects::GroundPather","params":{"x":260,"vertices":[{"y":0,"x":-400},{"y":-1,"x":664},{"y":7,"x":836},{"y":31,"x":976},{"y":94,"x":1150},{"y":318,"x":1628},{"y":357,"x":1719},{"y":371,"x":1791},{"y":376,"x":1876},{"y":367,"x":1962},{"y":353,"x":2026},{"y":329,"x":2089},{"y":289,"x":2154},{"y":242,"x":2217},{"y":187,"x":2269},{"y":112,"x":2321},{"y":-229,"x":2559},{"y":-260,"x":2710},{"y":-162,"x":3228},{"y":-149,"x":3310},{"y":-145,"x":3387},{"y":-149,"x":3457},{"y":-166,"x":3525},{"y":-189,"x":3599},{"y":-228,"x":3661},{"y":-282,"x":3732},{"y":-343,"x":3786},{"y":-406,"x":3831},{"y":-494,"x":3867},{"y":-576,"x":3890},{"y":-680,"x":3919},{"y":-806,"x":3979},{"y":-942,"x":4068},{"y":-1076,"x":4203},{"y":-1258,"x":4398},{"y":-1340,"x":4536},{"y":-1386,"x":5182},{"y":-1373,"x":5286},{"y":-1325,"x":5402},{"y":-1293,"x":5509},{"y":-1263,"x":5657},{"y":-1257,"x":5809},{"y":-1272,"x":5962},{"y":-1307,"x":6109},{"y":-1313,"x":6253},{"y":-1170,"x":6433},{"y":-553,"x":6857},{"y":-480,"x":7134},{"y":-431,"x":7552},{"y":99,"x":7893},{"y":242,"x":8129},{"y":216,"x":8496},{"y":-57,"x":9686}],"y":400,"cameraOffsetY":80,"snapToGrid":false,"textureMode":true,"straightSides":true,"originOffsetRatio":0,"physic":false,"stretchTexture":false,"directed":false,"repeatTexture":true,"thick":16,"rotation":0,"textureOffset":0,"camera":true,"width":10099,"wireframe":false,"height":1775,"isRoad":false,"smoothing":true,"shape":false,"lineId":0,"line":false,"direction":90}},{"className":"frg.game.editor.objects::LandscapeShaper","params":{"isWheel":false,"x":4315,"vertices":[{"y":0,"x":0},{"y":-11,"x":31},{"y":-18,"x":72},{"y":-14,"x":111},{"y":0,"x":146},{"y":18,"x":177},{"y":47,"x":198},{"y":81,"x":207},{"y":112,"x":206},{"y":147,"x":191},{"y":178,"x":161},{"y":195,"x":124},{"y":204,"x":71},{"y":198,"x":28},{"y":179,"x":-5},{"y":158,"x":-30},{"y":127,"x":-48},{"y":94,"x":-54},{"y":60,"x":-48},{"y":28,"x":-30}],"y":-918,"isStatic":false,"rotation":0,"graphic":true,"plr":false,"density":1,"layer":3,"rem":true,"line":true,"ignore":false,"id":-1,"physic":true,"safeId":1}},{"className":"frg.game.editor.objects::LandscapeShaper","params":{"isWheel":false,"x":4655,"vertices":[{"y":2,"x":0},{"y":-16,"x":21},{"y":-23,"x":53},{"y":-19,"x":83},{"y":-2,"x":110},{"y":23,"x":134},{"y":61,"x":149},{"y":103,"x":156},{"y":143,"x":156},{"y":187,"x":145},{"y":227,"x":121},{"y":249,"x":93},{"y":261,"x":52},{"y":252,"x":19},{"y":229,"x":-1},{"y":201,"x":-20},{"y":162,"x":-35},{"y":119,"x":-40},{"y":78,"x":-35},{"y":36,"x":-20}],"y":-1208,"isStatic":false,"rotation":0,"graphic":true,"plr":false,"density":1,"layer":3,"rem":true,"line":true,"ignore":false,"id":-1,"physic":true,"safeId":1}},{"className":"PlankCandy","params":{"x":5378,"id":-1,"y":-1106,"width":86,"rotation":-6,"active":true,"height":21.75,"safeId":-1}},{"className":"PlankCandy","params":{"x":5448,"id":-1,"y":-1114,"width":86,"rotation":-6,"active":true,"height":21.75,"safeId":-1}},{"className":"PlankCandy","params":{"x":5517,"id":-1,"y":-1122,"width":86,"rotation":-6,"active":true,"height":21.75,"safeId":-1}},{"className":"PlankCandy","params":{"x":5587,"id":-1,"y":-1128,"width":86,"rotation":-6,"active":true,"height":21.75,"safeId":-1}},{"className":"PlankCandy","params":{"x":5657,"id":-1,"y":-1136,"width":86,"rotation":-6,"active":true,"height":21.75,"safeId":-1}},{"className":"PlankCandy","params":{"x":5725,"id":-1,"y":-1144,"width":86,"rotation":-6,"active":true,"height":21.75,"safeId":-1}},{"className":"PlankCandy","params":{"x":5795,"id":-1,"y":-1150,"width":86,"rotation":-6,"active":true,"height":21.75,"safeId":-1}},{"className":"PlankCandy","params":{"x":5865,"id":-1,"y":-1158,"width":86,"rotation":-6,"active":true,"height":21.75,"safeId":-1}},{"className":"PlankCandy","params":{"x":5935,"id":-1,"y":-1166,"width":86,"rotation":-6,"active":true,"height":21.75,"safeId":-1}},{"className":"PlankCandy","params":{"x":6004,"id":-1,"y":-1172,"width":86,"rotation":-6,"active":true,"height":21.75,"safeId":-1}},{"className":"PlankCandy","params":{"x":6074,"id":-1,"y":-1180,"width":86,"rotation":-6,"active":true,"height":21.75,"safeId":-1}},{"className":"PlankCandy","params":{"x":6144,"id":-1,"y":-1188,"width":86,"rotation":-6,"active":true,"height":21.75,"safeId":-1}},{"className":"PlankCandy","params":{"x":6213,"id":-1,"y":-1194,"width":86,"rotation":-6,"active":true,"height":21.75,"safeId":-1}},{"className":"PlankCandy","params":{"x":6283,"id":-1,"y":-1202,"width":86,"rotation":-6,"active":true,"height":21.75,"safeId":-1}},{"className":"PlankCandy","params":{"x":6353,"id":-1,"y":-1210,"width":86,"rotation":-6,"active":true,"height":21.75,"safeId":-1}},{"className":"PlankCandy","params":{"x":6423,"id":-1,"y":-1216,"width":86,"rotation":-6,"active":true,"height":21.75,"safeId":-1}},{"className":"PlankCandy","params":{"x":6491,"id":-1,"y":-1224,"width":86,"rotation":-6,"active":true,"height":21.75,"safeId":-1}},{"className":"PlankCandy","params":{"x":6561,"id":-1,"y":-1232,"width":86,"rotation":-6,"active":true,"height":21.75,"safeId":-1}},{"className":"PlankCandy","params":{"x":6631,"id":-1,"y":-1238,"width":86,"rotation":-6,"active":true,"height":21.75,"safeId":-1}},{"className":"PlankCandy","params":{"x":6700,"id":-1,"y":-1246,"width":86,"rotation":-6,"active":true,"height":21.75,"safeId":-1}},{"className":"PlankCandy","params":{"x":6770,"id":-1,"y":-1253,"width":86,"rotation":-6,"active":true,"height":21.75,"safeId":-1}}],[{"className":"SignPillar","params":{"x":3970,"y":-800,"scaleX":1,"width":9.3,"rotation":90.00000000000006,"scaleY":1.794701986754967,"height":230.4}},{"className":"Sign1","params":{"rotation":180,"x":3930,"height":69.8,"y":-800,"width":68.8}},{"className":"Sign1","params":{"rotation":180,"x":4020,"height":69.8,"y":-800,"width":68.8}},{"className":"Sign1","params":{"rotation":180,"x":4110,"height":69.8,"y":-800,"width":68.8}},{"className":"SignPillar","params":{"x":3660,"y":190,"scaleX":1,"width":9.3,"rotation":0,"scaleY":1,"height":128.35}},{"className":"SignPillar","params":{"x":5160,"y":-1210,"scaleX":1,"width":9.3,"rotation":0,"scaleY":1,"height":128.35}},{"className":"SignPillar","params":{"x":7460,"y":-170,"scaleX":1,"width":9.3,"rotation":0,"scaleY":1,"height":128.35}},{"className":"Dec15","params":{"x":440,"y":280,"scaleX":1,"width":197,"rotation":0,"scaleY":1,"height":234.2}},{"className":"Dec14","params":{"x":806,"y":290,"scaleX":-1,"width":165.85,"rotation":0,"scaleY":1,"height":244.8}},{"className":"Dec14","params":{"x":2890,"y":-170,"scaleX":1,"width":165.85,"rotation":27,"scaleY":1,"height":244.8}},{"className":"Dec29","params":{"rotation":0,"x":3630,"height":82.25,"y":234,"width":63.15}},{"className":"Dec29","params":{"rotation":0,"x":5130,"height":82.25,"y":-1160,"width":63.15}},{"className":"Dec13","params":{"x":4930,"y":-1250,"scaleX":1,"width":171.75,"rotation":6,"scaleY":1,"height":213.45}},{"className":"Dec29","params":{"rotation":0,"x":7430,"height":82.25,"y":-125,"width":63.15}},{"className":"Dec13","params":{"x":7907,"y":-230,"scaleX":-1,"width":171.75,"rotation":0,"scaleY":1,"height":213.45}},{"className":"Dec15","params":{"x":7020,"y":-1360,"scaleX":1,"width":197,"rotation":24,"scaleY":1,"height":234.2}}],[{"className":"BoostE","params":{"x":2600,"y":310,"width":100,"rotation":0,"height":99,"time":1.3,"force":5000,"safeId":-1}},{"className":"BoostE","params":{"x":4080,"y":-420,"width":100,"rotation":0,"height":99,"time":2,"force":3500,"safeId":1}},{"className":"BoostE","params":{"x":8080,"y":390,"width":100,"rotation":0,"height":99,"time":2,"force":10000,"safeId":3}},{"className":"GeyserE","params":{"speed":1000,"x":8010,"id":-1,"y":220,"rate":1,"width":245,"rotation":0,"height":128,"safeId":3}},{"className":"GeyserE","params":{"speed":1000,"x":8058,"id":-1,"y":405,"rate":1,"width":245,"rotation":-30,"height":128,"safeId":3}},{"className":"GeyserE","params":{"speed":1000,"x":8177,"id":-1,"y":544,"rate":1,"width":245,"rotation":-51,"height":128,"safeId":3}},{"className":"GeyserE","params":{"speed":1000,"x":8345,"id":-1,"y":630,"rate":1,"width":245,"rotation":-78,"height":128,"safeId":3}},{"className":"GeyserE","params":{"speed":1000,"x":8899,"id":-1,"y":265,"rate":1,"width":245,"rotation":-174,"height":128,"safeId":3}},{"className":"GeyserE","params":{"speed":1000,"x":8831,"id":-1,"y":441,"rate":1,"width":245,"rotation":-147,"height":128,"safeId":3}},{"className":"GeyserE","params":{"speed":1000,"x":8706,"id":-1,"y":574,"rate":1,"width":245,"rotation":-126,"height":128,"safeId":3}},{"className":"GeyserE","params":{"speed":1000,"x":8527,"id":-1,"y":641,"rate":1,"width":245,"rotation":-96,"height":128,"safeId":3}},{"className":"GeyserE","params":{"speed":1000,"x":8889,"id":-1,"y":65,"rate":1,"width":245,"rotation":162,"height":128,"safeId":3}},{"className":"GeyserE","params":{"speed":1000,"x":8799,"id":-1,"y":-95,"rate":1,"width":245,"rotation":141,"height":128,"safeId":3}}],null,[{"className":"PlayerWP","params":{"rotation":0,"x":580,"height":32,"y":320,"width":64}},{"className":"SafePointE","params":{"x":3660,"id":1,"y":120,"width":128,"rotation":0,"height":578}},{"className":"SafePointE","params":{"x":5160,"id":2,"y":-1280,"width":128,"rotation":0,"height":889}},{"className":"SafePointE","params":{"x":7460,"id":3,"y":-240,"width":128,"rotation":0,"height":622}}],[{"className":"MotorJointE","params":{"x":1700,"y":-310,"safeId":-1,"width":17,"rotation":0,"graphic":1,"height":17,"time":0,"id":1,"useWeld":false,"snd":false,"rate":-110}},{"className":"ToggleE","params":{"sndId":-1,"x":2960,"id":1,"hint":-1,"y":320,"id_off":-1,"width":916,"rotation":0,"off":false,"height":184,"safeId":-1}},{"className":"PivotJointE","params":{"x":5415,"id":-1,"y":-1109,"width":17,"rotation":-6,"graphic":0,"height":17,"safeId":2}},{"className":"PivotJointE","params":{"x":5484,"id":-1,"y":-1117,"width":17,"rotation":-6,"graphic":0,"height":17,"safeId":2}},{"className":"PivotJointE","params":{"x":5554,"id":-1,"y":-1125,"width":17,"rotation":-6,"graphic":0,"height":17,"safeId":2}},{"className":"PivotJointE","params":{"x":5624,"id":-1,"y":-1131,"width":17,"rotation":-6,"graphic":0,"height":17,"safeId":2}},{"className":"PivotJointE","params":{"x":5694,"id":-1,"y":-1139,"width":17,"rotation":-6,"graphic":0,"height":17,"safeId":2}},{"className":"PivotJointE","params":{"x":5762,"id":-1,"y":-1147,"width":17,"rotation":-6,"graphic":0,"height":17,"safeId":2}},{"className":"PivotJointE","params":{"x":5832,"id":-1,"y":-1153,"width":17,"rotation":-6,"graphic":0,"height":17,"safeId":2}},{"className":"PivotJointE","params":{"x":5902,"id":-1,"y":-1161,"width":17,"rotation":-6,"graphic":0,"height":17,"safeId":2}},{"className":"PivotJointE","params":{"x":5971,"id":-1,"y":-1169,"width":17,"rotation":-6,"graphic":0,"height":17,"safeId":2}},{"className":"PivotJointE","params":{"x":6041,"id":-1,"y":-1175,"width":17,"rotation":-6,"graphic":0,"height":17,"safeId":2}},{"className":"PivotJointE","params":{"x":6111,"id":-1,"y":-1183,"width":17,"rotation":-6,"graphic":0,"height":17,"safeId":2}},{"className":"PivotJointE","params":{"x":6181,"id":-1,"y":-1191,"width":17,"rotation":-6,"graphic":0,"height":17,"safeId":2}},{"className":"PivotJointE","params":{"x":6250,"id":-1,"y":-1197,"width":17,"rotation":-6,"graphic":0,"height":17,"safeId":2}},{"className":"PivotJointE","params":{"x":6320,"id":-1,"y":-1205,"width":17,"rotation":-6,"graphic":0,"height":17,"safeId":2}},{"className":"PivotJointE","params":{"x":6390,"id":-1,"y":-1213,"width":17,"rotation":-6,"graphic":0,"height":17,"safeId":2}},{"className":"PivotJointE","params":{"x":6459,"id":-1,"y":-1219,"width":17,"rotation":-6,"graphic":0,"height":17,"safeId":2}},{"className":"PivotJointE","params":{"x":6528,"id":-1,"y":-1227,"width":17,"rotation":-6,"graphic":0,"height":17,"safeId":2}},{"className":"PivotJointE","params":{"x":6598,"id":-1,"y":-1234,"width":17,"rotation":-6,"graphic":0,"height":17,"safeId":2}},{"className":"PivotJointE","params":{"x":6668,"id":-1,"y":-1241,"width":17,"rotation":-6,"graphic":0,"height":17,"safeId":2}},{"className":"PivotJointE","params":{"x":6737,"id":-1,"y":-1249,"width":17,"rotation":-6,"graphic":0,"height":17,"safeId":2}},{"className":"PivotJointE","params":{"x":6808,"id":-1,"y":-1258,"width":17,"rotation":0,"graphic":0,"height":17,"safeId":2}},{"className":"PivotJointE","params":{"x":5345,"id":-1,"y":-1103,"width":17,"rotation":-6,"graphic":0,"height":17,"safeId":2}},{"className":"MotorJointE","params":{"x":8460,"y":200,"safeId":3,"width":17,"rotation":0,"graphic":0,"height":17,"time":0,"id":7,"useWeld":false,"snd":false,"rate":-50}},{"className":"ToggleE","params":{"sndId":-1,"x":7640,"id":7,"hint":-1,"y":-330,"id_off":-1,"width":64,"rotation":0,"off":false,"height":1347,"safeId":3}},{"className":"PivotJointE","params":{"x":4480,"id":5,"y":-880,"width":17,"rotation":0,"graphic":0,"height":17,"safeId":1}},{"className":"ToggleE","params":{"sndId":-1,"x":4050,"id":5,"hint":-1,"y":-480,"id_off":-1,"width":916,"rotation":0,"off":false,"height":78,"safeId":1}},{"className":"PivotJointE","params":{"x":4730,"id":5,"y":-1200,"width":17,"rotation":0,"graphic":0,"height":17,"safeId":1}}]],"settings":{"prizes":"30,38,45","gravityY":500,"countdown":0,"theme":3}}