﻿{"layers":[[{"className":"frg.game.editor.objects::LandscapeShaper","params":{"x":3528,"vertices":[{"y":0,"x":0},{"y":-19,"x":20},{"y":-30,"x":45},{"y":-36,"x":70},{"y":-33,"x":99},{"y":-21,"x":125},{"y":-4,"x":145},{"y":15,"x":159},{"y":38,"x":166},{"y":65,"x":168},{"y":87,"x":165},{"y":111,"x":154},{"y":130,"x":136},{"y":144,"x":115},{"y":152,"x":87},{"y":151,"x":59},{"y":142,"x":30},{"y":125,"x":8},{"y":106,"x":-6},{"y":81,"x":-17},{"y":55,"x":-20},{"y":27,"x":-14}],"y":-496,"isStatic":false,"rotation":0,"graphic":true,"physic":true,"plr":true,"layer":3,"isWheel":false,"line":true,"rem":true,"ignore":false,"id":-1,"density":1,"safeId":2}},{"className":"frg.game.editor.objects::LandscapeShaper","params":{"x":3915,"vertices":[{"y":0,"x":0},{"y":-10,"x":25},{"y":-16,"x":53},{"y":-20,"x":86},{"y":-20,"x":118},{"y":-16,"x":150},{"y":-6,"x":183},{"y":9,"x":215},{"y":31,"x":246},{"y":56,"x":271},{"y":89,"x":297},{"y":115,"x":308},{"y":136,"x":316},{"y":174,"x":324},{"y":200,"x":326},{"y":229,"x":326},{"y":264,"x":320},{"y":296,"x":309},{"y":324,"x":293},{"y":352,"x":272},{"y":371,"x":255},{"y":390,"x":233},{"y":407,"x":209},{"y":418,"x":186},{"y":426,"x":161},{"y":431,"x":136},{"y":434,"x":107},{"y":433,"x":73},{"y":426,"x":42},{"y":417,"x":12},{"y":404,"x":-15},{"y":388,"x":-38},{"y":368,"x":-59},{"y":351,"x":-76},{"y":329,"x":-92},{"y":304,"x":-107},{"y":279,"x":-117},{"y":252,"x":-123},{"y":222,"x":-126},{"y":191,"x":-127},{"y":161,"x":-124},{"y":134,"x":-116},{"y":104,"x":-103},{"y":80,"x":-90},{"y":56,"x":-73},{"y":35,"x":-50},{"y":16,"x":-26}],"y":-319,"isStatic":false,"rotation":0,"graphic":true,"physic":true,"plr":true,"layer":3,"isWheel":false,"line":true,"rem":true,"ignore":false,"id":-1,"density":1,"safeId":2}},{"className":"frg.game.editor.objects::LandscapeShaper","params":{"x":3485,"vertices":[{"y":0,"x":0},{"y":-10,"x":25},{"y":-16,"x":53},{"y":-20,"x":86},{"y":-20,"x":118},{"y":-16,"x":150},{"y":-6,"x":183},{"y":9,"x":215},{"y":31,"x":246},{"y":56,"x":271},{"y":89,"x":297},{"y":115,"x":308},{"y":136,"x":316},{"y":174,"x":324},{"y":200,"x":326},{"y":229,"x":326},{"y":264,"x":320},{"y":296,"x":309},{"y":324,"x":293},{"y":352,"x":272},{"y":371,"x":255},{"y":390,"x":233},{"y":407,"x":209},{"y":418,"x":186},{"y":426,"x":161},{"y":431,"x":136},{"y":434,"x":107},{"y":433,"x":73},{"y":426,"x":42},{"y":417,"x":12},{"y":404,"x":-15},{"y":388,"x":-38},{"y":368,"x":-59},{"y":351,"x":-76},{"y":329,"x":-92},{"y":304,"x":-107},{"y":279,"x":-117},{"y":252,"x":-123},{"y":222,"x":-126},{"y":191,"x":-127},{"y":161,"x":-124},{"y":134,"x":-116},{"y":104,"x":-103},{"y":80,"x":-90},{"y":56,"x":-73},{"y":35,"x":-50},{"y":16,"x":-26}],"y":151,"isStatic":false,"rotation":0,"graphic":true,"physic":true,"plr":true,"layer":3,"isWheel":false,"line":true,"rem":true,"ignore":false,"id":-1,"density":1,"safeId":2}},{"className":"FinishZone","params":{"rotation":0,"x":4618,"height":364,"y":-443,"width":587}},{"className":"frg.game.editor.objects::LandscapeShaper","params":{"x":3335,"vertices":[{"y":-195,"x":0},{"y":-195,"x":-155},{"y":-595,"x":275},{"y":-595,"x":745},{"y":-215,"x":1105},{"y":-215,"x":970},{"y":350,"x":970},{"y":350,"x":990},{"y":820,"x":990},{"y":820,"x":780},{"y":-125,"x":780},{"y":-125,"x":0}],"y":-601,"isStatic":true,"rotation":0,"graphic":true,"physic":true,"plr":false,"layer":6,"isWheel":false,"line":true,"rem":true,"ignore":false,"id":-1,"density":1,"safeId":-1}},{"className":"frg.game.editor.objects::DynamicPather","params":{"stretchTexture":false,"x":300,"vertices":[{"y":-66,"x":13},{"y":-118,"x":24},{"y":-148,"x":40},{"y":-172,"x":61},{"y":-192,"x":81},{"y":-213,"x":107},{"y":-227,"x":134},{"y":-236,"x":165},{"y":-242,"x":200},{"y":-243,"x":235},{"y":-239,"x":267}],"y":20,"originOffsetRatio":0,"repeatTexture":true,"isStatic":true,"rotation":0,"action":0,"height":193,"physic":true,"textureOffset":0,"id":-1,"width":269.8,"snapToGrid":false,"graphic":true,"wireframe":false,"type":1,"shapeH":19,"safeId":-1,"textureMode":true,"straightSides":true,"smoothing":true,"density":"1"}},{"className":"frg.game.editor.objects::DynamicPather","params":{"stretchTexture":false,"x":590,"vertices":[{"y":0,"x":0},{"y":192,"x":235}],"y":203,"originOffsetRatio":0,"repeatTexture":true,"isStatic":true,"rotation":0,"action":0,"height":206.7,"physic":true,"textureOffset":0,"id":-1,"width":248,"snapToGrid":false,"graphic":true,"wireframe":false,"type":1,"shapeH":19,"safeId":-1,"textureMode":true,"straightSides":true,"smoothing":true,"density":"1"}},{"className":"frg.game.editor.objects::PillarPather","params":{"stretchTexture":false,"x":380,"vertices":[{"y":0,"x":0},{"y":185,"x":220}],"y":206,"repeatTexture":true,"width":233,"rotation":0,"height":198,"textureOffset":0,"snapToGrid":true,"wireframe":false,"type":1,"smoothing":true,"textureMode":true,"straightSides":true,"originOffsetRatio":0}},{"className":"frg.game.editor.objects::PillarPather","params":{"stretchTexture":false,"x":160,"vertices":[{"y":0,"x":0},{"y":185,"x":220}],"y":206,"repeatTexture":true,"width":233,"rotation":0,"height":198,"textureOffset":0,"snapToGrid":true,"wireframe":false,"type":1,"smoothing":true,"textureMode":true,"straightSides":true,"originOffsetRatio":0}},{"className":"frg.game.editor.objects::GroundPather","params":{"x":-50,"physic":true,"y":390,"vertices":[{"y":0,"x":0},{"y":0,"x":6150},{"y":10,"x":10145}],"snapToGrid":true,"shape":true,"cameraOffsetY":170,"lineId":0,"textureMode":true,"straightSides":true,"direction":90,"originOffsetRatio":0,"stretchTexture":false,"directed":true,"repeatTexture":true,"width":10158,"rotation":0,"thick":128,"height":74,"textureOffset":0,"camera":true,"wireframe":false,"smoothing":true,"isRoad":true,"line":true}},{"className":"frg.game.editor.objects::DynamicPather","params":{"stretchTexture":false,"x":150,"vertices":[{"y":0,"x":0},{"y":0,"x":480}],"y":200,"originOffsetRatio":0,"repeatTexture":true,"isStatic":true,"rotation":0,"action":0,"height":19,"physic":true,"textureOffset":0,"id":-1,"width":493,"snapToGrid":true,"graphic":true,"wireframe":false,"type":1,"shapeH":19,"safeId":-1,"textureMode":true,"straightSides":true,"smoothing":true,"density":"1"}},{"className":"frg.game.editor.objects::DynamicPather","params":{"stretchTexture":false,"x":140,"vertices":[{"y":18,"x":14},{"y":-21,"x":9},{"y":-53,"x":8},{"y":-82,"x":12},{"y":-118,"x":24},{"y":-148,"x":40},{"y":-172,"x":61},{"y":-192,"x":81},{"y":-213,"x":107},{"y":-227,"x":134},{"y":-236,"x":165},{"y":-242,"x":200},{"y":-243,"x":235},{"y":-239,"x":267},{"y":-228,"x":301},{"y":-214,"x":329},{"y":-197,"x":353},{"y":-180,"x":374},{"y":-154,"x":393},{"y":-123,"x":412}],"y":190,"originOffsetRatio":0,"repeatTexture":true,"isStatic":true,"rotation":0,"action":0,"height":277,"physic":true,"textureOffset":0,"id":-1,"width":421.6,"snapToGrid":false,"graphic":true,"wireframe":false,"type":1,"shapeH":19,"safeId":-1,"textureMode":true,"straightSides":true,"smoothing":true,"density":"1"}},{"className":"frg.game.editor.objects::DynamicPather","params":{"stretchTexture":false,"x":1880,"vertices":[{"y":0,"x":0},{"y":38,"x":14},{"y":76,"x":32},{"y":104,"x":50},{"y":126,"x":75},{"y":145,"x":103},{"y":158,"x":130},{"y":165,"x":162},{"y":167,"x":204},{"y":162,"x":236},{"y":152,"x":265},{"y":134,"x":294},{"y":111,"x":317},{"y":82,"x":343},{"y":58,"x":370},{"y":36,"x":398},{"y":18,"x":430},{"y":5,"x":465},{"y":-3,"x":499},{"y":-8,"x":529},{"y":-9,"x":559},{"y":-8,"x":589},{"y":-3,"x":624},{"y":10,"x":668},{"y":29,"x":704},{"y":51,"x":744},{"y":86,"x":788},{"y":128,"x":848},{"y":162,"x":902},{"y":192,"x":964},{"y":217,"x":1025},{"y":239,"x":1096},{"y":252,"x":1160},{"y":262,"x":1225},{"y":267,"x":1296},{"y":266,"x":1398},{"y":258,"x":1465}],"y":-30,"originOffsetRatio":0,"repeatTexture":true,"isStatic":true,"rotation":0,"action":0,"height":295,"physic":true,"textureOffset":0,"id":-1,"width":1480.4,"snapToGrid":false,"graphic":true,"wireframe":false,"type":1,"shapeH":19,"safeId":-1,"textureMode":true,"straightSides":true,"smoothing":true,"density":"1"}},{"className":"frg.game.editor.objects::DynamicPather","params":{"stretchTexture":false,"x":825,"vertices":[{"y":0,"x":0},{"y":-6,"x":30},{"y":-17,"x":64},{"y":-35,"x":97},{"y":-60,"x":129},{"y":-83,"x":153},{"y":-114,"x":177},{"y":-152,"x":201},{"y":-197,"x":220},{"y":-240,"x":227},{"y":-278,"x":230},{"y":-318,"x":225},{"y":-363,"x":214},{"y":-398,"x":198},{"y":-435,"x":173},{"y":-471,"x":140},{"y":-497,"x":108},{"y":-514,"x":75},{"y":-526,"x":36},{"y":-535,"x":-5},{"y":-537,"x":-51},{"y":-531,"x":-90},{"y":-516,"x":-136},{"y":-494,"x":-176},{"y":-470,"x":-208},{"y":-437,"x":-240},{"y":-406,"x":-264},{"y":-365,"x":-284},{"y":-321,"x":-296},{"y":-274,"x":-299},{"y":-224,"x":-294},{"y":-182,"x":-285},{"y":-139,"x":-264}],"y":201,"originOffsetRatio":0,"repeatTexture":true,"isStatic":true,"rotation":0,"action":0,"height":555.85,"physic":true,"textureOffset":0,"id":-1,"width":548.1,"snapToGrid":false,"graphic":true,"wireframe":false,"type":1,"shapeH":19,"safeId":-1,"textureMode":true,"straightSides":true,"smoothing":true,"density":"1"}},{"className":"frg.game.editor.objects::LandscapeShaper","params":{"x":3335,"vertices":[{"y":-195,"x":-155},{"y":-595,"x":275},{"y":-595,"x":745},{"y":-200,"x":1120}],"y":-601,"isStatic":true,"rotation":0,"graphic":true,"physic":true,"plr":false,"layer":0,"isWheel":false,"line":true,"rem":true,"ignore":false,"id":-1,"density":1,"safeId":-1}},{"className":"frg.game.editor.objects::DynamicPather","params":{"stretchTexture":false,"x":3171,"vertices":[{"y":0,"x":0},{"y":-411,"x":437},{"y":-413,"x":911},{"y":-19,"x":1277}],"y":-792,"originOffsetRatio":0,"repeatTexture":true,"isStatic":true,"rotation":0,"action":0,"height":429.4,"physic":false,"textureOffset":0,"id":-1,"width":1290.45,"snapToGrid":false,"graphic":true,"wireframe":false,"type":1,"shapeH":19,"safeId":-1,"textureMode":true,"straightSides":true,"smoothing":true,"density":"1"}},{"className":"frg.game.editor.objects::LandscapeShaper","params":{"x":2565,"vertices":[{"y":-125,"x":965},{"y":820,"x":965},{"y":820,"x":780},{"y":-125,"x":780}],"y":-431,"isStatic":true,"rotation":0,"graphic":true,"physic":true,"plr":false,"layer":6,"isWheel":false,"line":true,"rem":true,"ignore":false,"id":-1,"density":1,"safeId":-1}},{"className":"frg.game.editor.objects::DynamicPather","params":{"stretchTexture":false,"x":1690,"vertices":[{"y":0,"x":0},{"y":-25,"x":38},{"y":-68,"x":71},{"y":-116,"x":97},{"y":-166,"x":117},{"y":-530,"x":220},{"y":-559,"x":234},{"y":-582,"x":251},{"y":-603,"x":272},{"y":-619,"x":297},{"y":-629,"x":337},{"y":-629,"x":369},{"y":-624,"x":409},{"y":-608,"x":449},{"y":-580,"x":484},{"y":-541,"x":528},{"y":-522,"x":568},{"y":-506,"x":608},{"y":-496,"x":656},{"y":-492,"x":704},{"y":-492,"x":756},{"y":-498,"x":797},{"y":-512,"x":843},{"y":-530,"x":886},{"y":-554,"x":929},{"y":-590,"x":974},{"y":-624,"x":1013},{"y":-657,"x":1055},{"y":-687,"x":1102},{"y":-713,"x":1148},{"y":-737,"x":1201},{"y":-756,"x":1251},{"y":-771,"x":1297},{"y":-785,"x":1349},{"y":-797,"x":1409},{"y":-803,"x":1458},{"y":-807,"x":1517},{"y":-809,"x":1579},{"y":-808,"x":1658}],"y":400,"originOffsetRatio":0,"repeatTexture":true,"isStatic":true,"rotation":0,"action":0,"height":826.45,"physic":true,"textureOffset":0,"id":-1,"width":1671,"snapToGrid":false,"graphic":true,"wireframe":false,"type":1,"shapeH":19,"safeId":-1,"textureMode":true,"straightSides":true,"smoothing":true,"density":"1"}},{"className":"frg.game.editor.objects::LandscapeShaper","params":{"x":1891,"vertices":[{"y":22,"x":-17},{"y":-5,"x":5},{"y":-31,"x":35},{"y":-50,"x":67},{"y":-62,"x":97},{"y":-75,"x":139},{"y":-76,"x":179},{"y":-73,"x":215},{"y":-65,"x":256},{"y":-49,"x":291},{"y":-32,"x":319},{"y":-8,"x":346},{"y":18,"x":371},{"y":48,"x":391},{"y":80,"x":405},{"y":121,"x":415},{"y":159,"x":419},{"y":194,"x":418},{"y":240,"x":408},{"y":272,"x":396},{"y":307,"x":374},{"y":329,"x":354},{"y":354,"x":329},{"y":376,"x":297},{"y":393,"x":258},{"y":403,"x":216},{"y":405,"x":174},{"y":401,"x":135},{"y":391,"x":96},{"y":374,"x":60},{"y":352,"x":29},{"y":325,"x":0},{"y":300,"x":-20},{"y":264,"x":-42},{"y":222,"x":-55},{"y":184,"x":-61},{"y":142,"x":-60},{"y":102,"x":-55},{"y":64,"x":-41}],"y":-210,"isStatic":false,"rotation":0,"graphic":true,"physic":true,"plr":true,"layer":3,"isWheel":false,"line":true,"rem":true,"ignore":false,"id":-1,"density":1,"safeId":2}},{"className":"frg.game.editor.objects::LandscapeShaper","params":{"x":2720,"vertices":[{"y":0,"x":0},{"y":-30,"x":30},{"y":-57,"x":61},{"y":-82,"x":96},{"y":-102,"x":138},{"y":-118,"x":180},{"y":-126,"x":222},{"y":-128,"x":274},{"y":-125,"x":325},{"y":-116,"x":368},{"y":-99,"x":412},{"y":-75,"x":455},{"y":-43,"x":495},{"y":-12,"x":528},{"y":26,"x":557},{"y":82,"x":588},{"y":121,"x":600},{"y":162,"x":608},{"y":212,"x":610},{"y":267,"x":608},{"y":315,"x":598},{"y":368,"x":577},{"y":408,"x":552},{"y":445,"x":520},{"y":477,"x":491},{"y":508,"x":450},{"y":532,"x":408},{"y":547,"x":361},{"y":556,"x":307},{"y":557,"x":257},{"y":551,"x":210},{"y":540,"x":158},{"y":521,"x":114},{"y":497,"x":76},{"y":470,"x":42},{"y":438,"x":9},{"y":408,"x":-16},{"y":377,"x":-35},{"y":345,"x":-50},{"y":307,"x":-62},{"y":256,"x":-71},{"y":211,"x":-73},{"y":163,"x":-71},{"y":121,"x":-61},{"y":81,"x":-46},{"y":43,"x":-28}],"y":-310,"isStatic":false,"rotation":0,"graphic":true,"physic":true,"plr":true,"layer":3,"isWheel":false,"line":true,"rem":true,"ignore":false,"id":-1,"density":1,"safeId":2}},{"className":"frg.game.editor.objects::LandscapeShaper","params":{"x":4301,"vertices":[{"y":-445,"x":5},{"y":-585,"x":5},{"y":-590,"x":600},{"y":-445,"x":665}],"y":-52,"isStatic":false,"rotation":0,"graphic":true,"physic":true,"plr":false,"layer":0,"isWheel":false,"line":true,"rem":true,"ignore":false,"id":-1,"density":0.2,"safeId":1}},{"className":"frg.game.editor.objects::DynamicPather","params":{"stretchTexture":false,"x":6100,"vertices":[{"y":0,"x":0},{"y":-28,"x":136},{"y":-58,"x":221},{"y":-100,"x":308},{"y":-145,"x":374},{"y":-205,"x":441},{"y":-267,"x":493},{"y":-346,"x":542},{"y":-405,"x":577},{"y":-481,"x":604},{"y":-569,"x":621},{"y":-641,"x":626},{"y":-715,"x":625},{"y":-775,"x":618},{"y":-836,"x":603},{"y":-900,"x":583},{"y":-972,"x":546},{"y":-1029,"x":510},{"y":-1083,"x":467},{"y":-1135,"x":416},{"y":-1180,"x":365},{"y":-1225,"x":299},{"y":-1260,"x":228},{"y":-1286,"x":152},{"y":-1299,"x":71},{"y":-1307,"x":-9},{"y":-1310,"x":-93},{"y":-1306,"x":-160}],"y":400,"originOffsetRatio":0,"repeatTexture":true,"isStatic":true,"rotation":0,"action":0,"height":1328.8,"physic":true,"textureOffset":0,"id":-1,"width":802,"snapToGrid":false,"graphic":true,"wireframe":false,"type":1,"shapeH":19,"safeId":-1,"textureMode":true,"straightSides":true,"smoothing":true,"density":"1"}},{"className":"frg.game.editor.objects::LandscapeShaper","params":{"x":4301,"vertices":[{"y":-315,"x":5},{"y":-445,"x":5},{"y":-445,"x":665},{"y":-315,"x":723}],"y":-52,"isStatic":false,"rotation":0,"graphic":true,"physic":true,"plr":false,"layer":0,"isWheel":false,"line":true,"rem":true,"ignore":false,"id":-1,"density":0.2,"safeId":1}},{"className":"frg.game.editor.objects::LandscapeShaper","params":{"x":4301,"vertices":[{"y":-200,"x":5},{"y":-315,"x":5},{"y":-313,"x":724},{"y":-200,"x":775}],"y":-52,"isStatic":false,"rotation":0,"graphic":true,"physic":true,"plr":false,"layer":0,"isWheel":false,"line":true,"rem":true,"ignore":false,"id":-1,"density":0.2,"safeId":1}}],[{"className":"SignPillar","params":{"x":4540,"y":325,"scaleX":1,"width":9.3,"rotation":0,"scaleY":1,"height":128.35}},{"className":"SignPillar","params":{"x":3436,"y":-599,"scaleX":1,"width":9.3,"rotation":0,"scaleY":0.7039345539540319,"height":90.35}},{"className":"Dec14","params":{"x":120,"y":280,"scaleX":1,"width":264,"rotation":0,"scaleY":1,"height":331.2}},{"className":"Dec14","params":{"x":1216,"y":280,"scaleX":-1,"width":264,"rotation":0,"scaleY":1,"height":331.2}},{"className":"Dec15","params":{"x":1130,"y":270,"scaleX":1,"width":87.85,"rotation":0,"scaleY":1,"height":132.25}},{"className":"Dec14","params":{"x":2480,"y":280,"scaleX":1,"width":264,"rotation":0,"scaleY":1,"height":331.2}},{"className":"Dec15","params":{"x":2540,"y":270,"scaleX":1,"width":87.85,"rotation":0,"scaleY":1,"height":132.25}},{"className":"Dec14","params":{"x":5540,"y":280,"scaleX":1,"width":264,"rotation":0,"scaleY":1,"height":331.2}},{"className":"Dec16","params":{"x":5640,"y":280,"scaleX":1,"width":118.55,"rotation":6,"scaleY":1,"height":238.5}},{"className":"Dec15","params":{"x":6610,"y":280,"scaleX":1,"width":87.85,"rotation":0,"scaleY":1,"height":132.25}},{"className":"Dec14","params":{"x":6646,"y":280,"scaleX":-1,"width":264,"rotation":0,"scaleY":1,"height":331.2}},{"className":"Dec29","params":{"rotation":0,"x":4510,"height":82.25,"y":370,"width":63.15}}],[{"className":"GlassCrashed1","params":{"x":663,"y":200,"ttl":0.5,"width":66,"rotation":0,"height":18,"safeId":-1}},{"className":"GlassCrashed1","params":{"x":727,"y":200,"ttl":0.5,"width":66,"rotation":0,"height":18,"safeId":-1}},{"className":"GlassCrashed1","params":{"x":792,"y":200,"ttl":0.5,"width":66,"rotation":0,"height":18,"safeId":-1}},{"className":"GlassCrashed1","params":{"x":1482,"y":394,"ttl":0.5,"width":66,"rotation":-9,"height":18,"safeId":2}},{"className":"GlassCrashed1","params":{"x":1542,"y":376,"ttl":0.5,"width":66,"rotation":-23,"height":18,"safeId":2}},{"className":"GlassCrashed1","params":{"x":1597,"y":345,"ttl":0.5,"width":66,"rotation":-37,"height":18,"safeId":2}},{"className":"GlassCrashed1","params":{"x":1703,"y":192,"ttl":0.5,"width":66,"rotation":-74,"height":18,"safeId":2}},{"className":"GlassCrashed1","params":{"x":1679,"y":250,"ttl":0.5,"width":66,"rotation":-62,"height":18,"safeId":2}},{"className":"GlassCrashed1","params":{"x":1644,"y":302,"ttl":0.5,"width":66,"rotation":-48,"height":18,"safeId":2}},{"className":"GlassCrashed1","params":{"x":1816,"y":-166,"ttl":0.5,"width":66,"rotation":-69,"height":18,"safeId":2}},{"className":"GlassCrashed1","params":{"x":1796,"y":-107,"ttl":0.5,"width":66,"rotation":-73,"height":18,"safeId":2}},{"className":"GlassCrashed1","params":{"x":1778,"y":-49,"ttl":0.5,"width":66,"rotation":-73,"height":18,"safeId":2}},{"className":"GlassCrashed1","params":{"x":1723,"y":129,"ttl":0.5,"width":66,"rotation":-73,"height":18,"safeId":2}},{"className":"GlassCrashed1","params":{"x":1741,"y":71,"ttl":0.5,"width":66,"rotation":-73,"height":18,"safeId":2}},{"className":"GlassCrashed1","params":{"x":1759,"y":12,"ttl":0.5,"width":66,"rotation":-73,"height":18,"safeId":2}},{"className":"GlassCrashed1","params":{"x":1844,"y":-221,"ttl":0.5,"width":66,"rotation":-58,"height":18,"safeId":2}},{"className":"GlassCrashed1","params":{"x":1883,"y":-268,"ttl":0.5,"width":66,"rotation":-42.00000000000004,"height":18,"safeId":2}},{"className":"GlassCrashed1","params":{"x":1933,"y":-304,"ttl":0.5,"width":66,"rotation":-30.000000000000043,"height":18,"safeId":2}},{"className":"GlassCrashed1","params":{"x":1990,"y":-328,"ttl":0.5,"width":66,"rotation":-14.000000000000043,"height":18,"safeId":2}},{"className":"GlassCrashed1","params":{"x":2050,"y":-335,"ttl":0.5,"width":66,"rotation":-4.285460875053104e-14,"height":18,"safeId":2}},{"className":"GlassCrashed1","params":{"x":2113,"y":-329,"ttl":0.5,"width":66,"rotation":9.999999999999957,"height":18,"safeId":2}},{"className":"GlassCrashed1","params":{"x":2169,"y":-309,"ttl":0.5,"width":66,"rotation":28.999999999999968,"height":18,"safeId":2}},{"className":"GlassCrashed1","params":{"x":2221,"y":-275,"ttl":0.5,"width":66,"rotation":37.99999999999997,"height":18,"safeId":2}},{"className":"GlassCrashed1","params":{"x":2271,"y":-239,"ttl":0.5,"width":66,"rotation":33.99999999999997,"height":18,"safeId":2}},{"className":"GlassCrashed1","params":{"x":2327,"y":-212,"ttl":0.5,"width":66,"rotation":16.99999999999997,"height":18,"safeId":2}},{"className":"GlassCrashed1","params":{"x":2388,"y":-200,"ttl":0.5,"width":66,"rotation":3.999999999999972,"height":18,"safeId":2}},{"className":"GlassCrashed1","params":{"x":2713,"y":-366,"ttl":0.5,"width":66,"rotation":-35.00000000000003,"height":18,"safeId":2}},{"className":"GlassCrashed1","params":{"x":2451,"y":-202,"ttl":0.5,"width":66,"rotation":-8.000000000000028,"height":18,"safeId":2}},{"className":"GlassCrashed1","params":{"x":2511,"y":-218,"ttl":0.5,"width":66,"rotation":-22.000000000000036,"height":18,"safeId":2}},{"className":"GlassCrashed1","params":{"x":2566,"y":-247,"ttl":0.5,"width":66,"rotation":-36.000000000000036,"height":18,"safeId":2}},{"className":"GlassCrashed1","params":{"x":2615,"y":-287,"ttl":0.5,"width":66,"rotation":-43.00000000000003,"height":18,"safeId":2}},{"className":"GlassCrashed1","params":{"x":2663,"y":-329,"ttl":0.5,"width":66,"rotation":-39.00000000000002,"height":18,"safeId":2}},{"className":"GlassCrashed1","params":{"x":2766,"y":-401,"ttl":0.5,"width":66,"rotation":-31.00000000000003,"height":18,"safeId":2}},{"className":"GlassCrashed1","params":{"x":2821,"y":-431,"ttl":0.5,"width":66,"rotation":-27.000000000000025,"height":18,"safeId":2}},{"className":"GlassCrashed1","params":{"x":2878,"y":-458,"ttl":0.5,"width":66,"rotation":-23.000000000000025,"height":18,"safeId":2}},{"className":"GlassCrashed1","params":{"x":2938,"y":-480,"ttl":0.5,"width":66,"rotation":-19.000000000000025,"height":18,"safeId":2}},{"className":"GlassCrashed1","params":{"x":3000,"y":-499,"ttl":0.5,"width":66,"rotation":-15.000000000000025,"height":18,"safeId":2}},{"className":"GlassCrashed1","params":{"x":3063,"y":-513,"ttl":0.5,"width":66,"rotation":-11.000000000000023,"height":18,"safeId":2}},{"className":"GlassCrashed1","params":{"x":3125,"y":-524,"ttl":0.5,"width":66,"rotation":-9.000000000000021,"height":18,"safeId":2}},{"className":"GlassCrashed1","params":{"x":3188,"y":-533,"ttl":0.5,"width":66,"rotation":-7.000000000000019,"height":18,"safeId":2}},{"className":"GlassCrashed1","params":{"x":3251,"y":-540,"ttl":0.5,"width":66,"rotation":-5.000000000000017,"height":18,"safeId":2}},{"className":"GlassCrashed1","params":{"x":3313,"y":-544,"ttl":0.5,"width":66,"rotation":-3.000000000000017,"height":18,"safeId":2}},{"className":"GlassCrashed0","params":{"x":3659,"y":-546,"ttl":1,"width":132,"rotation":0,"height":18,"safeId":2}},{"className":"GlassCrashed0","params":{"x":3789,"y":-546,"ttl":1,"width":132,"rotation":0,"height":18,"safeId":2}},{"className":"GlassCrashed0","params":{"x":3919,"y":-546,"ttl":1,"width":132,"rotation":0,"height":18,"safeId":2}},{"className":"GlassCrashed0","params":{"x":4049,"y":-546,"ttl":1,"width":132,"rotation":0,"height":18,"safeId":2}},{"className":"GlassCrashed1","params":{"x":3561,"y":-547,"ttl":1,"width":66,"rotation":0,"height":18,"safeId":2}},{"className":"GlassCrashed0","params":{"x":4056,"y":-414,"ttl":1,"width":132,"rotation":-27,"height":18,"safeId":2}},{"className":"GlassCrashed0","params":{"x":3940,"y":-354,"ttl":1,"width":132,"rotation":-27,"height":18,"safeId":2}},{"className":"GlassCrashed0","params":{"x":3824,"y":-295,"ttl":1,"width":132,"rotation":-27,"height":18,"safeId":2}},{"className":"GlassCrashed0","params":{"x":3708,"y":-236,"ttl":1,"width":132,"rotation":-27,"height":18,"safeId":2}},{"className":"GlassCrashed0","params":{"x":3593,"y":-206,"ttl":1,"width":132,"rotation":0,"height":18,"safeId":2}},{"className":"GlassCrashed0","params":{"x":3572,"y":43,"ttl":0.7,"width":132,"rotation":36,"height":18,"safeId":2}},{"className":"GlassCrashed0","params":{"x":3678,"y":119,"ttl":0.7,"width":132,"rotation":36,"height":18,"safeId":2}},{"className":"GlassCrashed0","params":{"x":3784,"y":195,"ttl":0.7,"width":132,"rotation":36,"height":18,"safeId":2}},{"className":"GlassCrashed0","params":{"x":3889,"y":271,"ttl":0.7,"width":132,"rotation":36,"height":18,"safeId":2}},{"className":"GlassCrashed0","params":{"x":3995,"y":348,"ttl":0.7,"width":132,"rotation":36,"height":18,"safeId":2}},{"className":"Removed0","params":{"x":4176,"id":-1,"type":0,"y":296,"safeId":2,"width":12.3,"rotation":90.00000000000006,"active":true,"height":72}},{"className":"Removed0","params":{"x":4276,"id":-1,"type":0,"y":256,"safeId":2,"width":12.3,"rotation":0,"active":true,"height":72}},{"className":"Removed0","params":{"x":4246,"id":-1,"type":0,"y":296,"safeId":2,"width":12.3,"rotation":90.00000000000006,"active":true,"height":72}},{"className":"Removed0","params":{"x":4176,"id":-1,"type":0,"y":306,"safeId":2,"width":12.3,"rotation":90.00000000000006,"active":true,"height":72}},{"className":"Removed0","params":{"x":4276,"id":-1,"type":0,"y":356,"safeId":2,"width":12.3,"rotation":0,"active":true,"height":72}},{"className":"Removed0","params":{"x":4246,"id":-1,"type":0,"y":306,"safeId":2,"width":12.3,"rotation":90.00000000000006,"active":true,"height":72}},{"className":"Removed0","params":{"x":4211,"id":-1,"type":0,"y":356,"safeId":2,"width":12.3,"rotation":0,"active":true,"height":72}},{"className":"Removed0","params":{"x":4146,"id":-1,"type":0,"y":256,"safeId":2,"width":12.3,"rotation":0,"active":true,"height":72}},{"className":"Removed0","params":{"x":4176,"id":-1,"type":0,"y":316,"safeId":2,"width":12.3,"rotation":90.00000000000006,"active":true,"height":72}},{"className":"Removed0","params":{"x":4211,"id":-1,"type":0,"y":256,"safeId":2,"width":12.3,"rotation":0,"active":true,"height":72}},{"className":"Removed0","params":{"x":4146,"id":-1,"type":0,"y":356,"safeId":2,"width":12.3,"rotation":0,"active":true,"height":72}},{"className":"Removed0","params":{"x":4246,"id":-1,"type":0,"y":316,"safeId":2,"width":12.3,"rotation":90.00000000000006,"active":true,"height":72}},{"className":"Removed0","params":{"x":4906,"id":-1,"type":0,"y":356,"safeId":1,"width":12.3,"rotation":0,"active":true,"height":72}},{"className":"Removed0","params":{"x":4971,"id":-1,"type":0,"y":356,"safeId":1,"width":12.3,"rotation":0,"active":true,"height":72}},{"className":"Removed0","params":{"x":5036,"id":-1,"type":0,"y":356,"safeId":1,"width":12.3,"rotation":0,"active":true,"height":72}},{"className":"Removed0","params":{"x":4936,"id":-1,"type":0,"y":316,"safeId":1,"width":12.3,"rotation":90.00000000000006,"active":true,"height":72}},{"className":"Removed0","params":{"x":5006,"id":-1,"type":0,"y":316,"safeId":1,"width":12.3,"rotation":90.00000000000006,"active":true,"height":72}},{"className":"Removed0","params":{"x":4906,"id":-1,"type":0,"y":276,"safeId":1,"width":12.3,"rotation":0,"active":true,"height":72}},{"className":"Removed0","params":{"x":4971,"id":-1,"type":0,"y":276,"safeId":1,"width":12.3,"rotation":0,"active":true,"height":72}},{"className":"Removed0","params":{"x":5036,"id":-1,"type":0,"y":276,"safeId":1,"width":12.3,"rotation":0,"active":true,"height":72}},{"className":"Removed0","params":{"x":4936,"id":-1,"type":0,"y":236,"safeId":1,"width":12.3,"rotation":90.00000000000006,"active":true,"height":72}},{"className":"Removed0","params":{"x":5006,"id":-1,"type":0,"y":236,"safeId":1,"width":12.3,"rotation":90.00000000000006,"active":true,"height":72}},{"className":"Removed0","params":{"x":4906,"id":-1,"type":0,"y":196,"safeId":1,"width":12.3,"rotation":0,"active":true,"height":72}},{"className":"Removed0","params":{"x":4971,"id":-1,"type":0,"y":196,"safeId":1,"width":12.3,"rotation":0,"active":true,"height":72}},{"className":"Removed0","params":{"x":5036,"id":-1,"type":0,"y":196,"safeId":1,"width":12.3,"rotation":0,"active":true,"height":72}},{"className":"Removed0","params":{"x":4936,"id":-1,"type":0,"y":156,"safeId":1,"width":12.3,"rotation":90.00000000000006,"active":true,"height":72}},{"className":"Removed0","params":{"x":5006,"id":-1,"type":0,"y":156,"safeId":1,"width":12.3,"rotation":90.00000000000006,"active":true,"height":72}},{"className":"Removed0","params":{"x":4906,"id":-1,"type":0,"y":116,"safeId":1,"width":12.3,"rotation":0,"active":true,"height":72}},{"className":"Removed0","params":{"x":4971,"id":-1,"type":0,"y":116,"safeId":1,"width":12.3,"rotation":0,"active":true,"height":72}},{"className":"Removed0","params":{"x":5036,"id":-1,"type":0,"y":116,"safeId":1,"width":12.3,"rotation":0,"active":true,"height":72}},{"className":"Removed0","params":{"x":4936,"id":-1,"type":0,"y":76,"safeId":1,"width":12.3,"rotation":90.00000000000006,"active":true,"height":72}},{"className":"Removed0","params":{"x":5006,"id":-1,"type":0,"y":76,"safeId":1,"width":12.3,"rotation":90.00000000000006,"active":true,"height":72}},{"className":"Removed0","params":{"x":4906,"id":-1,"type":0,"y":36,"safeId":1,"width":12.3,"rotation":0,"active":true,"height":72}},{"className":"Removed0","params":{"x":4971,"id":-1,"type":0,"y":36,"safeId":1,"width":12.3,"rotation":0,"active":true,"height":72}},{"className":"Removed0","params":{"x":5036,"id":-1,"type":0,"y":36,"safeId":1,"width":12.3,"rotation":0,"active":true,"height":72}},{"className":"Removed0","params":{"x":4936,"id":-1,"type":0,"y":-4,"safeId":1,"width":12.3,"rotation":90.00000000000006,"active":true,"height":72}},{"className":"Removed0","params":{"x":5006,"id":-1,"type":0,"y":-4,"safeId":1,"width":12.3,"rotation":90.00000000000006,"active":true,"height":72}},{"className":"Removed0","params":{"x":4906,"id":-1,"type":0,"y":-44,"safeId":1,"width":12.3,"rotation":0,"active":true,"height":72}},{"className":"Removed0","params":{"x":4971,"id":-1,"type":0,"y":-44,"safeId":1,"width":12.3,"rotation":0,"active":true,"height":72}},{"className":"Removed0","params":{"x":5036,"id":-1,"type":0,"y":-44,"safeId":1,"width":12.3,"rotation":0,"active":true,"height":72}},{"className":"Removed0","params":{"x":4936,"id":-1,"type":0,"y":-84,"safeId":1,"width":12.3,"rotation":90.00000000000006,"active":true,"height":72}},{"className":"Removed0","params":{"x":5006,"id":-1,"type":0,"y":-84,"safeId":1,"width":12.3,"rotation":90.00000000000006,"active":true,"height":72}},{"className":"Removed0","params":{"x":4906,"id":-1,"type":0,"y":-124,"safeId":1,"width":12.3,"rotation":0,"active":true,"height":72}},{"className":"Removed0","params":{"x":4971,"id":-1,"type":0,"y":-124,"safeId":1,"width":12.3,"rotation":0,"active":true,"height":72}},{"className":"Removed0","params":{"x":5036,"id":-1,"type":0,"y":-124,"safeId":1,"width":12.3,"rotation":0,"active":true,"height":72}},{"className":"Removed0","params":{"x":4936,"id":-1,"type":0,"y":-164,"safeId":1,"width":12.3,"rotation":90.00000000000006,"active":true,"height":72}},{"className":"Removed0","params":{"x":5006,"id":-1,"type":0,"y":-164,"safeId":1,"width":12.3,"rotation":90.00000000000006,"active":true,"height":72}},{"className":"Removed0","params":{"x":4906,"id":-1,"type":0,"y":-204,"safeId":1,"width":12.3,"rotation":0,"active":true,"height":72}},{"className":"Removed0","params":{"x":4971,"id":-1,"type":0,"y":-204,"safeId":1,"width":12.3,"rotation":0,"active":true,"height":72}},{"className":"Removed0","params":{"x":5036,"id":-1,"type":0,"y":-204,"safeId":1,"width":12.3,"rotation":0,"active":true,"height":72}},{"className":"Removed0","params":{"x":4936,"id":-1,"type":0,"y":-244,"safeId":1,"width":12.3,"rotation":90.00000000000006,"active":true,"height":72}},{"className":"Removed0","params":{"x":5006,"id":-1,"type":0,"y":-244,"safeId":1,"width":12.3,"rotation":90.00000000000006,"active":true,"height":72}},{"className":"BoostE","params":{"x":6660,"y":-260,"safeId":1,"width":100,"rotation":0,"height":99,"time":2,"force":5000}}],null,[{"className":"PlayerWP","params":{"rotation":0,"x":300,"height":32,"y":110,"width":64}},{"className":"SafePointE","params":{"x":4540,"id":1,"y":250,"width":128,"rotation":0,"height":645}},{"className":"SafePointE","params":{"x":3440,"id":2,"y":-640,"width":128,"rotation":0,"height":248}}],[{"className":"MotorJointE","params":{"x":3603,"useWeld":false,"y":-437,"width":17,"rotation":0,"graphic":1,"height":17,"time":0,"id":3,"safeId":2,"snd":false,"rate":180}},{"className":"MotorJointE","params":{"x":4015,"useWeld":false,"y":-112,"width":17,"rotation":0,"graphic":1,"height":17,"time":0,"id":3,"safeId":2,"snd":false,"rate":-180}},{"className":"MotorJointE","params":{"x":3585,"useWeld":false,"y":358,"width":17,"rotation":0,"graphic":1,"height":17,"time":0,"id":3,"safeId":2,"snd":false,"rate":180}},{"className":"MotorJointE","params":{"x":2070,"useWeld":false,"y":-45,"width":17,"rotation":0,"graphic":1,"height":17,"time":0,"id":3,"safeId":2,"snd":false,"rate":180}},{"className":"MotorJointE","params":{"x":2990,"useWeld":false,"y":-95,"width":17,"rotation":0,"graphic":1,"height":17,"time":0,"id":3,"safeId":2,"snd":false,"rate":-80}},{"className":"ToggleE","params":{"x":590,"sndId":-1,"y":100,"safeId":-1,"width":64,"rotation":0,"off":false,"id":3,"height":229,"hint":-1,"id_off":-1}},{"className":"ToggleE","params":{"x":3440,"sndId":-1,"y":-550,"safeId":2,"width":151,"rotation":0,"off":false,"id":3,"height":64,"hint":-1,"id_off":-1}}]],"settings":{"theme":3,"countdown":0,"gravityY":500,"prizes":"26,36,47"}}