{"meta":{"image":"game.png"},"frames":{"game/alerts/abandon.png":{"frame":{"x":0,"y":0,"w":320,"h":252},"sourceSize":{"w":320,"h":252}},"game/particles/explosion_circle.png":{"frame":{"x":322,"y":0,"w":192,"h":192},"sourceSize":{"w":192,"h":192}},"game/achievements/ultracombo.png":{"frame":{"x":516,"y":0,"w":77,"h":108},"sourceSize":{"w":77,"h":108}},"game/achievements/treasurer.png":{"frame":{"x":595,"y":0,"w":77,"h":108},"sourceSize":{"w":77,"h":108}},"game/achievements/survivor.png":{"frame":{"x":674,"y":0,"w":77,"h":108},"sourceSize":{"w":77,"h":108}},"game/achievements/nailed.png":{"frame":{"x":753,"y":0,"w":77,"h":108},"sourceSize":{"w":77,"h":108}},"game/achievements/hunter.png":{"frame":{"x":832,"y":0,"w":77,"h":108},"sourceSize":{"w":77,"h":108}},"game/achievements/gotcha.png":{"frame":{"x":911,"y":0,"w":77,"h":108},"sourceSize":{"w":77,"h":108}},"game/hud/pause.png":{"frame":{"x":990,"y":0,"w":21,"h":32},"sourceSize":{"w":21,"h":32}},"game/hud/bar_ammo_small.png":{"frame":{"x":1013,"y":0,"w":7,"h":31},"sourceSize":{"w":7,"h":31}},"game/hud/help.png":{"frame":{"x":990,"y":34,"w":21,"h":32},"sourceSize":{"w":21,"h":32}},"game/particles/board.png":{"frame":{"x":1013,"y":34,"w":7,"h":22},"sourceSize":{"w":7,"h":22}},"game/projectiles/shotgun.png":{"frame":{"x":1013,"y":58,"w":7,"h":7},"sourceSize":{"w":7,"h":7}},"game/alerts/overlay.png":{"frame":{"x":990,"y":68,"w":32,"h":32},"sourceSize":{"w":32,"h":32}},"game/particles/spark_3.png":{"frame":{"x":990,"y":102,"w":6,"h":6},"sourceSize":{"w":6,"h":6}},"game/particles/spark_2.png":{"frame":{"x":998,"y":102,"w":6,"h":6},"sourceSize":{"w":6,"h":6}},"game/summary/profit.png":{"frame":{"x":516,"y":110,"w":359,"h":75},"sourceSize":{"w":359,"h":75}},"game/buttons/play_normal.png":{"frame":{"x":877,"y":110,"w":113,"h":56},"sourceSize":{"w":113,"h":56}},"game/bonuses/ammo_shotgun.png":{"frame":{"x":992,"y":110,"w":30,"h":30},"sourceSize":{"w":30,"h":30}},"game/particles/smoke_3.png":{"frame":{"x":992,"y":142,"w":21,"h":24},"sourceSize":{"w":21,"h":24}},"game/projectiles/minigun.png":{"frame":{"x":1015,"y":142,"w":7,"h":7},"sourceSize":{"w":7,"h":7}},"game/projectiles/cannon.png":{"frame":{"x":1015,"y":151,"w":7,"h":7},"sourceSize":{"w":7,"h":7}},"game/tanks/rockets.png":{"frame":{"x":877,"y":168,"w":43,"h":17},"sourceSize":{"w":43,"h":17}},"game/lifebar/foreground.png":{"frame":{"x":922,"y":168,"w":95,"h":15},"sourceSize":{"w":95,"h":15}},"game/projectiles/laser.png":{"frame":{"x":516,"y":187,"w":386,"h":5},"sourceSize":{"w":386,"h":5}},"game/buttons/play_hover.png":{"frame":{"x":322,"y":194,"w":113,"h":56},"sourceSize":{"w":113,"h":56}},"game/buttons/play_down.png":{"frame":{"x":437,"y":194,"w":113,"h":56},"sourceSize":{"w":113,"h":56}},"game/buttons/yes_normal.png":{"frame":{"x":552,"y":194,"w":124,"h":55},"sourceSize":{"w":124,"h":55}},"game/buttons/yes_hover.png":{"frame":{"x":678,"y":194,"w":124,"h":55},"sourceSize":{"w":124,"h":55}},"game/buttons/yes_down.png":{"frame":{"x":804,"y":194,"w":124,"h":55},"sourceSize":{"w":124,"h":55}},"game/wall_2.png":{"frame":{"x":930,"y":194,"w":54,"h":54},"sourceSize":{"w":54,"h":54}},"game/fog_circle.png":{"frame":{"x":986,"y":194,"w":36,"h":36},"sourceSize":{"w":36,"h":36}},"game/particles/ice.png":{"frame":{"x":986,"y":232,"w":13,"h":13},"sourceSize":{"w":13,"h":13}},"game/projectiles/plasma.png":{"frame":{"x":1001,"y":232,"w":17,"h":12},"sourceSize":{"w":17,"h":12}},"game/achievements/fired.png":{"frame":{"x":0,"y":254,"w":77,"h":108},"sourceSize":{"w":77,"h":108}},"game/achievements/dodger.png":{"frame":{"x":79,"y":254,"w":77,"h":108},"sourceSize":{"w":77,"h":108}},"game/achievements/destroyer.png":{"frame":{"x":158,"y":254,"w":77,"h":108},"sourceSize":{"w":77,"h":108}},"game/hud/background.png":{"frame":{"x":237,"y":254,"w":587,"h":96},"sourceSize":{"w":587,"h":96}},"game/particles/explosion_9.png":{"frame":{"x":826,"y":254,"w":89,"h":92},"sourceSize":{"w":89,"h":92}},"game/particles/explosion_8.png":{"frame":{"x":917,"y":254,"w":89,"h":92},"sourceSize":{"w":89,"h":92}},"game/particles/disappearing.png":{"frame":{"x":1008,"y":254,"w":12,"h":12},"sourceSize":{"w":12,"h":12}},"game/fog_tile.png":{"frame":{"x":1008,"y":268,"w":12,"h":12},"sourceSize":{"w":12,"h":12}},"game/debris/24.png":{"frame":{"x":1008,"y":282,"w":13,"h":12},"sourceSize":{"w":13,"h":12}},"game/debris/23.png":{"frame":{"x":1008,"y":296,"w":13,"h":12},"sourceSize":{"w":13,"h":12}},"game/debris/22.png":{"frame":{"x":1008,"y":310,"w":13,"h":12},"sourceSize":{"w":13,"h":12}},"game/debris/21.png":{"frame":{"x":1008,"y":324,"w":13,"h":12},"sourceSize":{"w":13,"h":12}},"game/particles/spark_1.png":{"frame":{"x":1008,"y":338,"w":7,"h":7},"sourceSize":{"w":7,"h":7}},"game/debris/spawner_03.png":{"frame":{"x":237,"y":352,"w":11,"h":10},"sourceSize":{"w":11,"h":10}},"game/debris/spawner_02.png":{"frame":{"x":250,"y":352,"w":11,"h":10},"sourceSize":{"w":11,"h":10}},"game/debris/spawner_01.png":{"frame":{"x":263,"y":352,"w":11,"h":10},"sourceSize":{"w":11,"h":10}},"game/debris/spawner_00.png":{"frame":{"x":276,"y":352,"w":11,"h":10},"sourceSize":{"w":11,"h":10}},"game/spawners/progress_6.png":{"frame":{"x":289,"y":352,"w":29,"h":8},"sourceSize":{"w":29,"h":8}},"game/spawners/progress_5.png":{"frame":{"x":320,"y":352,"w":29,"h":8},"sourceSize":{"w":29,"h":8}},"game/spawners/progress_4.png":{"frame":{"x":351,"y":352,"w":29,"h":8},"sourceSize":{"w":29,"h":8}},"game/spawners/progress_3.png":{"frame":{"x":382,"y":352,"w":29,"h":8},"sourceSize":{"w":29,"h":8}},"game/spawners/progress_2.png":{"frame":{"x":413,"y":352,"w":29,"h":8},"sourceSize":{"w":29,"h":8}},"game/spawners/progress_1.png":{"frame":{"x":444,"y":352,"w":29,"h":8},"sourceSize":{"w":29,"h":8}},"game/spawners/progress_0.png":{"frame":{"x":475,"y":352,"w":29,"h":8},"sourceSize":{"w":29,"h":8}},"game/projectiles/railgun_1.png":{"frame":{"x":506,"y":352,"w":403,"h":8},"sourceSize":{"w":403,"h":8}},"game/particles/spark_0.png":{"frame":{"x":911,"y":352,"w":7,"h":7},"sourceSize":{"w":7,"h":7}},"game/bonuses/bomb_fire.png":{"frame":{"x":920,"y":352,"w":7,"h":7},"sourceSize":{"w":7,"h":7}},"game/particles/explosion_7.png":{"frame":{"x":0,"y":364,"w":89,"h":92},"sourceSize":{"w":89,"h":92}},"game/particles/explosion_6.png":{"frame":{"x":91,"y":364,"w":89,"h":92},"sourceSize":{"w":89,"h":92}},"game/particles/explosion_5.png":{"frame":{"x":182,"y":364,"w":89,"h":92},"sourceSize":{"w":89,"h":92}},"game/particles/explosion_4.png":{"frame":{"x":273,"y":364,"w":89,"h":92},"sourceSize":{"w":89,"h":92}},"game/particles/explosion_3.png":{"frame":{"x":364,"y":364,"w":89,"h":92},"sourceSize":{"w":89,"h":92}},"game/particles/explosion_2.png":{"frame":{"x":455,"y":364,"w":89,"h":92},"sourceSize":{"w":89,"h":92}},"game/particles/explosion_14.png":{"frame":{"x":546,"y":364,"w":89,"h":92},"sourceSize":{"w":89,"h":92}},"game/particles/explosion_13.png":{"frame":{"x":637,"y":364,"w":89,"h":92},"sourceSize":{"w":89,"h":92}},"game/particles/explosion_12.png":{"frame":{"x":728,"y":364,"w":89,"h":92},"sourceSize":{"w":89,"h":92}},"game/particles/explosion_11.png":{"frame":{"x":819,"y":364,"w":89,"h":92},"sourceSize":{"w":89,"h":92}},"game/particles/explosion_10.png":{"frame":{"x":910,"y":364,"w":89,"h":92},"sourceSize":{"w":89,"h":92}},"game/particles/smoke_2.png":{"frame":{"x":1001,"y":364,"w":21,"h":24},"sourceSize":{"w":21,"h":24}},"game/particles/smoke_1.png":{"frame":{"x":1001,"y":390,"w":21,"h":24},"sourceSize":{"w":21,"h":24}},"game/particles/smoke_0.png":{"frame":{"x":1001,"y":416,"w":21,"h":24},"sourceSize":{"w":21,"h":24}},"game/debris/20.png":{"frame":{"x":1001,"y":442,"w":13,"h":12},"sourceSize":{"w":13,"h":12}},"game/particles/explosion_1.png":{"frame":{"x":0,"y":458,"w":89,"h":92},"sourceSize":{"w":89,"h":92}},"game/particles/explosion_0.png":{"frame":{"x":91,"y":458,"w":89,"h":92},"sourceSize":{"w":89,"h":92}},"game/summary/header_failed.png":{"frame":{"x":182,"y":458,"w":360,"h":91},"sourceSize":{"w":360,"h":91}},"game/summary/header_complete.png":{"frame":{"x":544,"y":458,"w":360,"h":91},"sourceSize":{"w":360,"h":91}},"game/wall_1.png":{"frame":{"x":906,"y":458,"w":54,"h":54},"sourceSize":{"w":54,"h":54}},"game/wall_0.png":{"frame":{"x":962,"y":458,"w":54,"h":54},"sourceSize":{"w":54,"h":54}},"game/turrets/shotgun.png":{"frame":{"x":906,"y":514,"w":41,"h":35},"sourceSize":{"w":41,"h":35}},"game/turrets/laser.png":{"frame":{"x":949,"y":514,"w":57,"h":35},"sourceSize":{"w":57,"h":35}},"game/debris/19.png":{"frame":{"x":1008,"y":514,"w":13,"h":12},"sourceSize":{"w":13,"h":12}},"game/debris/18.png":{"frame":{"x":1008,"y":528,"w":13,"h":12},"sourceSize":{"w":13,"h":12}},"game/hud/fight.png":{"frame":{"x":0,"y":552,"w":210,"h":91},"sourceSize":{"w":210,"h":91}},"game/buttons/no_normal.png":{"frame":{"x":212,"y":552,"w":124,"h":55},"sourceSize":{"w":124,"h":55}},"game/buttons/no_hover.png":{"frame":{"x":338,"y":552,"w":124,"h":55},"sourceSize":{"w":124,"h":55}},"game/buttons/no_down.png":{"frame":{"x":464,"y":552,"w":124,"h":55},"sourceSize":{"w":124,"h":55}},"game/snow.png":{"frame":{"x":590,"y":552,"w":54,"h":54},"sourceSize":{"w":54,"h":54}},"game/secret.png":{"frame":{"x":646,"y":552,"w":54,"h":54},"sourceSize":{"w":54,"h":54}},"game/grass.png":{"frame":{"x":702,"y":552,"w":54,"h":54},"sourceSize":{"w":54,"h":54}},"game/fire_3.png":{"frame":{"x":758,"y":552,"w":62,"h":54},"sourceSize":{"w":62,"h":54}},"game/fire_2.png":{"frame":{"x":822,"y":552,"w":62,"h":54},"sourceSize":{"w":62,"h":54}},"game/fire_1.png":{"frame":{"x":886,"y":552,"w":62,"h":54},"sourceSize":{"w":62,"h":54}},"game/fire_0.png":{"frame":{"x":950,"y":552,"w":62,"h":54},"sourceSize":{"w":62,"h":54}},"game/tanks/railgun_boss.png":{"frame":{"x":212,"y":609,"w":55,"h":34},"sourceSize":{"w":55,"h":34}},"game/hud/sound_on.png":{"frame":{"x":269,"y":609,"w":37,"h":33},"sourceSize":{"w":37,"h":33}},"game/hud/sound_off.png":{"frame":{"x":308,"y":609,"w":37,"h":33},"sourceSize":{"w":37,"h":33}},"game/hud/music_on.png":{"frame":{"x":347,"y":609,"w":37,"h":33},"sourceSize":{"w":37,"h":33}},"game/hud/music_off.png":{"frame":{"x":386,"y":609,"w":37,"h":33},"sourceSize":{"w":37,"h":33}},"game/turrets/cannon.png":{"frame":{"x":425,"y":609,"w":63,"h":32},"sourceSize":{"w":63,"h":32}},"game/tanks/cannon_boss.png":{"frame":{"x":490,"y":609,"w":63,"h":32},"sourceSize":{"w":63,"h":32}},"game/turrets/railgun.png":{"frame":{"x":555,"y":609,"w":49,"h":31},"sourceSize":{"w":49,"h":31}},"game/tanks/railgun.png":{"frame":{"x":606,"y":609,"w":49,"h":31},"sourceSize":{"w":49,"h":31}},"game/bonuses/ammo_rockets.png":{"frame":{"x":657,"y":609,"w":30,"h":30},"sourceSize":{"w":30,"h":30}},"game/bonuses/ammo_ricochet.png":{"frame":{"x":689,"y":609,"w":30,"h":30},"sourceSize":{"w":30,"h":30}},"game/bonuses/ammo_railgun.png":{"frame":{"x":721,"y":609,"w":30,"h":30},"sourceSize":{"w":30,"h":30}},"game/bonuses/ammo_mines.png":{"frame":{"x":753,"y":609,"w":30,"h":30},"sourceSize":{"w":30,"h":30}},"game/bonuses/ammo_laser.png":{"frame":{"x":785,"y":609,"w":30,"h":30},"sourceSize":{"w":30,"h":30}},"game/bonuses/ammo_flamethrower.png":{"frame":{"x":817,"y":609,"w":30,"h":30},"sourceSize":{"w":30,"h":30}},"game/bonuses/ammo_cannon.png":{"frame":{"x":849,"y":609,"w":30,"h":30},"sourceSize":{"w":30,"h":30}},"game/turrets/minigun.png":{"frame":{"x":881,"y":609,"w":44,"h":29},"sourceSize":{"w":44,"h":29}},"game/tanks/shotgun.png":{"frame":{"x":927,"y":609,"w":33,"h":28},"sourceSize":{"w":33,"h":28}},"game/tanks/laser.png":{"frame":{"x":962,"y":609,"w":45,"h":28},"sourceSize":{"w":45,"h":28}},"game/debris/17.png":{"frame":{"x":1009,"y":609,"w":13,"h":12},"sourceSize":{"w":13,"h":12}},"game/debris/16.png":{"frame":{"x":1009,"y":623,"w":13,"h":12},"sourceSize":{"w":13,"h":12}},"game/desert.png":{"frame":{"x":0,"y":645,"w":54,"h":54},"sourceSize":{"w":54,"h":54}},"game/buttons/continue_normal.png":{"frame":{"x":56,"y":645,"w":189,"h":54},"sourceSize":{"w":189,"h":54}},"game/buttons/continue_hover.png":{"frame":{"x":247,"y":645,"w":189,"h":54},"sourceSize":{"w":189,"h":54}},"game/buttons/continue_down.png":{"frame":{"x":438,"y":645,"w":189,"h":54},"sourceSize":{"w":189,"h":54}},"game/wood.png":{"frame":{"x":629,"y":645,"w":52,"h":52},"sourceSize":{"w":52,"h":52}},"game/spawners/6_damaged.png":{"frame":{"x":683,"y":645,"w":52,"h":52},"sourceSize":{"w":52,"h":52}},"game/spawners/6.png":{"frame":{"x":737,"y":645,"w":52,"h":52},"sourceSize":{"w":52,"h":52}},"game/spawners/4.png":{"frame":{"x":791,"y":645,"w":51,"h":52},"sourceSize":{"w":51,"h":52}},"game/spawners/3_damaged.png":{"frame":{"x":844,"y":645,"w":52,"h":52},"sourceSize":{"w":52,"h":52}},"game/spawners/3.png":{"frame":{"x":898,"y":645,"w":52,"h":52},"sourceSize":{"w":52,"h":52}},"game/spawners/1_damaged.png":{"frame":{"x":952,"y":645,"w":52,"h":52},"sourceSize":{"w":52,"h":52}},"game/debris/15.png":{"frame":{"x":1006,"y":645,"w":13,"h":12},"sourceSize":{"w":13,"h":12}},"game/debris/14.png":{"frame":{"x":1006,"y":659,"w":13,"h":12},"sourceSize":{"w":13,"h":12}},"game/debris/13.png":{"frame":{"x":1006,"y":673,"w":13,"h":12},"sourceSize":{"w":13,"h":12}},"game/spawners/1.png":{"frame":{"x":0,"y":701,"w":52,"h":52},"sourceSize":{"w":52,"h":52}},"game/spawners/0_damaged.png":{"frame":{"x":54,"y":701,"w":52,"h":52},"sourceSize":{"w":52,"h":52}},"game/spawners/0.png":{"frame":{"x":108,"y":701,"w":52,"h":52},"sourceSize":{"w":52,"h":52}},"game/hud/crosshair.png":{"frame":{"x":162,"y":701,"w":52,"h":52},"sourceSize":{"w":52,"h":52}},"game/gate.png":{"frame":{"x":216,"y":701,"w":52,"h":52},"sourceSize":{"w":52,"h":52}},"game/bricks_1.png":{"frame":{"x":270,"y":701,"w":52,"h":52},"sourceSize":{"w":52,"h":52}},"game/bricks_0.png":{"frame":{"x":324,"y":701,"w":52,"h":52},"sourceSize":{"w":52,"h":52}},"game/spawners/5_damaged.png":{"frame":{"x":378,"y":701,"w":52,"h":51},"sourceSize":{"w":52,"h":51}},"game/spawners/5.png":{"frame":{"x":432,"y":701,"w":51,"h":51},"sourceSize":{"w":51,"h":51}},"game/spawners/2_damaged.png":{"frame":{"x":485,"y":701,"w":51,"h":51},"sourceSize":{"w":51,"h":51}},"game/spawners/2.png":{"frame":{"x":538,"y":701,"w":51,"h":51},"sourceSize":{"w":51,"h":51}},"game/spawners/4_damaged.png":{"frame":{"x":591,"y":701,"w":51,"h":49},"sourceSize":{"w":51,"h":49}},"game/turrets/shotgun_base.png":{"frame":{"x":644,"y":701,"w":47,"h":47},"sourceSize":{"w":47,"h":47}},"game/turrets/rockets_base.png":{"frame":{"x":693,"y":701,"w":47,"h":47},"sourceSize":{"w":47,"h":47}},"game/turrets/minigun_base.png":{"frame":{"x":742,"y":701,"w":47,"h":47},"sourceSize":{"w":47,"h":47}},"game/turrets/laser_base.png":{"frame":{"x":791,"y":701,"w":47,"h":47},"sourceSize":{"w":47,"h":47}},"game/turrets/generic_base.png":{"frame":{"x":840,"y":701,"w":47,"h":47},"sourceSize":{"w":47,"h":47}},"game/turrets/cannon_base.png":{"frame":{"x":889,"y":701,"w":47,"h":47},"sourceSize":{"w":47,"h":47}},"game/tanks/boss_body_1.png":{"frame":{"x":938,"y":701,"w":50,"h":47},"sourceSize":{"w":50,"h":47}},"game/particles/star_object.png":{"frame":{"x":990,"y":701,"w":29,"h":27},"sourceSize":{"w":29,"h":27}},"game/projectiles/mine.png":{"frame":{"x":990,"y":730,"w":18,"h":18},"sourceSize":{"w":18,"h":18}},"game/bonuses/coin.png":{"frame":{"x":1010,"y":730,"w":11,"h":12},"sourceSize":{"w":11,"h":12}},"game/tanks/boss_body_0.png":{"frame":{"x":0,"y":755,"w":50,"h":47},"sourceSize":{"w":50,"h":47}},"game/hud/pause_label.png":{"frame":{"x":52,"y":755,"w":162,"h":46},"sourceSize":{"w":162,"h":46}},"game/tanks/ricochet_boss.png":{"frame":{"x":216,"y":755,"w":47,"h":43},"sourceSize":{"w":47,"h":43}},"game/ice.png":{"frame":{"x":265,"y":755,"w":41,"h":43},"sourceSize":{"w":41,"h":43}},"game/tanks/shotgun_body_1.png":{"frame":{"x":308,"y":755,"w":40,"h":42},"sourceSize":{"w":40,"h":42}},"game/tanks/shotgun_body_0.png":{"frame":{"x":350,"y":755,"w":40,"h":42},"sourceSize":{"w":40,"h":42}},"game/tanks/rockets_body_1.png":{"frame":{"x":392,"y":755,"w":40,"h":42},"sourceSize":{"w":40,"h":42}},"game/tanks/rockets_body_0.png":{"frame":{"x":434,"y":755,"w":40,"h":42},"sourceSize":{"w":40,"h":42}},"game/tanks/railgun_body_1.png":{"frame":{"x":476,"y":755,"w":40,"h":42},"sourceSize":{"w":40,"h":42}},"game/tanks/railgun_body_0.png":{"frame":{"x":518,"y":755,"w":40,"h":42},"sourceSize":{"w":40,"h":42}},"game/tanks/minigun_body_1.png":{"frame":{"x":560,"y":755,"w":40,"h":42},"sourceSize":{"w":40,"h":42}},"game/tanks/minigun_body_0.png":{"frame":{"x":602,"y":755,"w":40,"h":42},"sourceSize":{"w":40,"h":42}},"game/tanks/laser_body_1.png":{"frame":{"x":644,"y":755,"w":40,"h":42},"sourceSize":{"w":40,"h":42}},"game/tanks/laser_body_0.png":{"frame":{"x":686,"y":755,"w":40,"h":42},"sourceSize":{"w":40,"h":42}},"game/tanks/kamikaze_body_1.png":{"frame":{"x":728,"y":755,"w":40,"h":42},"sourceSize":{"w":40,"h":42}},"game/tanks/kamikaze_body_0.png":{"frame":{"x":770,"y":755,"w":40,"h":42},"sourceSize":{"w":40,"h":42}},"game/tanks/flamethrower_body_1.png":{"frame":{"x":812,"y":755,"w":40,"h":42},"sourceSize":{"w":40,"h":42}},"game/tanks/flamethrower_body_0.png":{"frame":{"x":854,"y":755,"w":40,"h":42},"sourceSize":{"w":40,"h":42}},"game/tanks/cannon_body_1.png":{"frame":{"x":896,"y":755,"w":40,"h":42},"sourceSize":{"w":40,"h":42}},"game/tanks/cannon_body_0.png":{"frame":{"x":938,"y":755,"w":40,"h":42},"sourceSize":{"w":40,"h":42}},"game/player/body_1.png":{"frame":{"x":980,"y":755,"w":41,"h":42},"sourceSize":{"w":41,"h":42}},"game/player/body_0.png":{"frame":{"x":0,"y":804,"w":41,"h":42},"sourceSize":{"w":41,"h":42}},"game/hud/shotgun_active.png":{"frame":{"x":43,"y":804,"w":54,"h":42},"sourceSize":{"w":54,"h":42}},"game/hud/shotgun.png":{"frame":{"x":99,"y":804,"w":54,"h":42},"sourceSize":{"w":54,"h":42}},"game/hud/shock_active.png":{"frame":{"x":155,"y":804,"w":54,"h":42},"sourceSize":{"w":54,"h":42}},"game/hud/shock.png":{"frame":{"x":211,"y":804,"w":54,"h":42},"sourceSize":{"w":54,"h":42}},"game/hud/rockets_active.png":{"frame":{"x":267,"y":804,"w":55,"h":42},"sourceSize":{"w":55,"h":42}},"game/hud/rockets.png":{"frame":{"x":324,"y":804,"w":55,"h":42},"sourceSize":{"w":55,"h":42}},"game/hud/ricochet_active.png":{"frame":{"x":381,"y":804,"w":55,"h":42},"sourceSize":{"w":55,"h":42}},"game/hud/ricochet.png":{"frame":{"x":438,"y":804,"w":55,"h":42},"sourceSize":{"w":55,"h":42}},"game/hud/minigun_active.png":{"frame":{"x":495,"y":804,"w":55,"h":42},"sourceSize":{"w":55,"h":42}},"game/hud/minigun.png":{"frame":{"x":552,"y":804,"w":55,"h":42},"sourceSize":{"w":55,"h":42}},"game/hud/mines.png":{"frame":{"x":609,"y":804,"w":55,"h":42},"sourceSize":{"w":55,"h":42}},"game/hud/laser_active.png":{"frame":{"x":666,"y":804,"w":55,"h":42},"sourceSize":{"w":55,"h":42}},"game/hud/laser.png":{"frame":{"x":723,"y":804,"w":55,"h":42},"sourceSize":{"w":55,"h":42}},"game/hud/flamethrower_active.png":{"frame":{"x":780,"y":804,"w":55,"h":42},"sourceSize":{"w":55,"h":42}},"game/hud/flamethrower.png":{"frame":{"x":837,"y":804,"w":55,"h":42},"sourceSize":{"w":55,"h":42}},"game/hud/cannon_active.png":{"frame":{"x":894,"y":804,"w":55,"h":42},"sourceSize":{"w":55,"h":42}},"game/hud/cannon.png":{"frame":{"x":951,"y":804,"w":55,"h":42},"sourceSize":{"w":55,"h":42}},"game/debris/12.png":{"frame":{"x":1008,"y":804,"w":13,"h":12},"sourceSize":{"w":13,"h":12}},"game/debris/11.png":{"frame":{"x":1008,"y":818,"w":13,"h":12},"sourceSize":{"w":13,"h":12}},"game/debris/10.png":{"frame":{"x":1008,"y":832,"w":13,"h":12},"sourceSize":{"w":13,"h":12}},"game/hud/railgun_active.png":{"frame":{"x":0,"y":848,"w":55,"h":41},"sourceSize":{"w":55,"h":41}},"game/hud/railgun.png":{"frame":{"x":57,"y":848,"w":55,"h":41},"sourceSize":{"w":55,"h":41}},"game/tanks/flamethrower_boss.png":{"frame":{"x":114,"y":848,"w":57,"h":40},"sourceSize":{"w":57,"h":40}},"game/hole.png":{"frame":{"x":173,"y":848,"w":43,"h":40},"sourceSize":{"w":43,"h":40}},"game/turrets/ricochet.png":{"frame":{"x":218,"y":848,"w":43,"h":39},"sourceSize":{"w":43,"h":39}},"game/tanks/ricochet.png":{"frame":{"x":263,"y":848,"w":43,"h":39},"sourceSize":{"w":43,"h":39}},"game/player/shotgun.png":{"frame":{"x":308,"y":848,"w":54,"h":39},"sourceSize":{"w":54,"h":39}},"game/player/shock.png":{"frame":{"x":364,"y":848,"w":54,"h":39},"sourceSize":{"w":54,"h":39}},"game/player/rockets.png":{"frame":{"x":420,"y":848,"w":54,"h":39},"sourceSize":{"w":54,"h":39}},"game/player/ricochet.png":{"frame":{"x":476,"y":848,"w":54,"h":39},"sourceSize":{"w":54,"h":39}},"game/player/railgun.png":{"frame":{"x":532,"y":848,"w":54,"h":39},"sourceSize":{"w":54,"h":39}},"game/player/minigun.png":{"frame":{"x":588,"y":848,"w":54,"h":39},"sourceSize":{"w":54,"h":39}},"game/player/laser.png":{"frame":{"x":644,"y":848,"w":54,"h":39},"sourceSize":{"w":54,"h":39}},"game/player/flamethrower.png":{"frame":{"x":700,"y":848,"w":54,"h":39},"sourceSize":{"w":54,"h":39}},"game/player/cannon.png":{"frame":{"x":756,"y":848,"w":54,"h":39},"sourceSize":{"w":54,"h":39}},"game/tanks/kamikaze.png":{"frame":{"x":812,"y":848,"w":47,"h":38},"sourceSize":{"w":47,"h":38}},"game/turrets/flamethrower.png":{"frame":{"x":861,"y":848,"w":53,"h":37},"sourceSize":{"w":53,"h":37}},"game/tanks/flamethrower.png":{"frame":{"x":916,"y":848,"w":53,"h":37},"sourceSize":{"w":53,"h":37}},"game/tanks/shotgun_boss.png":{"frame":{"x":971,"y":848,"w":41,"h":35},"sourceSize":{"w":41,"h":35}},"game/buttons/menu_normal.png":{"frame":{"x":0,"y":891,"w":82,"h":36},"sourceSize":{"w":82,"h":36}},"game/buttons/menu_hover.png":{"frame":{"x":84,"y":891,"w":82,"h":36},"sourceSize":{"w":82,"h":36}},"game/buttons/menu_down.png":{"frame":{"x":168,"y":891,"w":82,"h":36},"sourceSize":{"w":82,"h":36}},"game/tanks/laser_boss.png":{"frame":{"x":252,"y":891,"w":57,"h":35},"sourceSize":{"w":57,"h":35}},"game/crate.png":{"frame":{"x":311,"y":891,"w":35,"h":35},"sourceSize":{"w":35,"h":35}},"game/barrel.png":{"frame":{"x":348,"y":891,"w":35,"h":35},"sourceSize":{"w":35,"h":35}},"game/particles/star_laser.png":{"frame":{"x":385,"y":891,"w":29,"h":27},"sourceSize":{"w":29,"h":27}},"game/particles/star_enemy.png":{"frame":{"x":416,"y":891,"w":29,"h":27},"sourceSize":{"w":29,"h":27}},"game/particles/star_coin.png":{"frame":{"x":447,"y":891,"w":29,"h":27},"sourceSize":{"w":29,"h":27}},"game/hud/profit.png":{"frame":{"x":478,"y":891,"w":210,"h":27},"sourceSize":{"w":210,"h":27}},"game/bonuses/bomb.png":{"frame":{"x":690,"y":891,"w":23,"h":27},"sourceSize":{"w":23,"h":27}},"game/tanks/cannon.png":{"frame":{"x":715,"y":891,"w":50,"h":26},"sourceSize":{"w":50,"h":26}},"game/tanks/minigun.png":{"frame":{"x":767,"y":891,"w":35,"h":23},"sourceSize":{"w":35,"h":23}},"game/bonuses/freeze.png":{"frame":{"x":804,"y":891,"w":22,"h":23},"sourceSize":{"w":22,"h":23}},"game/turrets/rockets.png":{"frame":{"x":828,"y":891,"w":54,"h":22},"sourceSize":{"w":54,"h":22}},"game/tanks/rockets_boss.png":{"frame":{"x":884,"y":891,"w":55,"h":22},"sourceSize":{"w":55,"h":22}},"game/projectiles/flame_1.png":{"frame":{"x":941,"y":891,"w":21,"h":22},"sourceSize":{"w":21,"h":22}},"game/projectiles/flame_0.png":{"frame":{"x":964,"y":891,"w":21,"h":22},"sourceSize":{"w":21,"h":22}},"game/bonuses/health.png":{"frame":{"x":987,"y":891,"w":20,"h":22},"sourceSize":{"w":20,"h":22}},"game/debris/09.png":{"frame":{"x":1009,"y":891,"w":13,"h":12},"sourceSize":{"w":13,"h":12}},"game/hud/bar_health.png":{"frame":{"x":0,"y":929,"w":106,"h":21},"sourceSize":{"w":106,"h":21}},"game/hud/bar_frame.png":{"frame":{"x":108,"y":929,"w":109,"h":21},"sourceSize":{"w":109,"h":21}},"game/hud/bar_empty.png":{"frame":{"x":219,"y":929,"w":106,"h":21},"sourceSize":{"w":106,"h":21}},"game/projectiles/shock_short_1.png":{"frame":{"x":327,"y":929,"w":114,"h":17},"sourceSize":{"w":114,"h":17}},"game/projectiles/shock_short_0.png":{"frame":{"x":443,"y":929,"w":114,"h":17},"sourceSize":{"w":114,"h":17}},"game/projectiles/shock_medium_1.png":{"frame":{"x":559,"y":929,"w":211,"h":17},"sourceSize":{"w":211,"h":17}},"game/projectiles/shock_medium_0.png":{"frame":{"x":772,"y":929,"w":210,"h":17},"sourceSize":{"w":210,"h":17}},"game/projectiles/rocket_2.png":{"frame":{"x":984,"y":929,"w":33,"h":12},"sourceSize":{"w":33,"h":12}},"game/projectiles/shock_long_1.png":{"frame":{"x":0,"y":952,"w":406,"h":17},"sourceSize":{"w":406,"h":17}},"game/projectiles/shock_long_0.png":{"frame":{"x":408,"y":952,"w":405,"h":17},"sourceSize":{"w":405,"h":17}},"game/lifebar/background.png":{"frame":{"x":815,"y":952,"w":95,"h":15},"sourceSize":{"w":95,"h":15}},"game/projectiles/rocket_1.png":{"frame":{"x":912,"y":952,"w":33,"h":12},"sourceSize":{"w":33,"h":12}},"game/projectiles/rocket_0.png":{"frame":{"x":947,"y":952,"w":33,"h":12},"sourceSize":{"w":33,"h":12}},"game/debris/08.png":{"frame":{"x":982,"y":952,"w":13,"h":12},"sourceSize":{"w":13,"h":12}},"game/debris/07.png":{"frame":{"x":997,"y":952,"w":13,"h":12},"sourceSize":{"w":13,"h":12}},"game/debris/06.png":{"frame":{"x":0,"y":971,"w":13,"h":12},"sourceSize":{"w":13,"h":12}},"game/debris/05.png":{"frame":{"x":15,"y":971,"w":13,"h":12},"sourceSize":{"w":13,"h":12}},"game/debris/04.png":{"frame":{"x":30,"y":971,"w":13,"h":12},"sourceSize":{"w":13,"h":12}},"game/debris/03.png":{"frame":{"x":45,"y":971,"w":13,"h":12},"sourceSize":{"w":13,"h":12}},"game/debris/02.png":{"frame":{"x":60,"y":971,"w":13,"h":12},"sourceSize":{"w":13,"h":12}},"game/debris/01.png":{"frame":{"x":75,"y":971,"w":13,"h":12},"sourceSize":{"w":13,"h":12}},"game/debris/00.png":{"frame":{"x":90,"y":971,"w":13,"h":12},"sourceSize":{"w":13,"h":12}},"game/projectiles/railgun_0.png":{"frame":{"x":105,"y":971,"w":403,"h":8},"sourceSize":{"w":403,"h":8}}}}