﻿{"name":"bikes","imagePath":"bikes_texture.png","SubTexture":[{"name":".shit_folder/.shit_folder2/wheel2","x":105,"width":38,"y":58,"height":38},{"name":".shit_folder/.shit_folder2/base","x":0,"width":107,"y":0,"height":52},{"name":".shit_folder/.shit_folder2/suspend_front","x":35,"width":34,"y":111,"height":36},{"name":".shit_folder/.shit_folder3/.car13/supend_back copy","x":89,"width":35,"y":160,"height":12},{"name":".shit_folder/driver_corpse","x":201,"width":35,"y":73,"height":40},{"name":".shit_folder/drive_hip","x":236,"width":20,"y":92,"height":11},{"name":".shit_folder/.shit_folder3/.car13/driver_shin copy","x":80,"width":24,"y":52,"height":35},{"name":".shit_folder/.shit_folder3/.car13/driver_arm copy","x":165,"width":23,"y":151,"height":24},{"name":".shit_folder/.shit_folder3/.car13/driver_forearm copy","x":188,"width":23,"y":165,"height":16},{"name":".shit_folder/.shit_folder3/.car13/driver_head copy","x":198,"width":31,"y":113,"height":36},{"name":".shit_folder/test/dust1","x":240,"width":14,"y":47,"height":12},{"name":".shit_folder/test/dust2","x":183,"width":18,"y":58,"height":16},{"name":".shit_folder/test/dust3","x":136,"width":24,"y":156,"height":20},{"name":".shit_folder/test/dust4","x":229,"width":26,"y":113,"height":23},{"name":".shit_folder/test/dust5","x":229,"width":26,"y":136,"height":24},{"name":".shit_folder/test/dust6","x":28,"width":26,"y":147,"height":24},{"name":".shit_folder/test/dust7","x":0,"width":28,"y":147,"height":22},{"name":".shit_folder/test/dust8","x":136,"width":29,"y":135,"height":21},{"name":".shit_folder/test/dust9","x":198,"width":31,"y":149,"height":16},{"name":".shit_folder/test/dust10","x":248,"width":7,"y":0,"height":8},{"name":".shit_folder/Wheel_1_0","x":144,"width":38,"y":58,"height":38},{"name":".shit_folder/test/.car1222/suspend_front","x":98,"width":38,"y":132,"height":28},{"name":".shit_folder/test/.car1222/supend_back","x":54,"width":35,"y":157,"height":13},{"name":".shit_folder/bike_3_base","x":107,"width":94,"y":0,"height":58},{"name":".shit_folder/test/driver_corpse3","x":69,"width":29,"y":120,"height":37},{"name":".shit_folder/test/drive_hip3","x":54,"width":20,"y":170,"height":11},{"name":".shit_folder/test/.car1222/driver_shin","x":80,"width":24,"y":87,"height":33},{"name":".shit_folder/test/.car1222/driver_arm","x":177,"width":21,"y":131,"height":20},{"name":".shit_folder/test/.car1222/driver_forearm","x":229,"width":24,"y":160,"height":16},{"name":".shit_folder/test/.car1222/driver_head","x":104,"width":38,"y":97,"height":35},{"name":".shit_folder/Adv Time items/raduge_0123","x":201,"width":46,"y":0,"height":33},{"name":".shit_folder/.car1/Wheel_1_0a","x":201,"width":38,"y":34,"height":38},{"name":".shit_folder/.car1/supend_back","x":236,"width":20,"y":103,"height":9},{"name":".shit_folder/bike_1_basea","x":0,"width":80,"y":52,"height":59},{"name":".shit_folder/driver_corpsea","x":142,"width":35,"y":97,"height":38},{"name":".shit_folder/drive_hipa","x":240,"width":16,"y":34,"height":13},{"name":".shit_folder/.car1/driver_shin","x":177,"width":21,"y":97,"height":34},{"name":".shit_folder/.car1/driver_arm","x":236,"width":20,"y":73,"height":19},{"name":".shit_folder/.car1/driver_forearm","x":0,"width":22,"y":169,"height":13},{"name":".shit_folder/.car1/driver_head","x":0,"width":35,"y":111,"height":36}]}