﻿{"frameRate":30,"name":"menu anim","version":"5.5","compatibleVersion":"5.5","armature":[{"name":"MenuAnim","bone":[{"inheritScale":false,"name":"back_0","transform":{"x":483.65,"y":-64,"scX":2,"scY":2}},{"inheritScale":false,"name":"road","transform":{"x":178.55,"y":188.25}},{"inheritScale":false,"name":"sun","transform":{"x":488.65,"y":-278.35}},{"inheritScale":false,"name":"moto_wheel_f","transform":{"x":30.95,"y":35}},{"inheritScale":false,"name":"moto_wheel_b","transform":{"x":-30.95,"y":35}},{"inheritScale":false,"name":"Layer 1","transform":{"x":-2.55,"y":15.1}},{"inheritScale":false,"name":"body_01","transform":{"x":-11.6,"y":-5.1}},{"inheritScale":false,"name":"leg_01","transform":{"x":-13.45,"y":1.9,"skX":30,"skY":30,"scX":0.830658,"scY":0.830658}},{"inheritScale":false,"name":"leg_02","transform":{"x":-4.7,"y":31.7,"skX":-11.43,"skY":-11.43,"scX":0.830673,"scY":0.830673}},{"inheritScale":false,"name":"hand_01","transform":{"x":-10.2,"y":-13.75,"skX":11.71,"skY":11.71,"scX":0.830688,"scY":0.830688}},{"inheritScale":false,"name":"hand_03","transform":{"x":8.2,"y":-2.55,"scX":0.830673,"scY":0.830673}},{"inheritScale":false,"name":"hand 2","transform":{"x":4.3,"y":-3.85,"skX":11.69,"skY":11.69,"scX":0.830658,"scY":0.830658}},{"inheritScale":false,"name":"head","transform":{"x":-7.5,"y":-17.7,"skX":-6.72,"skY":-6.72,"scX":0.830673,"scY":0.830673}},{"inheritScale":false,"name":"fx","transform":{"x":-64.2,"y":4.95}},{"inheritScale":false,"name":"vertik","transform":{"x":660.55,"y":236.15,"skX":-7.49,"skY":-7.49,"scX":1.000015,"scY":1.000015}},{"inheritScale":false,"name":"Layer 22","transform":{"x":916.95,"y":173,"skX":-10.01,"skY":-10.01,"scX":0.349792,"scY":0.349792}},{"inheritScale":false,"name":"Layer 32","transform":{"x":619.2,"y":184.6,"skX":-18.07,"skY":-14.46,"scX":2.413742,"scY":0.12088}}],"slot":[{"name":"back_0","parent":"back_0"},{"name":"road","parent":"road"},{"name":"sun","parent":"sun"},{"name":"moto_wheel_f","parent":"moto_wheel_f"},{"name":"moto_wheel_b","parent":"moto_wheel_b"},{"name":"Layer 1","parent":"Layer 1"},{"name":"body_01","parent":"body_01"},{"name":"leg_01","parent":"leg_01"},{"name":"leg_02","parent":"leg_02"},{"name":"hand_01","parent":"hand_01"},{"name":"hand_03","parent":"hand_03"},{"name":"hand 2","parent":"hand 2"},{"name":"head","parent":"head"},{"name":"fx","parent":"fx"},{"name":"vertik","parent":"vertik"},{"name":"Layer 22","parent":"Layer 22"},{"name":"Layer 32","parent":"Layer 32"}],"skin":[{"slot":[{"name":"back_0","display":[{"name":"back-1231232","transform":{"x":67,"y":-17.5}}]},{"name":"road","display":[{"name":"ass","transform":{"x":-144.9,"y":-40}}]},{"name":"sun","display":[{"name":"sun_012312","transform":{"x":0.3,"y":0.3}}]},{"name":"moto_wheel_f","display":[{"type":"armature","name":"front_wheel_anim_01","transform":{"x":-0.05,"y":0.05}}]},{"name":"moto_wheel_b","display":[{"type":"armature","name":"back_wheel_anim-01","transform":{"y":0.05}}]},{"name":"Layer 1","display":[{"name":"bike_body_01","transform":{"x":0.25,"y":2.9}}]},{"name":"body_01","display":[{"name":"body-01","transform":{"x":0.25,"y":0.05}}]},{"name":"leg_01","display":[{"name":"leg_01","transform":{"x":6.3,"y":4.3}}]},{"name":"leg_02","display":[{"name":"leg_02","transform":{"x":2.2,"y":-13.6}}]},{"name":"hand_01","display":[{"name":"hand_01","transform":{"x":3.6,"y":3.8}}]},{"name":"hand_03","display":[{"name":"hand_03","transform":{"x":-0.75,"y":-0.7}}]},{"name":"hand 2","display":[{"name":"hand)92","transform":{"x":-5.05,"y":-0.2}}]},{"name":"head","display":[{"name":"head","transform":{"x":6.95,"y":-8.05}}]},{"name":"fx","display":[{"type":"armature","name":"window_0123"}]},{"name":"vertik","display":[{"name":"helicopter_01","transform":{"x":-5.2,"y":5.35}}]},{"name":"Layer 22","display":[{"type":"armature","name":"front_wheel_anim_03"}]},{"name":"Layer 32","display":[{"type":"armature","name":"front_wheel_anim_04","transform":{"x":-0.8,"y":-3.35}}]}]}],"animation":[{"duration":170,"fadeInTime":0.2,"name":"biker menu animation","frame":[{"duration":169},{}],"bone":[{"name":"back_0","translateFrame":[{"duration":20,"tweenEasing":-1},{"duration":149,"tweenEasing":1,"x":-70,"y":0.1},{"tweenEasing":0,"x":-134,"y":0.1}]},{"name":"road","translateFrame":[{"duration":20,"tweenEasing":1},{"duration":148,"tweenEasing":1,"x":-164,"y":39},{"x":-294,"y":40},{"tweenEasing":0,"x":-178.55,"y":-188.25}]},{"name":"sun","translateFrame":[{"duration":20,"tweenEasing":0},{"duration":149,"tweenEasing":1,"x":-78.51,"y":-2.01},{"tweenEasing":0,"x":-142.52,"y":-29.02}],"scaleFrame":[{"duration":20,"tweenEasing":0},{"duration":149,"tweenEasing":1,"x":1.15,"y":1.15},{"tweenEasing":0,"x":1.33,"y":1.33}]},{"name":"moto_wheel_f","translateFrame":[{"duration":5,"tweenEasing":0},{"duration":6,"tweenEasing":0,"x":112.1,"y":-4.05},{"duration":7,"tweenEasing":0,"x":161.42,"y":-58.98},{"duration":4,"tweenEasing":0,"x":287.29,"y":-123.35},{"duration":5,"tweenEasing":0,"x":328.68,"y":-179.81},{"duration":142,"tweenEasing":1,"x":342.08,"y":-245.86},{"tweenEasing":0,"x":405.33,"y":-213.46}],"rotateFrame":[{"duration":5,"tweenEasing":0},{"duration":6,"tweenEasing":0,"rotate":-10.21},{"duration":7,"tweenEasing":0,"rotate":-30.22},{"duration":4,"tweenEasing":0,"rotate":-17.24},{"duration":5,"tweenEasing":0,"rotate":-59.2},{"duration":142,"tweenEasing":1,"rotate":-111.74},{"tweenEasing":0,"rotate":-67.49}],"scaleFrame":[{"duration":5,"tweenEasing":0},{"duration":6,"tweenEasing":0},{"duration":7,"tweenEasing":0,"x":1.11,"y":1.11},{"duration":4,"tweenEasing":0,"x":1.21,"y":1.21},{"duration":5,"tweenEasing":0,"x":1.39,"y":1.39},{"duration":142,"tweenEasing":1,"x":1.62,"y":1.62},{"tweenEasing":0,"x":1.58,"y":1.58}]},{"name":"moto_wheel_b","translateFrame":[{"duration":5,"tweenEasing":0},{"duration":6,"tweenEasing":0,"x":116.3,"y":10.1},{"duration":7,"tweenEasing":0,"x":163.73,"y":-24.13},{"duration":4,"tweenEasing":0,"x":277.6,"y":-101.2},{"duration":5,"tweenEasing":0,"x":347.79,"y":-108.02},{"duration":142,"tweenEasing":1,"x":442.18,"y":-152.73},{"tweenEasing":0,"x":429.9,"y":-123.2}],"rotateFrame":[{"duration":5,"tweenEasing":0},{"duration":6,"tweenEasing":0,"rotate":-10.21},{"duration":7,"tweenEasing":0,"rotate":-30.22},{"duration":4,"tweenEasing":0,"rotate":-17.24},{"duration":5,"tweenEasing":0,"rotate":-59.2},{"duration":142,"tweenEasing":1,"rotate":-111.74},{"tweenEasing":0,"rotate":-67.49}],"scaleFrame":[{"duration":5,"tweenEasing":0},{"duration":6,"tweenEasing":0},{"duration":7,"tweenEasing":0,"x":1.11,"y":1.11},{"duration":4,"tweenEasing":0,"x":1.21,"y":1.21},{"duration":5,"tweenEasing":0,"x":1.39,"y":1.39},{"duration":142,"tweenEasing":1,"x":1.62,"y":1.62},{"tweenEasing":0,"x":1.58,"y":1.58}]},{"name":"Layer 1","translateFrame":[{"duration":5,"tweenEasing":0},{"duration":6,"tweenEasing":0,"x":112.3,"y":6.9},{"duration":7,"tweenEasing":0,"x":151.42,"y":-39.37},{"duration":9,"tweenEasing":0,"x":274.95,"y":-114.4},{"duration":142,"tweenEasing":1,"x":365.91,"y":-163.73},{"tweenEasing":0,"x":389.65,"y":-156.7}],"rotateFrame":[{"duration":5,"tweenEasing":0},{"duration":6,"tweenEasing":0,"rotate":-10.21},{"duration":7,"tweenEasing":0,"rotate":-30.22},{"duration":9,"tweenEasing":0,"rotate":-17.24},{"duration":142,"tweenEasing":1,"rotate":-111.74},{"tweenEasing":0,"rotate":-67.49}],"scaleFrame":[{"duration":5,"tweenEasing":0},{"duration":6,"tweenEasing":0},{"duration":7,"tweenEasing":0,"x":1.11,"y":1.11},{"duration":9,"tweenEasing":0,"x":1.21,"y":1.21},{"duration":142,"tweenEasing":1,"x":1.62,"y":1.62},{"tweenEasing":0,"x":1.58,"y":1.58}]},{"name":"body_01","translateFrame":[{"duration":5,"tweenEasing":0},{"duration":6,"tweenEasing":0,"x":107.8,"y":11.85},{"duration":7,"tweenEasing":0,"x":140.5,"y":-33.63},{"duration":9,"tweenEasing":0,"x":259.66,"y":-120.03},{"duration":142,"tweenEasing":1,"x":305.03,"y":-126.17},{"tweenEasing":0,"x":344.79,"y":-140.28}],"rotateFrame":[{"duration":5,"tweenEasing":0},{"duration":6,"tweenEasing":0,"rotate":-4.99},{"duration":7,"tweenEasing":0,"rotate":-30.22},{"duration":9,"tweenEasing":0,"rotate":42.76},{"duration":142,"tweenEasing":1,"rotate":19.95},{"tweenEasing":0,"rotate":25.49}],"scaleFrame":[{"duration":5,"tweenEasing":0},{"duration":6,"tweenEasing":0},{"duration":7,"tweenEasing":0,"x":1.11,"y":1.11},{"duration":9,"tweenEasing":0,"x":1.21,"y":1.21},{"duration":142,"tweenEasing":1,"x":1.62,"y":1.62},{"tweenEasing":0,"x":1.58,"y":1.58}]},{"name":"leg_01","translateFrame":[{"duration":5,"tweenEasing":0},{"duration":6,"tweenEasing":0,"x":108.34,"y":10.86},{"duration":7,"tweenEasing":0,"x":144.5,"y":-32.8},{"duration":9,"tweenEasing":0,"x":254.17,"y":-122.42},{"duration":142,"tweenEasing":1,"x":299.47,"y":-120.04},{"tweenEasing":0,"x":339.29,"y":-138.23}],"rotateFrame":[{"duration":5,"tweenEasing":0},{"duration":6,"tweenEasing":0,"rotate":-20.44},{"duration":7,"tweenEasing":0,"rotate":-30.23},{"duration":9,"tweenEasing":0,"rotate":42.75},{"duration":142,"tweenEasing":1,"rotate":34.95},{"tweenEasing":0,"rotate":51.7}],"scaleFrame":[{"duration":5,"tweenEasing":0},{"duration":6,"tweenEasing":0},{"duration":7,"tweenEasing":0,"x":1.11,"y":1.11},{"duration":9,"tweenEasing":0,"x":1.21,"y":1.21},{"duration":142,"tweenEasing":1,"x":1.62,"y":1.62},{"tweenEasing":0,"x":1.58,"y":1.58}]},{"name":"leg_02","translateFrame":[{"duration":5,"tweenEasing":0},{"duration":6,"tweenEasing":0,"x":115.35,"y":7.02},{"duration":7,"tweenEasing":0,"x":160.92,"y":-38.77},{"duration":9,"tweenEasing":0,"x":228.7,"y":-118.64},{"duration":142,"tweenEasing":1,"x":274.63,"y":-102.3},{"tweenEasing":0,"x":302.15,"y":-128.01}],"rotateFrame":[{"duration":5,"tweenEasing":0},{"duration":6,"tweenEasing":0,"rotate":-10.2},{"duration":7,"tweenEasing":0,"rotate":-30.22},{"duration":9,"tweenEasing":0,"rotate":42.76},{"duration":142,"tweenEasing":1,"rotate":34.94},{"tweenEasing":0,"rotate":51.7}],"scaleFrame":[{"duration":5,"tweenEasing":0},{"duration":6,"tweenEasing":0},{"duration":7,"tweenEasing":0,"x":1.11,"y":1.11},{"duration":9,"tweenEasing":0,"x":1.21,"y":1.21},{"duration":142,"tweenEasing":1,"x":1.62,"y":1.62},{"tweenEasing":0,"x":1.58,"y":1.58}]},{"name":"hand_01","translateFrame":[{"duration":5,"tweenEasing":0},{"duration":6,"tweenEasing":0,"x":107.34,"y":10.84},{"duration":7,"tweenEasing":0,"x":135.59,"y":-34},{"duration":9,"tweenEasing":0,"x":265.15,"y":-118.31},{"duration":142,"tweenEasing":1,"x":307.08,"y":-125.57},{"tweenEasing":0,"x":349.5,"y":-140.9}],"rotateFrame":[{"duration":5,"tweenEasing":0},{"duration":6,"tweenEasing":0,"rotate":-10.21},{"duration":7,"tweenEasing":0,"rotate":-30.22},{"duration":9,"tweenEasing":0,"rotate":-2.25},{"duration":142,"tweenEasing":1,"rotate":-51.74},{"tweenEasing":0,"rotate":-37.49}],"scaleFrame":[{"duration":5,"tweenEasing":0},{"duration":6,"tweenEasing":0},{"duration":7,"tweenEasing":0,"x":1.11,"y":1.11},{"duration":9,"tweenEasing":0,"x":1.21,"y":1.21},{"duration":142,"tweenEasing":1,"x":1.62,"y":1.62},{"tweenEasing":0,"x":1.58,"y":1.58}]},{"name":"hand_03","translateFrame":[{"duration":5,"tweenEasing":0},{"duration":6,"tweenEasing":0,"x":109.01,"y":5.29},{"duration":7,"tweenEasing":0,"x":141.17,"y":-44.62},{"duration":9,"tweenEasing":0,"x":270.17,"y":-120.94},{"duration":142,"tweenEasing":1,"x":322.05,"y":-151.45},{"tweenEasing":0,"x":359.68,"y":-165.41}],"rotateFrame":[{"duration":5,"tweenEasing":0},{"duration":6,"tweenEasing":0,"rotate":-10.21},{"duration":7,"tweenEasing":0,"rotate":-30.22},{"duration":9,"tweenEasing":0,"rotate":-17.24},{"duration":142,"tweenEasing":1,"rotate":-66.74},{"tweenEasing":0,"rotate":-67.49}],"scaleFrame":[{"duration":5,"tweenEasing":0},{"duration":6,"tweenEasing":0},{"duration":7,"tweenEasing":0,"x":1.11,"y":1.11},{"duration":9,"tweenEasing":0,"x":1.21,"y":1.21},{"duration":142,"tweenEasing":1,"x":1.62,"y":1.62},{"tweenEasing":0,"x":1.58,"y":1.58}]},{"name":"hand 2","translateFrame":[{"duration":5,"tweenEasing":0},{"duration":6,"tweenEasing":0,"x":108.77,"y":5.97},{"duration":7,"tweenEasing":0,"x":140.56,"y":-42.6},{"duration":9,"tweenEasing":0,"x":269.1,"y":-119.85},{"duration":142,"tweenEasing":1,"x":321.4,"y":-145.21},{"tweenEasing":0,"x":359.21,"y":-159.2}],"rotateFrame":[{"duration":5,"tweenEasing":0},{"duration":6,"tweenEasing":0,"rotate":-25.21},{"duration":7,"tweenEasing":0,"rotate":-30.22},{"duration":9,"tweenEasing":0,"rotate":-17.25},{"duration":142,"tweenEasing":1,"rotate":-51.74},{"tweenEasing":0,"rotate":-67.49}],"scaleFrame":[{"duration":5,"tweenEasing":0},{"duration":6,"tweenEasing":0},{"duration":7,"tweenEasing":0,"x":1.11,"y":1.11},{"duration":9,"tweenEasing":0,"x":1.21,"y":1.21},{"duration":142,"tweenEasing":1,"x":1.62,"y":1.62},{"tweenEasing":0,"x":1.58,"y":1.58}]},{"name":"head","translateFrame":[{"duration":5,"tweenEasing":0},{"duration":6,"tweenEasing":0,"x":106.55,"y":11.9},{"duration":7,"tweenEasing":0,"x":133.25,"y":-35.45},{"duration":9,"tweenEasing":0,"x":266.9,"y":-118.3},{"duration":142,"tweenEasing":1,"x":310.35,"y":-131.5},{"tweenEasing":0,"x":350.15,"y":-145.8}],"rotateFrame":[{"duration":5,"tweenEasing":0},{"duration":6,"tweenEasing":0,"rotate":-10.21},{"duration":7,"tweenEasing":0,"rotate":-30.23},{"duration":9,"tweenEasing":0,"rotate":-12.02},{"duration":142,"tweenEasing":1,"rotate":-40.82},{"tweenEasing":0,"rotate":-26.57}],"scaleFrame":[{"duration":5,"tweenEasing":0},{"duration":6,"tweenEasing":0},{"duration":7,"tweenEasing":0,"x":1.11,"y":1.11},{"duration":9,"tweenEasing":0,"x":1.21,"y":1.21},{"duration":142,"tweenEasing":1,"x":1.62,"y":1.62},{"tweenEasing":0,"x":1.58,"y":1.58}]},{"name":"fx","translateFrame":[{"duration":5,"tweenEasing":0},{"duration":6,"tweenEasing":0,"x":109.95,"y":15.5},{"duration":7,"tweenEasing":0,"x":133.65,"y":-14.55},{"duration":9,"tweenEasing":0,"x":225.29,"y":-100.11},{"duration":12,"tweenEasing":0,"x":261.54,"y":-54.97},{"x":247.36,"y":-156.68},{"duration":130,"tweenEasing":0,"x":64.2,"y":-4.95}],"rotateFrame":[{"duration":5,"tweenEasing":0},{"duration":6,"tweenEasing":0,"rotate":-6.77},{"duration":7,"tweenEasing":0,"rotate":-15},{"duration":9,"tweenEasing":0,"rotate":-8.32,"skew":0.02},{"duration":12,"tweenEasing":0,"rotate":-42.17,"skew":0.13},{"rotate":12.56,"skew":0.14},{"duration":130,"tweenEasing":0}],"scaleFrame":[{"duration":5,"tweenEasing":0},{"duration":6,"tweenEasing":0,"x":0.95,"y":0.95},{"duration":7,"tweenEasing":0,"x":1.24,"y":1.24},{"duration":9,"tweenEasing":0,"x":1.81,"y":1.26},{"duration":12,"tweenEasing":0,"x":2.83,"y":1.86},{"x":2.69,"y":1.86},{"duration":130,"tweenEasing":0}]},{"name":"vertik","translateFrame":[{"duration":8,"tweenEasing":0,"x":-660.55,"y":-236.15},{"duration":31,"tweenEasing":1},{"duration":130,"tweenEasing":1,"x":-240.5,"y":-207.55},{"tweenEasing":0,"x":-159.52,"y":-193.53}],"rotateFrame":[{"duration":8,"tweenEasing":0,"rotate":7.49},{"duration":31,"tweenEasing":1},{"duration":131,"rotate":-8.68}],"scaleFrame":[{"duration":8,"tweenEasing":0},{"duration":31,"tweenEasing":1},{"duration":130,"tweenEasing":1,"x":1.3,"y":1.3},{"tweenEasing":0,"x":1.53,"y":1.53}]},{"name":"Layer 22","translateFrame":[{"duration":8,"tweenEasing":0,"x":-916.95,"y":-173},{"duration":3,"tweenEasing":0},{"duration":7,"tweenEasing":0,"x":-30.25,"y":-51.95},{"duration":9,"tweenEasing":0,"x":-95.3,"y":-149.9},{"duration":6,"tweenEasing":0,"x":-151.85,"y":-235.9},{"duration":3,"tweenEasing":0,"x":-172.7,"y":-265.4},{"duration":3,"tweenEasing":0,"x":-177.1,"y":-278.2},{"duration":28,"tweenEasing":0,"x":-177.55,"y":-278.95},{"duration":26,"tweenEasing":0,"x":-126.8,"y":-280.8},{"duration":26,"tweenEasing":0,"x":-89.7,"y":-282.45},{"duration":25,"tweenEasing":0,"x":-63.1,"y":-284.2},{"duration":25,"tweenEasing":0,"x":-49.6,"y":-285.85},{"tweenEasing":0,"x":-44.05,"y":-287.84}],"rotateFrame":[{"duration":8,"tweenEasing":0,"rotate":10.01},{"duration":3,"tweenEasing":0,"clockwise":2},{"duration":7,"tweenEasing":0,"rotate":69.17},{"duration":9,"tweenEasing":0,"rotate":50.36},{"duration":6,"tweenEasing":0,"rotate":26.06},{"duration":3,"tweenEasing":0,"rotate":10},{"duration":3,"tweenEasing":0,"rotate":1.98},{"duration":28,"tweenEasing":0,"rotate":-6.16},{"duration":26,"tweenEasing":0,"rotate":-6.04},{"duration":26,"tweenEasing":0,"rotate":-6.02},{"duration":25,"tweenEasing":0,"rotate":-6.01},{"duration":25,"tweenEasing":0,"rotate":-6.01},{"tweenEasing":0,"rotate":-6.05}],"scaleFrame":[{"duration":8,"tweenEasing":0,"x":2.86,"y":2.86},{"duration":3,"tweenEasing":0},{"duration":7,"tweenEasing":0,"x":1.08,"y":1.08},{"duration":9,"tweenEasing":0,"x":1.2,"y":1.2},{"duration":6,"tweenEasing":0,"x":1.35,"y":1.35},{"duration":3,"tweenEasing":0,"x":1.46,"y":1.46},{"duration":3,"tweenEasing":0,"x":1.51,"y":1.51},{"duration":28,"tweenEasing":0,"x":1.56,"y":1.56},{"duration":26,"tweenEasing":0,"x":1.66,"y":1.66},{"duration":26,"tweenEasing":0,"x":1.74,"y":1.74},{"duration":25,"tweenEasing":0,"x":1.83,"y":1.83},{"duration":25,"tweenEasing":0,"x":1.91,"y":1.91},{"tweenEasing":0,"x":2,"y":2}]},{"name":"Layer 32","translateFrame":[{"duration":8,"tweenEasing":0,"x":-619.2,"y":-184.6},{"duration":3,"tweenEasing":0},{"duration":7,"tweenEasing":0,"x":-46.18,"y":-36.83},{"duration":9,"tweenEasing":0,"x":-139.94,"y":-119.28},{"duration":6,"tweenEasing":0,"x":-219.71,"y":-185.52},{"duration":6,"tweenEasing":0,"x":-250.11,"y":-208.02},{"duration":28,"tweenEasing":0,"x":-259.67,"y":-214.85},{"duration":102,"tweenEasing":0,"x":-232.4,"y":-214.2},{"tweenEasing":0,"x":-187.17,"y":-212.3}],"rotateFrame":[{"duration":8,"tweenEasing":0,"rotate":14.46},{"duration":3,"tweenEasing":0,"skew":-3.61},{"duration":7,"tweenEasing":0,"rotate":0.15,"skew":-3.73},{"duration":15,"tweenEasing":0,"rotate":0.17,"skew":-3.74},{"duration":6,"tweenEasing":0,"rotate":0.17,"skew":-3.74},{"duration":28,"tweenEasing":0,"skew":-3.6},{"duration":102,"tweenEasing":0,"rotate":0.15,"skew":-3.72},{"tweenEasing":0,"skew":-3.6}],"scaleFrame":[{"duration":8,"tweenEasing":0,"x":0.41,"y":8.27},{"duration":3,"tweenEasing":0},{"duration":7,"tweenEasing":0,"x":1.05,"y":1.05},{"duration":9,"tweenEasing":0,"x":1.17,"y":1.17},{"duration":6,"tweenEasing":0,"x":1.32,"y":1.32},{"duration":6,"tweenEasing":0,"x":1.43,"y":1.43},{"duration":131,"x":1.53,"y":1.53}]}],"slot":[{"name":"road","displayFrame":[{"duration":169},{"value":-1}]},{"name":"fx","displayFrame":[{"duration":40},{"duration":130,"value":-1}],"colorFrame":[{"duration":5,"tweenEasing":0,"value":{"aM":66}},{"duration":6,"tweenEasing":0,"value":{"aM":59}},{"duration":7,"tweenEasing":0,"value":{"aM":53}},{"duration":9,"tweenEasing":0,"value":{"aM":22}},{"duration":12,"tweenEasing":0,"value":{"aM":9}},{"value":{"aM":0}},{"duration":130,"tweenEasing":0}]},{"name":"vertik","displayFrame":[{"duration":8,"value":-1},{"duration":162}]},{"name":"Layer 22","displayFrame":[{"duration":8,"value":-1},{"duration":162}]},{"name":"Layer 32","displayFrame":[{"duration":8,"value":-1},{"duration":162}]}]}]},{"name":"front_wheel_anim_01","bone":[{"inheritScale":false,"name":"wheel","transform":{"scX":0.727234,"scY":0.727234}}],"slot":[{"name":"wheel","parent":"wheel"}],"skin":[{"slot":[{"name":"wheel","display":[{"name":"moto_wheel_01","transform":{"x":0.45,"y":0.35}}]}]}],"animation":[{"duration":25,"playTimes":0,"name":"anim","bone":[{"name":"wheel","rotateFrame":[{"duration":24,"tweenEasing":0,"clockwise":2},{"tweenEasing":0}]}]}]},{"name":"back_wheel_anim-01","bone":[{"inheritScale":false,"name":"wheel","transform":{"x":-0.05,"scX":0.727234,"scY":0.727234}}],"slot":[{"name":"wheel","parent":"wheel"}],"skin":[{"slot":[{"name":"wheel","display":[{"name":"moto_wheel_01 copy","transform":{"x":0.45,"y":0.35}}]}]}],"animation":[{"duration":25,"playTimes":0,"name":"anim","bone":[{"name":"wheel","rotateFrame":[{"duration":24,"tweenEasing":0,"clockwise":2},{"tweenEasing":0}]}]}]},{"name":"window_0123","bone":[{"inheritScale":false,"name":"Layer 1","transform":{"x":23.4,"y":-1.1}}],"slot":[{"name":"Layer 1","parent":"Layer 1"}],"skin":[{"slot":[{"name":"Layer 1","display":[{"name":"__dbTextures/window_0123/Layer 1_0","transform":{"x":0.05,"y":0.15}},{"name":"__dbTextures/window_0123/Layer 1_2","transform":{"x":0.15,"y":0.25}},{"name":"__dbTextures/window_0123/Layer 1_4","transform":{"x":0.15,"y":0.2}}]}]}],"animation":[{"duration":6,"playTimes":0,"name":"unnamed","bone":[{"name":"Layer 1","translateFrame":[{"duration":2,"tweenEasing":0},{"duration":2,"tweenEasing":0,"x":-3.3,"y":-2},{"duration":2,"tweenEasing":0,"x":-3.3,"y":-2.1}]}],"slot":[{"name":"Layer 1","displayFrame":[{"duration":2},{"duration":2,"value":1},{"duration":2,"value":2}]}]}]},{"name":"front_wheel_anim_03","bone":[{"inheritScale":false,"name":"Layer 223","transform":{"scX":0.815613,"scY":0.815613}},{"inheritScale":false,"name":"Layer 2_012","transform":{"skX":-47.97,"skY":-47.97,"scX":0.779602,"scY":0.779602}}],"slot":[{"name":"Layer 223","parent":"Layer 223"},{"name":"Layer 2_012","parent":"Layer 2_012"}],"skin":[{"slot":[{"name":"Layer 223","display":[{"name":"prop1","transform":{"x":0.15,"y":0.65}}]},{"name":"Layer 2_012","display":[{"name":"prop1","transform":{"x":0.15,"y":0.65}}]}]}],"animation":[{"duration":7,"playTimes":0,"name":"anim","bone":[{"name":"Layer 223","rotateFrame":[{"duration":6,"tweenEasing":0,"clockwise":-2},{"tweenEasing":0,"rotate":-4.48}]},{"name":"Layer 2_012","rotateFrame":[{"duration":6,"tweenEasing":0,"clockwise":-2},{"tweenEasing":0,"rotate":-11.25}],"scaleFrame":[{"duration":6,"tweenEasing":0},{"tweenEasing":0,"x":1.05,"y":1.05}]}],"slot":[{"name":"Layer 2_012","colorFrame":[{"duration":6,"tweenEasing":0,"value":{"aM":52}},{"tweenEasing":0}]}]}]},{"name":"front_wheel_anim_04","bone":[{"inheritScale":false,"name":"Layer 223","transform":{"scX":0.815613,"scY":0.815613}},{"inheritScale":false,"name":"Layer 2_012","transform":{"skX":-47.97,"skY":-47.97,"scX":0.779602,"scY":0.779602}}],"slot":[{"name":"Layer 223","parent":"Layer 223"},{"name":"Layer 2_012","parent":"Layer 2_012"}],"skin":[{"slot":[{"name":"Layer 223","display":[{"name":"prop1","transform":{"x":0.15,"y":0.65}}]},{"name":"Layer 2_012","display":[{"name":"prop1","transform":{"x":0.15,"y":0.65}}]}]}],"animation":[{"duration":7,"playTimes":0,"name":"anim","bone":[{"name":"Layer 223","rotateFrame":[{"duration":6,"tweenEasing":0,"clockwise":-2},{"tweenEasing":0,"rotate":-4.48}]},{"name":"Layer 2_012","rotateFrame":[{"duration":6,"tweenEasing":0,"clockwise":-2},{"tweenEasing":0,"rotate":-11.25}],"scaleFrame":[{"duration":6,"tweenEasing":0},{"tweenEasing":0,"x":1.05,"y":1.05}]}],"slot":[{"name":"Layer 2_012","colorFrame":[{"duration":6,"tweenEasing":0,"value":{"aM":52}},{"tweenEasing":0}]}]}]}]}