﻿{"SubTexture":[{"name":"back-1231232","x":0,"width":660,"y":0,"height":261},{"name":"ass","x":0,"width":529,"y":262,"height":327},{"name":"sun_012312","x":531,"width":375,"y":278,"height":375},{"name":"bike_body_01","x":662,"width":86,"y":231,"height":46},{"name":"body-01","x":999,"width":18,"y":30,"height":28},{"name":"leg_01","x":999,"width":18,"y":59,"height":11},{"name":"leg_02","x":982,"width":16,"y":30,"height":31},{"name":"hand_01","x":982,"width":15,"y":62,"height":14},{"name":"hand_03","x":1013,"width":9,"y":71,"height":6},{"name":"hand)92","x":998,"width":14,"y":71,"height":8},{"name":"head","x":982,"width":34,"y":0,"height":29},{"name":"helicopter_01","x":0,"width":603,"y":654,"height":156},{"name":"moto_wheel_01","x":978,"width":43,"y":128,"height":43},{"name":"moto_wheel_01 copy","x":978,"width":43,"y":84,"height":43},{"name":"__dbTextures/window_0123/Layer 1_0","x":892,"width":78,"y":161,"height":83},{"name":"__dbTextures/window_0123/Layer 1_2","x":892,"width":89,"y":0,"height":83},{"name":"__dbTextures/window_0123/Layer 1_4","x":892,"width":85,"y":84,"height":76},{"name":"prop1","x":662,"width":229,"y":0,"height":230}],"name":"menu anim","imagePath":"texture.png"}