﻿{"frames": {

"Wheel_1_00000":
{
	"frame": {"x":2,"y":59,"w":42,"h":41},
	"rotated": false,
	"trimmed": false,
	"spriteSourceSize": {"x":0,"y":0,"w":42,"h":41},
	"sourceSize": {"w":42,"h":41}
},
"bike_1_base0000":
{
	"frame": {"x":2,"y":2,"w":110,"h":55},
	"rotated": false,
	"trimmed": false,
	"spriteSourceSize": {"x":0,"y":0,"w":110,"h":55},
	"sourceSize": {"w":110,"h":55}
},
"driver_arm10000":
{
	"frame": {"x":89,"y":75,"w":20,"h":13},
	"rotated": false,
	"trimmed": false,
	"spriteSourceSize": {"x":0,"y":0,"w":20,"h":13},
	"sourceSize": {"w":20,"h":13}
},
"driver_corpse10000":
{
	"frame": {"x":69,"y":88,"w":18,"h":33},
	"rotated": false,
	"trimmed": false,
	"spriteSourceSize": {"x":0,"y":0,"w":18,"h":33},
	"sourceSize": {"w":18,"h":33}
},
"driver_forearm10000":
{
	"frame": {"x":89,"y":104,"w":22,"h":9},
	"rotated": false,
	"trimmed": false,
	"spriteSourceSize": {"x":0,"y":0,"w":22,"h":9},
	"sourceSize": {"w":22,"h":9}
},
"driver_head10000":
{
	"frame": {"x":46,"y":59,"w":34,"h":27},
	"rotated": false,
	"trimmed": false,
	"spriteSourceSize": {"x":0,"y":0,"w":34,"h":27},
	"sourceSize": {"w":34,"h":27}
},
"driver_hip10000":
{
	"frame": {"x":89,"y":90,"w":19,"h":12},
	"rotated": false,
	"trimmed": false,
	"spriteSourceSize": {"x":0,"y":0,"w":19,"h":12},
	"sourceSize": {"w":19,"h":12}
},
"driver_shin10000":
{
	"frame": {"x":46,"y":88,"w":21,"h":34},
	"rotated": false,
	"trimmed": false,
	"spriteSourceSize": {"x":0,"y":0,"w":21,"h":34},
	"sourceSize": {"w":21,"h":34}
},
"suspend_back10000":
{
	"frame": {"x":2,"y":102,"w":38,"h":16},
	"rotated": false,
	"trimmed": false,
	"spriteSourceSize": {"x":0,"y":0,"w":38,"h":16},
	"sourceSize": {"w":38,"h":16}
},
"suspend_front10000":
{
	"frame": {"x":89,"y":59,"w":25,"h":14},
	"rotated": false,
	"trimmed": false,
	"spriteSourceSize": {"x":0,"y":0,"w":25,"h":14},
	"sourceSize": {"w":25,"h":14}
}},
"meta": {
	"app": "Adobe Flash Professional",
	"version": "15.0.1.179",
	"image": "cars_game.png",
	"format": "RGBA8888",
	"size": {"w":128,"h":128},
	"scale": "1"
}
}
