﻿{"frames": {

"BarrelE0000":
{
	"frame": {"x":1,"y":1,"w":54,"h":54},
	"rotated": false,
	"trimmed": false,
	"spriteSourceSize": {"x":0,"y":0,"w":54,"h":54},
	"sourceSize": {"w":54,"h":54}
},
"Bg0_00000":
{
	"frame": {"x":56,"y":1,"w":720,"h":480},
	"rotated": false,
	"trimmed": false,
	"spriteSourceSize": {"x":0,"y":0,"w":720,"h":480},
	"sourceSize": {"w":720,"h":480}
},
"Bg1_00000":
{
	"frame": {"x":777,"y":1,"w":10,"h":10},
	"rotated": false,
	"trimmed": false,
	"spriteSourceSize": {"x":0,"y":0,"w":10,"h":10},
	"sourceSize": {"w":10,"h":10}
},
"Bg2_00000":
{
	"frame": {"x":788,"y":1,"w":10,"h":10},
	"rotated": false,
	"trimmed": false,
	"spriteSourceSize": {"x":0,"y":0,"w":10,"h":10},
	"sourceSize": {"w":10,"h":10}
},
"Car1FrameExploded0000":
{
	"frame": {"x":799,"y":1,"w":116,"h":66},
	"rotated": false,
	"trimmed": false,
	"spriteSourceSize": {"x":0,"y":0,"w":116,"h":66},
	"sourceSize": {"w":116,"h":66}
},
"Car2FrameExploded0000":
{
	"frame": {"x":916,"y":1,"w":112,"h":65},
	"rotated": false,
	"trimmed": false,
	"spriteSourceSize": {"x":0,"y":0,"w":112,"h":65},
	"sourceSize": {"w":112,"h":65}
},
"Car3FrameExploded0000":
{
	"frame": {"x":1029,"y":1,"w":101,"h":65},
	"rotated": false,
	"trimmed": false,
	"spriteSourceSize": {"x":0,"y":0,"w":101,"h":65},
	"sourceSize": {"w":101,"h":65}
},
"Car4FrameExploded0000":
{
	"frame": {"x":1131,"y":1,"w":92,"h":71},
	"rotated": false,
	"trimmed": false,
	"spriteSourceSize": {"x":0,"y":0,"w":92,"h":71},
	"sourceSize": {"w":92,"h":71}
},
"CarExplode0000":
{
	"frame": {"x":1224,"y":1,"w":37,"h":38},
	"rotated": false,
	"trimmed": true,
	"spriteSourceSize": {"x":89,"y":92,"w":227,"h":258},
	"sourceSize": {"w":227,"h":258}
},
"CarExplode0001":
{
	"frame": {"x":1262,"y":1,"w":76,"h":79},
	"rotated": false,
	"trimmed": true,
	"spriteSourceSize": {"x":73,"y":70,"w":227,"h":258},
	"sourceSize": {"w":227,"h":258}
},
"CarExplode0002":
{
	"frame": {"x":1339,"y":1,"w":115,"h":138},
	"rotated": false,
	"trimmed": true,
	"spriteSourceSize": {"x":55,"y":45,"w":227,"h":258},
	"sourceSize": {"w":227,"h":258}
},
"CarExplode0003":
{
	"frame": {"x":1455,"y":1,"w":145,"h":175},
	"rotated": false,
	"trimmed": true,
	"spriteSourceSize": {"x":41,"y":23,"w":227,"h":258},
	"sourceSize": {"w":227,"h":258}
},
"CarExplode0004":
{
	"frame": {"x":1601,"y":1,"w":151,"h":180},
	"rotated": false,
	"trimmed": true,
	"spriteSourceSize": {"x":38,"y":22,"w":227,"h":258},
	"sourceSize": {"w":227,"h":258}
},
"CarExplode0005":
{
	"frame": {"x":1753,"y":1,"w":197,"h":197},
	"rotated": false,
	"trimmed": true,
	"spriteSourceSize": {"x":15,"y":15,"w":227,"h":258},
	"sourceSize": {"w":227,"h":258}
},
"CarExplode0006":
{
	"frame": {"x":1,"y":482,"w":197,"h":201},
	"rotated": false,
	"trimmed": true,
	"spriteSourceSize": {"x":15,"y":15,"w":227,"h":258},
	"sourceSize": {"w":227,"h":258}
},
"CarExplode0007":
{
	"frame": {"x":199,"y":482,"w":227,"h":227},
	"rotated": false,
	"trimmed": true,
	"spriteSourceSize": {"x":0,"y":0,"w":227,"h":258},
	"sourceSize": {"w":227,"h":258}
},
"CarExplode0008":
{
	"frame": {"x":427,"y":482,"w":227,"h":229},
	"rotated": false,
	"trimmed": true,
	"spriteSourceSize": {"x":0,"y":0,"w":227,"h":258},
	"sourceSize": {"w":227,"h":258}
},
"CarExplode0009":
{
	"frame": {"x":655,"y":482,"w":179,"h":229},
	"rotated": false,
	"trimmed": true,
	"spriteSourceSize": {"x":15,"y":10,"w":227,"h":258},
	"sourceSize": {"w":227,"h":258}
},
"CarExplode0010":
{
	"frame": {"x":835,"y":482,"w":179,"h":218},
	"rotated": false,
	"trimmed": true,
	"spriteSourceSize": {"x":15,"y":10,"w":227,"h":258},
	"sourceSize": {"w":227,"h":258}
},
"CarExplode0011":
{
	"frame": {"x":1015,"y":482,"w":184,"h":237},
	"rotated": false,
	"trimmed": true,
	"spriteSourceSize": {"x":13,"y":7,"w":227,"h":258},
	"sourceSize": {"w":227,"h":258}
},
"CarExplode0012":
{
	"frame": {"x":1015,"y":482,"w":184,"h":237},
	"rotated": false,
	"trimmed": true,
	"spriteSourceSize": {"x":13,"y":7,"w":227,"h":258},
	"sourceSize": {"w":227,"h":258}
},
"CarExplode0013":
{
	"frame": {"x":1200,"y":482,"w":182,"h":242},
	"rotated": false,
	"trimmed": true,
	"spriteSourceSize": {"x":14,"y":6,"w":227,"h":258},
	"sourceSize": {"w":227,"h":258}
},
"CarExplode0014":
{
	"frame": {"x":1200,"y":482,"w":182,"h":242},
	"rotated": false,
	"trimmed": true,
	"spriteSourceSize": {"x":14,"y":6,"w":227,"h":258},
	"sourceSize": {"w":227,"h":258}
},
"CarExplode0015":
{
	"frame": {"x":1383,"y":482,"w":180,"h":247},
	"rotated": false,
	"trimmed": true,
	"spriteSourceSize": {"x":15,"y":6,"w":227,"h":258},
	"sourceSize": {"w":227,"h":258}
},
"CarExplode0016":
{
	"frame": {"x":1383,"y":482,"w":180,"h":247},
	"rotated": false,
	"trimmed": true,
	"spriteSourceSize": {"x":15,"y":6,"w":227,"h":258},
	"sourceSize": {"w":227,"h":258}
},
"CarExplode0017":
{
	"frame": {"x":1564,"y":482,"w":179,"h":255},
	"rotated": false,
	"trimmed": true,
	"spriteSourceSize": {"x":15,"y":3,"w":227,"h":258},
	"sourceSize": {"w":227,"h":258}
},
"CarExplode0018":
{
	"frame": {"x":1564,"y":482,"w":179,"h":255},
	"rotated": false,
	"trimmed": true,
	"spriteSourceSize": {"x":15,"y":3,"w":227,"h":258},
	"sourceSize": {"w":227,"h":258}
},
"CarExplode0019":
{
	"frame": {"x":1744,"y":482,"w":167,"h":180},
	"rotated": false,
	"trimmed": true,
	"spriteSourceSize": {"x":16,"y":3,"w":227,"h":258},
	"sourceSize": {"w":227,"h":258}
},
"CarExplode0020":
{
	"frame": {"x":1744,"y":482,"w":167,"h":180},
	"rotated": false,
	"trimmed": true,
	"spriteSourceSize": {"x":16,"y":3,"w":227,"h":258},
	"sourceSize": {"w":227,"h":258}
},
"CarExplode0021":
{
	"frame": {"x":1,"y":738,"w":165,"h":171},
	"rotated": false,
	"trimmed": true,
	"spriteSourceSize": {"x":17,"y":2,"w":227,"h":258},
	"sourceSize": {"w":227,"h":258}
},
"CarExplode0022":
{
	"frame": {"x":1,"y":738,"w":165,"h":171},
	"rotated": false,
	"trimmed": true,
	"spriteSourceSize": {"x":17,"y":2,"w":227,"h":258},
	"sourceSize": {"w":227,"h":258}
},
"CarExplode0023":
{
	"frame": {"x":167,"y":738,"w":164,"h":171},
	"rotated": false,
	"trimmed": true,
	"spriteSourceSize": {"x":17,"y":2,"w":227,"h":258},
	"sourceSize": {"w":227,"h":258}
},
"CarExplode0024":
{
	"frame": {"x":167,"y":738,"w":164,"h":171},
	"rotated": false,
	"trimmed": true,
	"spriteSourceSize": {"x":17,"y":2,"w":227,"h":258},
	"sourceSize": {"w":227,"h":258}
},
"CarExplode0025":
{
	"frame": {"x":332,"y":738,"w":137,"h":169},
	"rotated": false,
	"trimmed": true,
	"spriteSourceSize": {"x":40,"y":1,"w":227,"h":258},
	"sourceSize": {"w":227,"h":258}
},
"CarExplode0026":
{
	"frame": {"x":332,"y":738,"w":137,"h":169},
	"rotated": false,
	"trimmed": true,
	"spriteSourceSize": {"x":40,"y":1,"w":227,"h":258},
	"sourceSize": {"w":227,"h":258}
},
"Dec10000":
{
	"frame": {"x":470,"y":738,"w":62,"h":24},
	"rotated": false,
	"trimmed": false,
	"spriteSourceSize": {"x":0,"y":0,"w":62,"h":24},
	"sourceSize": {"w":62,"h":24}
},
"Dec110000":
{
	"frame": {"x":533,"y":738,"w":166,"h":166},
	"rotated": false,
	"trimmed": false,
	"spriteSourceSize": {"x":0,"y":0,"w":166,"h":166},
	"sourceSize": {"w":166,"h":166}
},
"Dec20000":
{
	"frame": {"x":700,"y":738,"w":60,"h":24},
	"rotated": false,
	"trimmed": false,
	"spriteSourceSize": {"x":0,"y":0,"w":60,"h":24},
	"sourceSize": {"w":60,"h":24}
},
"Motor00000":
{
	"frame": {"x":761,"y":738,"w":46,"h":48},
	"rotated": false,
	"trimmed": false,
	"spriteSourceSize": {"x":0,"y":0,"w":46,"h":48},
	"sourceSize": {"w":46,"h":48}
},
"Motor10000":
{
	"frame": {"x":808,"y":738,"w":36,"h":38},
	"rotated": false,
	"trimmed": false,
	"spriteSourceSize": {"x":0,"y":0,"w":36,"h":38},
	"sourceSize": {"w":36,"h":38}
},
"Pivot00000":
{
	"frame": {"x":845,"y":738,"w":16,"h":16},
	"rotated": false,
	"trimmed": false,
	"spriteSourceSize": {"x":0,"y":0,"w":16,"h":16},
	"sourceSize": {"w":16,"h":16}
},
"Plank00000":
{
	"frame": {"x":862,"y":738,"w":74,"h":21},
	"rotated": false,
	"trimmed": false,
	"spriteSourceSize": {"x":0,"y":0,"w":74,"h":21},
	"sourceSize": {"w":74,"h":21}
},
"Removed00000":
{
	"frame": {"x":937,"y":738,"w":17,"h":76},
	"rotated": false,
	"trimmed": false,
	"spriteSourceSize": {"x":0,"y":0,"w":17,"h":76},
	"sourceSize": {"w":17,"h":76}
},
"Removed10000":
{
	"frame": {"x":955,"y":738,"w":17,"h":52},
	"rotated": false,
	"trimmed": false,
	"spriteSourceSize": {"x":0,"y":0,"w":17,"h":52},
	"sourceSize": {"w":17,"h":52}
},
"RoadLine0_40000":
{
	"frame": {"x":973,"y":738,"w":64,"h":36},
	"rotated": false,
	"trimmed": false,
	"spriteSourceSize": {"x":0,"y":0,"w":64,"h":36},
	"sourceSize": {"w":64,"h":36}
},
"RoadLine0_70000":
{
	"frame": {"x":1038,"y":738,"w":128,"h":20},
	"rotated": false,
	"trimmed": false,
	"spriteSourceSize": {"x":0,"y":0,"w":128,"h":20},
	"sourceSize": {"w":128,"h":20}
},
"RoadLine0_80000":
{
	"frame": {"x":1167,"y":738,"w":16,"h":8},
	"rotated": false,
	"trimmed": false,
	"spriteSourceSize": {"x":0,"y":0,"w":16,"h":8},
	"sourceSize": {"w":16,"h":8}
},
"RoadLine0_Bg0000":
{
	"frame": {"x":1184,"y":738,"w":28,"h":22},
	"rotated": false,
	"trimmed": false,
	"spriteSourceSize": {"x":0,"y":0,"w":28,"h":22},
	"sourceSize": {"w":28,"h":22}
},
"RoadPillar0_00000":
{
	"frame": {"x":1213,"y":738,"w":134,"h":18},
	"rotated": false,
	"trimmed": false,
	"spriteSourceSize": {"x":0,"y":0,"w":134,"h":18},
	"sourceSize": {"w":134,"h":18}
},
"RoadPillar0_10000":
{
	"frame": {"x":1348,"y":738,"w":128,"h":18},
	"rotated": false,
	"trimmed": false,
	"spriteSourceSize": {"x":0,"y":0,"w":128,"h":18},
	"sourceSize": {"w":128,"h":18}
},
"RoadPillar0_20000":
{
	"frame": {"x":1477,"y":738,"w":128,"h":18},
	"rotated": false,
	"trimmed": false,
	"spriteSourceSize": {"x":0,"y":0,"w":128,"h":18},
	"sourceSize": {"w":128,"h":18}
},
"RoadTile0_10000":
{
	"frame": {"x":1606,"y":738,"w":128,"h":128},
	"rotated": false,
	"trimmed": false,
	"spriteSourceSize": {"x":0,"y":0,"w":128,"h":128},
	"sourceSize": {"w":128,"h":128}
},
"SafePointAnim0000":
{
	"frame": {"x":1735,"y":738,"w":39,"h":42},
	"rotated": false,
	"trimmed": true,
	"spriteSourceSize": {"x":10,"y":10,"w":58,"h":58},
	"sourceSize": {"w":58,"h":58}
},
"SafePointAnim0001":
{
	"frame": {"x":1775,"y":738,"w":58,"h":58},
	"rotated": false,
	"trimmed": false,
	"spriteSourceSize": {"x":0,"y":0,"w":58,"h":58},
	"sourceSize": {"w":58,"h":58}
},
"Sign10000":
{
	"frame": {"x":1834,"y":738,"w":73,"h":73},
	"rotated": false,
	"trimmed": false,
	"spriteSourceSize": {"x":0,"y":0,"w":73,"h":73},
	"sourceSize": {"w":73,"h":73}
},
"Sign150000":
{
	"frame": {"x":1908,"y":738,"w":112,"h":36},
	"rotated": false,
	"trimmed": false,
	"spriteSourceSize": {"x":0,"y":0,"w":112,"h":36},
	"sourceSize": {"w":112,"h":36}
},
"Sign20000":
{
	"frame": {"x":1,"y":910,"w":72,"h":72},
	"rotated": false,
	"trimmed": false,
	"spriteSourceSize": {"x":0,"y":0,"w":72,"h":72},
	"sourceSize": {"w":72,"h":72}
},
"Sign210000":
{
	"frame": {"x":74,"y":910,"w":102,"h":91},
	"rotated": false,
	"trimmed": false,
	"spriteSourceSize": {"x":0,"y":0,"w":102,"h":91},
	"sourceSize": {"w":102,"h":91}
},
"SignPillar0000":
{
	"frame": {"x":177,"y":910,"w":10,"h":130},
	"rotated": false,
	"trimmed": false,
	"spriteSourceSize": {"x":0,"y":0,"w":10,"h":130},
	"sourceSize": {"w":10,"h":130}
},
"SpikesE0000":
{
	"frame": {"x":188,"y":910,"w":128,"h":49},
	"rotated": false,
	"trimmed": false,
	"spriteSourceSize": {"x":0,"y":0,"w":128,"h":49},
	"sourceSize": {"w":128,"h":49}
},
"Tnt10000":
{
	"frame": {"x":317,"y":910,"w":58,"h":58},
	"rotated": false,
	"trimmed": false,
	"spriteSourceSize": {"x":0,"y":0,"w":58,"h":58},
	"sourceSize": {"w":58,"h":58}
},
"TrailCircle0000":
{
	"frame": {"x":376,"y":910,"w":38,"h":38},
	"rotated": false,
	"trimmed": false,
	"spriteSourceSize": {"x":0,"y":0,"w":38,"h":38},
	"sourceSize": {"w":38,"h":38}
},
"UnLine00000":
{
	"frame": {"x":415,"y":910,"w":64,"h":32},
	"rotated": false,
	"trimmed": false,
	"spriteSourceSize": {"x":0,"y":0,"w":64,"h":32},
	"sourceSize": {"w":64,"h":32}
},
"UnLine10000":
{
	"frame": {"x":480,"y":910,"w":64,"h":40},
	"rotated": false,
	"trimmed": false,
	"spriteSourceSize": {"x":0,"y":0,"w":64,"h":40},
	"sourceSize": {"w":64,"h":40}
},
"Wheel_1_00000":
{
	"frame": {"x":545,"y":910,"w":42,"h":42},
	"rotated": false,
	"trimmed": false,
	"spriteSourceSize": {"x":0,"y":0,"w":42,"h":42},
	"sourceSize": {"w":42,"h":42}
},
"Wheel_2_00000":
{
	"frame": {"x":588,"y":910,"w":38,"h":39},
	"rotated": false,
	"trimmed": false,
	"spriteSourceSize": {"x":0,"y":0,"w":38,"h":39},
	"sourceSize": {"w":38,"h":39}
},
"Wheel_2_10000":
{
	"frame": {"x":627,"y":910,"w":38,"h":38},
	"rotated": false,
	"trimmed": false,
	"spriteSourceSize": {"x":0,"y":0,"w":38,"h":38},
	"sourceSize": {"w":38,"h":38}
},
"Wheel_3_00000":
{
	"frame": {"x":666,"y":910,"w":38,"h":38},
	"rotated": false,
	"trimmed": false,
	"spriteSourceSize": {"x":0,"y":0,"w":38,"h":38},
	"sourceSize": {"w":38,"h":38}
},
"Wheel_4_00000":
{
	"frame": {"x":705,"y":910,"w":38,"h":38},
	"rotated": false,
	"trimmed": false,
	"spriteSourceSize": {"x":0,"y":0,"w":38,"h":38},
	"sourceSize": {"w":38,"h":38}
},
"bg0000":
{
	"frame": {"x":744,"y":910,"w":10,"h":10},
	"rotated": false,
	"trimmed": false,
	"spriteSourceSize": {"x":0,"y":0,"w":10,"h":10},
	"sourceSize": {"w":10,"h":10}
},
"bike_1_base0000":
{
	"frame": {"x":755,"y":910,"w":111,"h":54},
	"rotated": false,
	"trimmed": false,
	"spriteSourceSize": {"x":0,"y":0,"w":111,"h":54},
	"sourceSize": {"w":111,"h":54}
},
"bike_2_base0000":
{
	"frame": {"x":867,"y":910,"w":99,"h":55},
	"rotated": false,
	"trimmed": false,
	"spriteSourceSize": {"x":0,"y":0,"w":99,"h":55},
	"sourceSize": {"w":99,"h":55}
},
"bike_3_base0000":
{
	"frame": {"x":967,"y":910,"w":96,"h":59},
	"rotated": false,
	"trimmed": false,
	"spriteSourceSize": {"x":0,"y":0,"w":96,"h":59},
	"sourceSize": {"w":96,"h":59}
},
"bike_4_base0000":
{
	"frame": {"x":1064,"y":910,"w":87,"h":64},
	"rotated": false,
	"trimmed": false,
	"spriteSourceSize": {"x":0,"y":0,"w":87,"h":64},
	"sourceSize": {"w":87,"h":64}
},
"driver_arm10000":
{
	"frame": {"x":1152,"y":910,"w":20,"h":13},
	"rotated": false,
	"trimmed": false,
	"spriteSourceSize": {"x":0,"y":0,"w":20,"h":13},
	"sourceSize": {"w":20,"h":13}
},
"driver_arm20000":
{
	"frame": {"x":1173,"y":910,"w":20,"h":13},
	"rotated": false,
	"trimmed": false,
	"spriteSourceSize": {"x":0,"y":0,"w":20,"h":13},
	"sourceSize": {"w":20,"h":13}
},
"driver_arm30000":
{
	"frame": {"x":1194,"y":910,"w":19,"h":12},
	"rotated": false,
	"trimmed": false,
	"spriteSourceSize": {"x":0,"y":0,"w":19,"h":12},
	"sourceSize": {"w":19,"h":12}
},
"driver_arm40000":
{
	"frame": {"x":1214,"y":910,"w":19,"h":12},
	"rotated": false,
	"trimmed": false,
	"spriteSourceSize": {"x":0,"y":0,"w":19,"h":12},
	"sourceSize": {"w":19,"h":12}
},
"driver_corpse10000":
{
	"frame": {"x":1234,"y":910,"w":18,"h":33},
	"rotated": false,
	"trimmed": false,
	"spriteSourceSize": {"x":0,"y":0,"w":18,"h":33},
	"sourceSize": {"w":18,"h":33}
},
"driver_corpse20000":
{
	"frame": {"x":1253,"y":910,"w":18,"h":33},
	"rotated": false,
	"trimmed": false,
	"spriteSourceSize": {"x":0,"y":0,"w":18,"h":33},
	"sourceSize": {"w":18,"h":33}
},
"driver_corpse30000":
{
	"frame": {"x":1272,"y":910,"w":18,"h":33},
	"rotated": false,
	"trimmed": false,
	"spriteSourceSize": {"x":0,"y":0,"w":18,"h":33},
	"sourceSize": {"w":18,"h":33}
},
"driver_corpse40000":
{
	"frame": {"x":1291,"y":910,"w":38,"h":32},
	"rotated": false,
	"trimmed": false,
	"spriteSourceSize": {"x":0,"y":0,"w":38,"h":32},
	"sourceSize": {"w":38,"h":32}
},
"driver_forearm10000":
{
	"frame": {"x":1330,"y":910,"w":22,"h":10},
	"rotated": false,
	"trimmed": false,
	"spriteSourceSize": {"x":0,"y":0,"w":22,"h":10},
	"sourceSize": {"w":22,"h":10}
},
"driver_forearm20000":
{
	"frame": {"x":1353,"y":910,"w":22,"h":10},
	"rotated": false,
	"trimmed": false,
	"spriteSourceSize": {"x":0,"y":0,"w":22,"h":10},
	"sourceSize": {"w":22,"h":10}
},
"driver_forearm30000":
{
	"frame": {"x":1376,"y":910,"w":24,"h":9},
	"rotated": false,
	"trimmed": false,
	"spriteSourceSize": {"x":0,"y":0,"w":24,"h":9},
	"sourceSize": {"w":24,"h":9}
},
"driver_forearm40000":
{
	"frame": {"x":1401,"y":910,"w":21,"h":7},
	"rotated": false,
	"trimmed": false,
	"spriteSourceSize": {"x":0,"y":0,"w":21,"h":7},
	"sourceSize": {"w":21,"h":7}
},
"driver_head10000":
{
	"frame": {"x":1423,"y":910,"w":34,"h":27},
	"rotated": false,
	"trimmed": false,
	"spriteSourceSize": {"x":0,"y":0,"w":34,"h":27},
	"sourceSize": {"w":34,"h":27}
},
"driver_head20000":
{
	"frame": {"x":1458,"y":910,"w":33,"h":27},
	"rotated": false,
	"trimmed": false,
	"spriteSourceSize": {"x":0,"y":0,"w":33,"h":27},
	"sourceSize": {"w":33,"h":27}
},
"driver_head30000":
{
	"frame": {"x":1492,"y":910,"w":30,"h":28},
	"rotated": false,
	"trimmed": false,
	"spriteSourceSize": {"x":0,"y":0,"w":30,"h":28},
	"sourceSize": {"w":30,"h":28}
},
"driver_head40000":
{
	"frame": {"x":1523,"y":910,"w":29,"h":28},
	"rotated": false,
	"trimmed": false,
	"spriteSourceSize": {"x":0,"y":0,"w":29,"h":28},
	"sourceSize": {"w":29,"h":28}
},
"driver_hip10000":
{
	"frame": {"x":1553,"y":910,"w":20,"h":12},
	"rotated": false,
	"trimmed": false,
	"spriteSourceSize": {"x":0,"y":0,"w":20,"h":12},
	"sourceSize": {"w":20,"h":12}
},
"driver_hip20000":
{
	"frame": {"x":1574,"y":910,"w":20,"h":12},
	"rotated": false,
	"trimmed": false,
	"spriteSourceSize": {"x":0,"y":0,"w":20,"h":12},
	"sourceSize": {"w":20,"h":12}
},
"driver_hip30000":
{
	"frame": {"x":1595,"y":910,"w":21,"h":12},
	"rotated": false,
	"trimmed": false,
	"spriteSourceSize": {"x":0,"y":0,"w":21,"h":12},
	"sourceSize": {"w":21,"h":12}
},
"driver_hip40000":
{
	"frame": {"x":1617,"y":910,"w":17,"h":13},
	"rotated": false,
	"trimmed": false,
	"spriteSourceSize": {"x":0,"y":0,"w":17,"h":13},
	"sourceSize": {"w":17,"h":13}
},
"driver_shin10000":
{
	"frame": {"x":1635,"y":910,"w":20,"h":34},
	"rotated": false,
	"trimmed": false,
	"spriteSourceSize": {"x":0,"y":0,"w":20,"h":34},
	"sourceSize": {"w":20,"h":34}
},
"driver_shin20000":
{
	"frame": {"x":1656,"y":910,"w":20,"h":34},
	"rotated": false,
	"trimmed": false,
	"spriteSourceSize": {"x":0,"y":0,"w":20,"h":34},
	"sourceSize": {"w":20,"h":34}
},
"driver_shin30000":
{
	"frame": {"x":1677,"y":910,"w":19,"h":32},
	"rotated": false,
	"trimmed": false,
	"spriteSourceSize": {"x":0,"y":0,"w":19,"h":32},
	"sourceSize": {"w":19,"h":32}
},
"driver_shin40000":
{
	"frame": {"x":1697,"y":910,"w":19,"h":33},
	"rotated": false,
	"trimmed": false,
	"spriteSourceSize": {"x":0,"y":0,"w":19,"h":33},
	"sourceSize": {"w":19,"h":33}
},
"finish0000":
{
	"frame": {"x":1717,"y":910,"w":64,"h":64},
	"rotated": false,
	"trimmed": false,
	"spriteSourceSize": {"x":0,"y":0,"w":64,"h":64},
	"sourceSize": {"w":64,"h":64}
},
"ground_part_anim0000":
{
	"frame": {"x":1782,"y":910,"w":5,"h":5},
	"rotated": false,
	"trimmed": true,
	"spriteSourceSize": {"x":4,"y":4,"w":14,"h":14},
	"sourceSize": {"w":14,"h":14}
},
"ground_part_anim0001":
{
	"frame": {"x":1782,"y":910,"w":5,"h":5},
	"rotated": false,
	"trimmed": true,
	"spriteSourceSize": {"x":4,"y":4,"w":14,"h":14},
	"sourceSize": {"w":14,"h":14}
},
"ground_part_anim0002":
{
	"frame": {"x":1788,"y":910,"w":7,"h":7},
	"rotated": false,
	"trimmed": true,
	"spriteSourceSize": {"x":3,"y":3,"w":14,"h":14},
	"sourceSize": {"w":14,"h":14}
},
"ground_part_anim0003":
{
	"frame": {"x":1788,"y":910,"w":7,"h":7},
	"rotated": false,
	"trimmed": true,
	"spriteSourceSize": {"x":3,"y":3,"w":14,"h":14},
	"sourceSize": {"w":14,"h":14}
},
"ground_part_anim0004":
{
	"frame": {"x":1796,"y":910,"w":11,"h":11},
	"rotated": false,
	"trimmed": true,
	"spriteSourceSize": {"x":1,"y":1,"w":14,"h":14},
	"sourceSize": {"w":14,"h":14}
},
"ground_part_anim0005":
{
	"frame": {"x":1796,"y":910,"w":11,"h":11},
	"rotated": false,
	"trimmed": true,
	"spriteSourceSize": {"x":1,"y":1,"w":14,"h":14},
	"sourceSize": {"w":14,"h":14}
},
"ground_part_anim0006":
{
	"frame": {"x":1808,"y":910,"w":13,"h":13},
	"rotated": false,
	"trimmed": true,
	"spriteSourceSize": {"x":0,"y":0,"w":14,"h":14},
	"sourceSize": {"w":14,"h":14}
},
"ground_part_anim0007":
{
	"frame": {"x":1808,"y":910,"w":13,"h":13},
	"rotated": false,
	"trimmed": true,
	"spriteSourceSize": {"x":0,"y":0,"w":14,"h":14},
	"sourceSize": {"w":14,"h":14}
},
"ground_part_anim0008":
{
	"frame": {"x":1822,"y":910,"w":10,"h":10},
	"rotated": false,
	"trimmed": true,
	"spriteSourceSize": {"x":2,"y":2,"w":14,"h":14},
	"sourceSize": {"w":14,"h":14}
},
"ground_part_anim0009":
{
	"frame": {"x":1822,"y":910,"w":10,"h":10},
	"rotated": false,
	"trimmed": true,
	"spriteSourceSize": {"x":2,"y":2,"w":14,"h":14},
	"sourceSize": {"w":14,"h":14}
},
"ground_part_anim0010":
{
	"frame": {"x":1833,"y":910,"w":10,"h":10},
	"rotated": false,
	"trimmed": true,
	"spriteSourceSize": {"x":2,"y":2,"w":14,"h":14},
	"sourceSize": {"w":14,"h":14}
},
"ground_part_anim0011":
{
	"frame": {"x":1833,"y":910,"w":10,"h":10},
	"rotated": false,
	"trimmed": true,
	"spriteSourceSize": {"x":2,"y":2,"w":14,"h":14},
	"sourceSize": {"w":14,"h":14}
},
"ground_part_anim0012":
{
	"frame": {"x":1844,"y":910,"w":12,"h":12},
	"rotated": false,
	"trimmed": true,
	"spriteSourceSize": {"x":1,"y":1,"w":14,"h":14},
	"sourceSize": {"w":14,"h":14}
},
"ground_part_anim0013":
{
	"frame": {"x":1844,"y":910,"w":12,"h":12},
	"rotated": false,
	"trimmed": true,
	"spriteSourceSize": {"x":1,"y":1,"w":14,"h":14},
	"sourceSize": {"w":14,"h":14}
},
"ground_part_anim0014":
{
	"frame": {"x":1857,"y":910,"w":12,"h":12},
	"rotated": false,
	"trimmed": true,
	"spriteSourceSize": {"x":1,"y":1,"w":14,"h":14},
	"sourceSize": {"w":14,"h":14}
},
"ground_part_anim0015":
{
	"frame": {"x":1857,"y":910,"w":12,"h":12},
	"rotated": false,
	"trimmed": true,
	"spriteSourceSize": {"x":1,"y":1,"w":14,"h":14},
	"sourceSize": {"w":14,"h":14}
},
"ground_part_anim0016":
{
	"frame": {"x":1870,"y":910,"w":14,"h":14},
	"rotated": false,
	"trimmed": false,
	"spriteSourceSize": {"x":0,"y":0,"w":14,"h":14},
	"sourceSize": {"w":14,"h":14}
},
"ground_part_anim0017":
{
	"frame": {"x":1870,"y":910,"w":14,"h":14},
	"rotated": false,
	"trimmed": false,
	"spriteSourceSize": {"x":0,"y":0,"w":14,"h":14},
	"sourceSize": {"w":14,"h":14}
},
"ground_part_anim0018":
{
	"frame": {"x":1885,"y":910,"w":12,"h":12},
	"rotated": false,
	"trimmed": true,
	"spriteSourceSize": {"x":1,"y":1,"w":14,"h":14},
	"sourceSize": {"w":14,"h":14}
},
"ground_part_anim0019":
{
	"frame": {"x":1885,"y":910,"w":12,"h":12},
	"rotated": false,
	"trimmed": true,
	"spriteSourceSize": {"x":1,"y":1,"w":14,"h":14},
	"sourceSize": {"w":14,"h":14}
},
"ground_part_anim0020":
{
	"frame": {"x":1898,"y":910,"w":12,"h":11},
	"rotated": false,
	"trimmed": true,
	"spriteSourceSize": {"x":1,"y":1,"w":14,"h":14},
	"sourceSize": {"w":14,"h":14}
},
"ground_part_anim0021":
{
	"frame": {"x":1898,"y":910,"w":12,"h":11},
	"rotated": false,
	"trimmed": true,
	"spriteSourceSize": {"x":1,"y":1,"w":14,"h":14},
	"sourceSize": {"w":14,"h":14}
},
"ground_part_anim0022":
{
	"frame": {"x":1911,"y":910,"w":10,"h":10},
	"rotated": false,
	"trimmed": true,
	"spriteSourceSize": {"x":2,"y":2,"w":14,"h":14},
	"sourceSize": {"w":14,"h":14}
},
"ground_part_anim0023":
{
	"frame": {"x":1911,"y":910,"w":10,"h":10},
	"rotated": false,
	"trimmed": true,
	"spriteSourceSize": {"x":2,"y":2,"w":14,"h":14},
	"sourceSize": {"w":14,"h":14}
},
"ground_part_anim0024":
{
	"frame": {"x":1922,"y":910,"w":8,"h":8},
	"rotated": false,
	"trimmed": true,
	"spriteSourceSize": {"x":3,"y":3,"w":14,"h":14},
	"sourceSize": {"w":14,"h":14}
},
"ground_part_anim0025":
{
	"frame": {"x":1922,"y":910,"w":8,"h":8},
	"rotated": false,
	"trimmed": true,
	"spriteSourceSize": {"x":3,"y":3,"w":14,"h":14},
	"sourceSize": {"w":14,"h":14}
},
"ive_side0000":
{
	"frame": {"x":1931,"y":910,"w":64,"h":44},
	"rotated": false,
	"trimmed": false,
	"spriteSourceSize": {"x":0,"y":0,"w":64,"h":44},
	"sourceSize": {"w":64,"h":44}
},
"line0000":
{
	"frame": {"x":1996,"y":910,"w":30,"h":50},
	"rotated": false,
	"trimmed": false,
	"spriteSourceSize": {"x":0,"y":0,"w":30,"h":50},
	"sourceSize": {"w":30,"h":50}
},
"line_ivy0000":
{
	"frame": {"x":1,"y":1041,"w":64,"h":64},
	"rotated": false,
	"trimmed": false,
	"spriteSourceSize": {"x":0,"y":0,"w":64,"h":64},
	"sourceSize": {"w":64,"h":64}
},
"line_metal_g0000":
{
	"frame": {"x":66,"y":1041,"w":128,"h":64},
	"rotated": false,
	"trimmed": false,
	"spriteSourceSize": {"x":0,"y":0,"w":128,"h":64},
	"sourceSize": {"w":128,"h":64}
},
"line_rivet0000":
{
	"frame": {"x":195,"y":1041,"w":64,"h":32},
	"rotated": false,
	"trimmed": false,
	"spriteSourceSize": {"x":0,"y":0,"w":64,"h":32},
	"sourceSize": {"w":64,"h":32}
},
"line_stone_shape0000":
{
	"frame": {"x":260,"y":1041,"w":256,"h":32},
	"rotated": false,
	"trimmed": false,
	"spriteSourceSize": {"x":0,"y":0,"w":256,"h":32},
	"sourceSize": {"w":256,"h":32}
},
"line_top0000":
{
	"frame": {"x":517,"y":1041,"w":30,"h":128},
	"rotated": false,
	"trimmed": false,
	"spriteSourceSize": {"x":0,"y":0,"w":30,"h":128},
	"sourceSize": {"w":30,"h":128}
},
"line_top10000":
{
	"frame": {"x":548,"y":1041,"w":30,"h":64},
	"rotated": false,
	"trimmed": false,
	"spriteSourceSize": {"x":0,"y":0,"w":30,"h":64},
	"sourceSize": {"w":30,"h":64}
},
"line_wood0000":
{
	"frame": {"x":579,"y":1041,"w":128,"h":32},
	"rotated": false,
	"trimmed": false,
	"spriteSourceSize": {"x":0,"y":0,"w":128,"h":32},
	"sourceSize": {"w":128,"h":32}
},
"line_wood_g0000":
{
	"frame": {"x":708,"y":1041,"w":128,"h":32},
	"rotated": false,
	"trimmed": false,
	"spriteSourceSize": {"x":0,"y":0,"w":128,"h":32},
	"sourceSize": {"w":128,"h":32}
},
"smoke_part_anim0000":
{
	"frame": {"x":837,"y":1041,"w":7,"h":7},
	"rotated": false,
	"trimmed": true,
	"spriteSourceSize": {"x":7,"y":6,"w":19,"h":19},
	"sourceSize": {"w":19,"h":19}
},
"smoke_part_anim0001":
{
	"frame": {"x":845,"y":1041,"w":8,"h":8},
	"rotated": false,
	"trimmed": true,
	"spriteSourceSize": {"x":6,"y":6,"w":19,"h":19},
	"sourceSize": {"w":19,"h":19}
},
"smoke_part_anim0002":
{
	"frame": {"x":854,"y":1041,"w":10,"h":9},
	"rotated": false,
	"trimmed": true,
	"spriteSourceSize": {"x":5,"y":6,"w":19,"h":19},
	"sourceSize": {"w":19,"h":19}
},
"smoke_part_anim0003":
{
	"frame": {"x":865,"y":1041,"w":10,"h":10},
	"rotated": false,
	"trimmed": true,
	"spriteSourceSize": {"x":5,"y":5,"w":19,"h":19},
	"sourceSize": {"w":19,"h":19}
},
"smoke_part_anim0004":
{
	"frame": {"x":876,"y":1041,"w":12,"h":11},
	"rotated": false,
	"trimmed": true,
	"spriteSourceSize": {"x":4,"y":5,"w":19,"h":19},
	"sourceSize": {"w":19,"h":19}
},
"smoke_part_anim0005":
{
	"frame": {"x":889,"y":1041,"w":13,"h":11},
	"rotated": false,
	"trimmed": true,
	"spriteSourceSize": {"x":3,"y":5,"w":19,"h":19},
	"sourceSize": {"w":19,"h":19}
},
"smoke_part_anim0006":
{
	"frame": {"x":903,"y":1041,"w":14,"h":13},
	"rotated": false,
	"trimmed": true,
	"spriteSourceSize": {"x":3,"y":4,"w":19,"h":19},
	"sourceSize": {"w":19,"h":19}
},
"smoke_part_anim0007":
{
	"frame": {"x":918,"y":1041,"w":14,"h":13},
	"rotated": false,
	"trimmed": true,
	"spriteSourceSize": {"x":3,"y":4,"w":19,"h":19},
	"sourceSize": {"w":19,"h":19}
},
"smoke_part_anim0008":
{
	"frame": {"x":933,"y":1041,"w":14,"h":15},
	"rotated": false,
	"trimmed": true,
	"spriteSourceSize": {"x":3,"y":3,"w":19,"h":19},
	"sourceSize": {"w":19,"h":19}
},
"smoke_part_anim0009":
{
	"frame": {"x":948,"y":1041,"w":15,"h":16},
	"rotated": false,
	"trimmed": true,
	"spriteSourceSize": {"x":3,"y":2,"w":19,"h":19},
	"sourceSize": {"w":19,"h":19}
},
"smoke_part_anim0010":
{
	"frame": {"x":964,"y":1041,"w":17,"h":17},
	"rotated": false,
	"trimmed": true,
	"spriteSourceSize": {"x":1,"y":1,"w":19,"h":19},
	"sourceSize": {"w":19,"h":19}
},
"smoke_part_anim0011":
{
	"frame": {"x":982,"y":1041,"w":17,"h":19},
	"rotated": false,
	"trimmed": true,
	"spriteSourceSize": {"x":1,"y":0,"w":19,"h":19},
	"sourceSize": {"w":19,"h":19}
},
"smoke_part_anim0012":
{
	"frame": {"x":1000,"y":1041,"w":18,"h":19},
	"rotated": false,
	"trimmed": true,
	"spriteSourceSize": {"x":0,"y":0,"w":19,"h":19},
	"sourceSize": {"w":19,"h":19}
},
"smoke_part_anim0013":
{
	"frame": {"x":1019,"y":1041,"w":18,"h":19},
	"rotated": false,
	"trimmed": true,
	"spriteSourceSize": {"x":0,"y":0,"w":19,"h":19},
	"sourceSize": {"w":19,"h":19}
},
"smoke_part_anim0014":
{
	"frame": {"x":1038,"y":1041,"w":19,"h":18},
	"rotated": false,
	"trimmed": true,
	"spriteSourceSize": {"x":0,"y":1,"w":19,"h":19},
	"sourceSize": {"w":19,"h":19}
},
"suspend_back10000":
{
	"frame": {"x":1058,"y":1041,"w":36,"h":15},
	"rotated": false,
	"trimmed": false,
	"spriteSourceSize": {"x":0,"y":0,"w":36,"h":15},
	"sourceSize": {"w":36,"h":15}
},
"suspend_back30000":
{
	"frame": {"x":1095,"y":1041,"w":37,"h":14},
	"rotated": false,
	"trimmed": false,
	"spriteSourceSize": {"x":0,"y":0,"w":37,"h":14},
	"sourceSize": {"w":37,"h":14}
},
"suspend_back40000":
{
	"frame": {"x":1133,"y":1041,"w":28,"h":9},
	"rotated": false,
	"trimmed": false,
	"spriteSourceSize": {"x":0,"y":0,"w":28,"h":9},
	"sourceSize": {"w":28,"h":9}
},
"suspend_front10000":
{
	"frame": {"x":1162,"y":1041,"w":25,"h":15},
	"rotated": false,
	"trimmed": false,
	"spriteSourceSize": {"x":0,"y":0,"w":25,"h":15},
	"sourceSize": {"w":25,"h":15}
},
"suspend_front20000":
{
	"frame": {"x":1188,"y":1041,"w":26,"h":12},
	"rotated": false,
	"trimmed": false,
	"spriteSourceSize": {"x":0,"y":0,"w":26,"h":12},
	"sourceSize": {"w":26,"h":12}
},
"suspend_front30000":
{
	"frame": {"x":1215,"y":1041,"w":39,"h":30},
	"rotated": false,
	"trimmed": false,
	"spriteSourceSize": {"x":0,"y":0,"w":39,"h":30},
	"sourceSize": {"w":39,"h":30}
},
"tile0000":
{
	"frame": {"x":1255,"y":1041,"w":256,"h":256},
	"rotated": false,
	"trimmed": false,
	"spriteSourceSize": {"x":0,"y":0,"w":256,"h":256},
	"sourceSize": {"w":256,"h":256}
},
"tile_bg0000":
{
	"frame": {"x":1512,"y":1041,"w":256,"h":256},
	"rotated": false,
	"trimmed": false,
	"spriteSourceSize": {"x":0,"y":0,"w":256,"h":256},
	"sourceSize": {"w":256,"h":256}
},
"tile_rivet0000":
{
	"frame": {"x":1769,"y":1041,"w":256,"h":256},
	"rotated": false,
	"trimmed": false,
	"spriteSourceSize": {"x":0,"y":0,"w":256,"h":256},
	"sourceSize": {"w":256,"h":256}
},
"tile_rivet_bg0000":
{
	"frame": {"x":1,"y":1298,"w":256,"h":256},
	"rotated": false,
	"trimmed": false,
	"spriteSourceSize": {"x":0,"y":0,"w":256,"h":256},
	"sourceSize": {"w":256,"h":256}
},
"tile_saw0000":
{
	"frame": {"x":258,"y":1298,"w":256,"h":256},
	"rotated": false,
	"trimmed": false,
	"spriteSourceSize": {"x":0,"y":0,"w":256,"h":256},
	"sourceSize": {"w":256,"h":256}
},
"tile_stone0000":
{
	"frame": {"x":515,"y":1298,"w":256,"h":256},
	"rotated": false,
	"trimmed": false,
	"spriteSourceSize": {"x":0,"y":0,"w":256,"h":256},
	"sourceSize": {"w":256,"h":256}
}},
"meta": {
	"app": "Adobe Flash CS6",
	"version": "12.0.2.529",
	"image": "theme1.png",
	"format": "RGBA8888",
	"size": {"w":2048,"h":2048},
	"scale": "1"
}
}
