﻿{"frames": {

"BarrelE0000":
{
	"frame": {"x":1984,"y":337,"w":54,"h":54},
	"rotated": false,
	"trimmed": false,
	"spriteSourceSize": {"x":0,"y":0,"w":54,"h":54},
	"sourceSize": {"w":54,"h":54}
},
"Bg0_00000":
{
	"frame": {"x":746,"y":2,"w":720,"h":293},
	"rotated": false,
	"trimmed": false,
	"spriteSourceSize": {"x":0,"y":0,"w":720,"h":293},
	"sourceSize": {"w":720,"h":293}
},
"Bg1_00000":
{
	"frame": {"x":734,"y":318,"w":10,"h":10},
	"rotated": false,
	"trimmed": false,
	"spriteSourceSize": {"x":0,"y":0,"w":10,"h":10},
	"sourceSize": {"w":10,"h":10}
},
"Bg2_00000":
{
	"frame": {"x":2,"y":2,"w":742,"h":314},
	"rotated": false,
	"trimmed": false,
	"spriteSourceSize": {"x":0,"y":0,"w":742,"h":314},
	"sourceSize": {"w":742,"h":314}
},
"Car1FrameExploded0000":
{
	"frame": {"x":1563,"y":1191,"w":115,"h":65},
	"rotated": false,
	"trimmed": false,
	"spriteSourceSize": {"x":0,"y":0,"w":115,"h":65},
	"sourceSize": {"w":115,"h":65}
},
"Car2FrameExploded0000":
{
	"frame": {"x":2,"y":1197,"w":111,"h":64},
	"rotated": false,
	"trimmed": false,
	"spriteSourceSize": {"x":0,"y":0,"w":111,"h":64},
	"sourceSize": {"w":111,"h":64}
},
"Car3FrameExploded0000":
{
	"frame": {"x":1366,"y":297,"w":100,"h":64},
	"rotated": false,
	"trimmed": false,
	"spriteSourceSize": {"x":0,"y":0,"w":100,"h":64},
	"sourceSize": {"w":100,"h":64}
},
"Car4FrameExploded0000":
{
	"frame": {"x":1946,"y":417,"w":91,"h":70},
	"rotated": false,
	"trimmed": false,
	"spriteSourceSize": {"x":0,"y":0,"w":91,"h":70},
	"sourceSize": {"w":91,"h":70}
},
"CarExplode0000":
{
	"frame": {"x":260,"y":318,"w":226,"h":257},
	"rotated": false,
	"trimmed": false,
	"spriteSourceSize": {"x":0,"y":0,"w":226,"h":257},
	"sourceSize": {"w":226,"h":257}
},
"CarExplode0001":
{
	"frame": {"x":488,"y":318,"w":226,"h":257},
	"rotated": false,
	"trimmed": false,
	"spriteSourceSize": {"x":0,"y":0,"w":226,"h":257},
	"sourceSize": {"w":226,"h":257}
},
"CarExplode0002":
{
	"frame": {"x":1262,"y":417,"w":226,"h":257},
	"rotated": false,
	"trimmed": false,
	"spriteSourceSize": {"x":0,"y":0,"w":226,"h":257},
	"sourceSize": {"w":226,"h":257}
},
"CarExplode0003":
{
	"frame": {"x":1490,"y":417,"w":226,"h":257},
	"rotated": false,
	"trimmed": false,
	"spriteSourceSize": {"x":0,"y":0,"w":226,"h":257},
	"sourceSize": {"w":226,"h":257}
},
"CarExplode0004":
{
	"frame": {"x":1718,"y":417,"w":226,"h":257},
	"rotated": false,
	"trimmed": false,
	"spriteSourceSize": {"x":0,"y":0,"w":226,"h":257},
	"sourceSize": {"w":226,"h":257}
},
"CarExplode0005":
{
	"frame": {"x":716,"y":555,"w":226,"h":257},
	"rotated": false,
	"trimmed": false,
	"spriteSourceSize": {"x":0,"y":0,"w":226,"h":257},
	"sourceSize": {"w":226,"h":257}
},
"CarExplode0006":
{
	"frame": {"x":944,"y":555,"w":226,"h":257},
	"rotated": false,
	"trimmed": false,
	"spriteSourceSize": {"x":0,"y":0,"w":226,"h":257},
	"sourceSize": {"w":226,"h":257}
},
"CarExplode0007":
{
	"frame": {"x":2,"y":576,"w":226,"h":257},
	"rotated": false,
	"trimmed": false,
	"spriteSourceSize": {"x":0,"y":0,"w":226,"h":257},
	"sourceSize": {"w":226,"h":257}
},
"CarExplode0008":
{
	"frame": {"x":230,"y":577,"w":226,"h":257},
	"rotated": false,
	"trimmed": false,
	"spriteSourceSize": {"x":0,"y":0,"w":226,"h":257},
	"sourceSize": {"w":226,"h":257}
},
"CarExplode0009":
{
	"frame": {"x":458,"y":577,"w":226,"h":257},
	"rotated": false,
	"trimmed": false,
	"spriteSourceSize": {"x":0,"y":0,"w":226,"h":257},
	"sourceSize": {"w":226,"h":257}
},
"CarExplode0010":
{
	"frame": {"x":1172,"y":676,"w":226,"h":257},
	"rotated": false,
	"trimmed": false,
	"spriteSourceSize": {"x":0,"y":0,"w":226,"h":257},
	"sourceSize": {"w":226,"h":257}
},
"CarExplode0011":
{
	"frame": {"x":1400,"y":676,"w":226,"h":257},
	"rotated": false,
	"trimmed": false,
	"spriteSourceSize": {"x":0,"y":0,"w":226,"h":257},
	"sourceSize": {"w":226,"h":257}
},
"CarExplode0012":
{
	"frame": {"x":1400,"y":676,"w":226,"h":257},
	"rotated": false,
	"trimmed": false,
	"spriteSourceSize": {"x":0,"y":0,"w":226,"h":257},
	"sourceSize": {"w":226,"h":257}
},
"CarExplode0013":
{
	"frame": {"x":1628,"y":676,"w":226,"h":257},
	"rotated": false,
	"trimmed": false,
	"spriteSourceSize": {"x":0,"y":0,"w":226,"h":257},
	"sourceSize": {"w":226,"h":257}
},
"CarExplode0014":
{
	"frame": {"x":1628,"y":676,"w":226,"h":257},
	"rotated": false,
	"trimmed": false,
	"spriteSourceSize": {"x":0,"y":0,"w":226,"h":257},
	"sourceSize": {"w":226,"h":257}
},
"CarExplode0015":
{
	"frame": {"x":686,"y":814,"w":226,"h":257},
	"rotated": false,
	"trimmed": false,
	"spriteSourceSize": {"x":0,"y":0,"w":226,"h":257},
	"sourceSize": {"w":226,"h":257}
},
"CarExplode0016":
{
	"frame": {"x":686,"y":814,"w":226,"h":257},
	"rotated": false,
	"trimmed": false,
	"spriteSourceSize": {"x":0,"y":0,"w":226,"h":257},
	"sourceSize": {"w":226,"h":257}
},
"CarExplode0017":
{
	"frame": {"x":914,"y":814,"w":226,"h":257},
	"rotated": false,
	"trimmed": false,
	"spriteSourceSize": {"x":0,"y":0,"w":226,"h":257},
	"sourceSize": {"w":226,"h":257}
},
"CarExplode0018":
{
	"frame": {"x":914,"y":814,"w":226,"h":257},
	"rotated": false,
	"trimmed": false,
	"spriteSourceSize": {"x":0,"y":0,"w":226,"h":257},
	"sourceSize": {"w":226,"h":257}
},
"CarExplode0019":
{
	"frame": {"x":2,"y":835,"w":226,"h":257},
	"rotated": false,
	"trimmed": false,
	"spriteSourceSize": {"x":0,"y":0,"w":226,"h":257},
	"sourceSize": {"w":226,"h":257}
},
"CarExplode0020":
{
	"frame": {"x":2,"y":835,"w":226,"h":257},
	"rotated": false,
	"trimmed": false,
	"spriteSourceSize": {"x":0,"y":0,"w":226,"h":257},
	"sourceSize": {"w":226,"h":257}
},
"CarExplode0021":
{
	"frame": {"x":230,"y":836,"w":226,"h":257},
	"rotated": false,
	"trimmed": false,
	"spriteSourceSize": {"x":0,"y":0,"w":226,"h":257},
	"sourceSize": {"w":226,"h":257}
},
"CarExplode0022":
{
	"frame": {"x":230,"y":836,"w":226,"h":257},
	"rotated": false,
	"trimmed": false,
	"spriteSourceSize": {"x":0,"y":0,"w":226,"h":257},
	"sourceSize": {"w":226,"h":257}
},
"CarExplode0023":
{
	"frame": {"x":458,"y":836,"w":226,"h":257},
	"rotated": false,
	"trimmed": false,
	"spriteSourceSize": {"x":0,"y":0,"w":226,"h":257},
	"sourceSize": {"w":226,"h":257}
},
"CarExplode0024":
{
	"frame": {"x":458,"y":836,"w":226,"h":257},
	"rotated": false,
	"trimmed": false,
	"spriteSourceSize": {"x":0,"y":0,"w":226,"h":257},
	"sourceSize": {"w":226,"h":257}
},
"CarExplode0025":
{
	"frame": {"x":1142,"y":935,"w":226,"h":257},
	"rotated": false,
	"trimmed": false,
	"spriteSourceSize": {"x":0,"y":0,"w":226,"h":257},
	"sourceSize": {"w":226,"h":257}
},
"CarExplode0026":
{
	"frame": {"x":1142,"y":935,"w":226,"h":257},
	"rotated": false,
	"trimmed": false,
	"spriteSourceSize": {"x":0,"y":0,"w":226,"h":257},
	"sourceSize": {"w":226,"h":257}
},
"Dec130000":
{
	"frame": {"x":1856,"y":676,"w":137,"h":269},
	"rotated": false,
	"trimmed": false,
	"spriteSourceSize": {"x":0,"y":0,"w":137,"h":269},
	"sourceSize": {"w":137,"h":269}
},
"Dec140000":
{
	"frame": {"x":1370,"y":935,"w":191,"h":283},
	"rotated": false,
	"trimmed": false,
	"spriteSourceSize": {"x":0,"y":0,"w":191,"h":283},
	"sourceSize": {"w":191,"h":283}
},
"Dec150000":
{
	"frame": {"x":1563,"y":935,"w":191,"h":254},
	"rotated": false,
	"trimmed": false,
	"spriteSourceSize": {"x":0,"y":0,"w":191,"h":254},
	"sourceSize": {"w":191,"h":254}
},
"Dec160000":
{
	"frame": {"x":1756,"y":947,"w":119,"h":276},
	"rotated": false,
	"trimmed": false,
	"spriteSourceSize": {"x":0,"y":0,"w":119,"h":276},
	"sourceSize": {"w":119,"h":276}
},
"Motor00000":
{
	"frame": {"x":1995,"y":645,"w":45,"h":47},
	"rotated": false,
	"trimmed": false,
	"spriteSourceSize": {"x":0,"y":0,"w":45,"h":47},
	"sourceSize": {"w":45,"h":47}
},
"Motor10000":
{
	"frame": {"x":2007,"y":937,"w":35,"h":37},
	"rotated": false,
	"trimmed": false,
	"spriteSourceSize": {"x":0,"y":0,"w":35,"h":37},
	"sourceSize": {"w":35,"h":37}
},
"Plank00000":
{
	"frame": {"x":1262,"y":389,"w":72,"h":20},
	"rotated": false,
	"trimmed": false,
	"spriteSourceSize": {"x":0,"y":0,"w":72,"h":20},
	"sourceSize": {"w":72,"h":20}
},
"Removed00000":
{
	"frame": {"x":716,"y":318,"w":16,"h":75},
	"rotated": false,
	"trimmed": false,
	"spriteSourceSize": {"x":0,"y":0,"w":16,"h":75},
	"sourceSize": {"w":16,"h":75}
},
"Removed10000":
{
	"frame": {"x":716,"y":395,"w":16,"h":51},
	"rotated": false,
	"trimmed": false,
	"spriteSourceSize": {"x":0,"y":0,"w":16,"h":51},
	"sourceSize": {"w":16,"h":51}
},
"RoadLine0_40000":
{
	"frame": {"x":581,"y":1095,"w":64,"h":36},
	"rotated": false,
	"trimmed": false,
	"spriteSourceSize": {"x":0,"y":0,"w":64,"h":36},
	"sourceSize": {"w":64,"h":36}
},
"RoadLine0_70000":
{
	"frame": {"x":1877,"y":1209,"w":128,"h":20},
	"rotated": false,
	"trimmed": false,
	"spriteSourceSize": {"x":0,"y":0,"w":128,"h":20},
	"sourceSize": {"w":128,"h":20}
},
"RoadLine0_80000":
{
	"frame": {"x":1827,"y":935,"w":16,"h":8},
	"rotated": false,
	"trimmed": false,
	"spriteSourceSize": {"x":0,"y":0,"w":16,"h":8},
	"sourceSize": {"w":16,"h":8}
},
"RoadPillar0_00000":
{
	"frame": {"x":969,"y":1228,"w":128,"h":16},
	"rotated": false,
	"trimmed": false,
	"spriteSourceSize": {"x":0,"y":0,"w":128,"h":16},
	"sourceSize": {"w":128,"h":16}
},
"RoadPillar0_10000":
{
	"frame": {"x":839,"y":1228,"w":128,"h":18},
	"rotated": false,
	"trimmed": false,
	"spriteSourceSize": {"x":0,"y":0,"w":128,"h":18},
	"sourceSize": {"w":128,"h":18}
},
"RoadPillar0_20000":
{
	"frame": {"x":1349,"y":1220,"w":128,"h":18},
	"rotated": false,
	"trimmed": false,
	"spriteSourceSize": {"x":0,"y":0,"w":128,"h":18},
	"sourceSize": {"w":128,"h":18}
},
"RoadTile0_10000":
{
	"frame": {"x":1877,"y":947,"w":128,"h":128},
	"rotated": false,
	"trimmed": false,
	"spriteSourceSize": {"x":0,"y":0,"w":128,"h":128},
	"sourceSize": {"w":128,"h":128}
},
"SafePointAnim0000":
{
	"frame": {"x":1984,"y":219,"w":57,"h":57},
	"rotated": false,
	"trimmed": false,
	"spriteSourceSize": {"x":0,"y":0,"w":57,"h":57},
	"sourceSize": {"w":57,"h":57}
},
"SafePointAnim0001":
{
	"frame": {"x":1984,"y":278,"w":57,"h":57},
	"rotated": false,
	"trimmed": false,
	"spriteSourceSize": {"x":0,"y":0,"w":57,"h":57},
	"sourceSize": {"w":57,"h":57}
},
"Sign10000":
{
	"frame": {"x":1680,"y":1191,"w":72,"h":72},
	"rotated": false,
	"trimmed": false,
	"spriteSourceSize": {"x":0,"y":0,"w":72,"h":72},
	"sourceSize": {"w":72,"h":72}
},
"Sign150000":
{
	"frame": {"x":726,"y":1207,"w":111,"h":35},
	"rotated": false,
	"trimmed": false,
	"spriteSourceSize": {"x":0,"y":0,"w":111,"h":35},
	"sourceSize": {"w":111,"h":35}
},
"Sign20000":
{
	"frame": {"x":653,"y":1207,"w":71,"h":71},
	"rotated": false,
	"trimmed": false,
	"spriteSourceSize": {"x":0,"y":0,"w":71,"h":71},
	"sourceSize": {"w":71,"h":71}
},
"Sign210000":
{
	"frame": {"x":1262,"y":297,"w":102,"h":90},
	"rotated": false,
	"trimmed": false,
	"spriteSourceSize": {"x":0,"y":0,"w":102,"h":90},
	"sourceSize": {"w":102,"h":90}
},
"SignPillar0000":
{
	"frame": {"x":2026,"y":2,"w":10,"h":129},
	"rotated": false,
	"trimmed": false,
	"spriteSourceSize": {"x":0,"y":0,"w":10,"h":129},
	"sourceSize": {"w":10,"h":129}
},
"SpikesE0000":
{
	"frame": {"x":1012,"y":1139,"w":124,"h":46},
	"rotated": false,
	"trimmed": false,
	"spriteSourceSize": {"x":0,"y":0,"w":124,"h":46},
	"sourceSize": {"w":124,"h":46}
},
"Tnt10000":
{
	"frame": {"x":1984,"y":159,"w":58,"h":58},
	"rotated": false,
	"trimmed": false,
	"spriteSourceSize": {"x":0,"y":0,"w":58,"h":58},
	"sourceSize": {"w":58,"h":58}
},
"TrailCircle0000":
{
	"frame": {"x":1995,"y":737,"w":38,"h":38},
	"rotated": false,
	"trimmed": false,
	"spriteSourceSize": {"x":0,"y":0,"w":38,"h":38},
	"sourceSize": {"w":38,"h":38}
},
"UnLine00000":
{
	"frame": {"x":1479,"y":1220,"w":64,"h":32},
	"rotated": false,
	"trimmed": false,
	"spriteSourceSize": {"x":0,"y":0,"w":64,"h":32},
	"sourceSize": {"w":64,"h":32}
},
"UnLine10000":
{
	"frame": {"x":1172,"y":633,"w":64,"h":40},
	"rotated": false,
	"trimmed": false,
	"spriteSourceSize": {"x":0,"y":0,"w":64,"h":40},
	"sourceSize": {"w":64,"h":40}
},
"Wheel_1_00000":
{
	"frame": {"x":1995,"y":694,"w":41,"h":41},
	"rotated": false,
	"trimmed": false,
	"spriteSourceSize": {"x":0,"y":0,"w":41,"h":41},
	"sourceSize": {"w":41,"h":41}
},
"Wheel_2_00000":
{
	"frame": {"x":1995,"y":777,"w":38,"h":38},
	"rotated": false,
	"trimmed": false,
	"spriteSourceSize": {"x":0,"y":0,"w":38,"h":38},
	"sourceSize": {"w":38,"h":38}
},
"Wheel_2_10000":
{
	"frame": {"x":1995,"y":817,"w":38,"h":38},
	"rotated": false,
	"trimmed": false,
	"spriteSourceSize": {"x":0,"y":0,"w":38,"h":38},
	"sourceSize": {"w":38,"h":38}
},
"Wheel_3_00000":
{
	"frame": {"x":1995,"y":857,"w":38,"h":38},
	"rotated": false,
	"trimmed": false,
	"spriteSourceSize": {"x":0,"y":0,"w":38,"h":38},
	"sourceSize": {"w":38,"h":38}
},
"Wheel_4_00000":
{
	"frame": {"x":1995,"y":897,"w":38,"h":38},
	"rotated": false,
	"trimmed": false,
	"spriteSourceSize": {"x":0,"y":0,"w":38,"h":38},
	"sourceSize": {"w":38,"h":38}
},
"bg0000":
{
	"frame": {"x":734,"y":318,"w":10,"h":10},
	"rotated": false,
	"trimmed": false,
	"spriteSourceSize": {"x":0,"y":0,"w":10,"h":10},
	"sourceSize": {"w":10,"h":10}
},
"bike_1_base0000":
{
	"frame": {"x":900,"y":1139,"w":110,"h":53},
	"rotated": false,
	"trimmed": false,
	"spriteSourceSize": {"x":0,"y":0,"w":110,"h":53},
	"sourceSize": {"w":110,"h":53}
},
"bike_2_base0000":
{
	"frame": {"x":552,"y":1207,"w":99,"h":54},
	"rotated": false,
	"trimmed": false,
	"spriteSourceSize": {"x":0,"y":0,"w":99,"h":54},
	"sourceSize": {"w":99,"h":54}
},
"bike_3_base0000":
{
	"frame": {"x":367,"y":1207,"w":95,"h":58},
	"rotated": false,
	"trimmed": false,
	"spriteSourceSize": {"x":0,"y":0,"w":95,"h":58},
	"sourceSize": {"w":95,"h":58}
},
"bike_4_base0000":
{
	"frame": {"x":464,"y":1207,"w":86,"h":63},
	"rotated": false,
	"trimmed": false,
	"spriteSourceSize": {"x":0,"y":0,"w":86,"h":63},
	"sourceSize": {"w":86,"h":63}
},
"driver_arm10000":
{
	"frame": {"x":2027,"y":1097,"w":19,"h":12},
	"rotated": false,
	"trimmed": false,
	"spriteSourceSize": {"x":0,"y":0,"w":19,"h":12},
	"sourceSize": {"w":19,"h":12}
},
"driver_arm20000":
{
	"frame": {"x":2027,"y":1111,"w":19,"h":12},
	"rotated": false,
	"trimmed": false,
	"spriteSourceSize": {"x":0,"y":0,"w":19,"h":12},
	"sourceSize": {"w":19,"h":12}
},
"driver_arm30000":
{
	"frame": {"x":2028,"y":1138,"w":18,"h":11},
	"rotated": false,
	"trimmed": false,
	"spriteSourceSize": {"x":0,"y":0,"w":18,"h":11},
	"sourceSize": {"w":18,"h":11}
},
"driver_arm40000":
{
	"frame": {"x":2007,"y":1117,"w":18,"h":12},
	"rotated": false,
	"trimmed": false,
	"spriteSourceSize": {"x":0,"y":0,"w":18,"h":12},
	"sourceSize": {"w":18,"h":12}
},
"driver_corpse10000":
{
	"frame": {"x":1238,"y":633,"w":17,"h":32},
	"rotated": false,
	"trimmed": false,
	"spriteSourceSize": {"x":0,"y":0,"w":17,"h":32},
	"sourceSize": {"w":17,"h":32}
},
"driver_corpse20000":
{
	"frame": {"x":686,"y":644,"w":17,"h":32},
	"rotated": false,
	"trimmed": false,
	"spriteSourceSize": {"x":0,"y":0,"w":17,"h":32},
	"sourceSize": {"w":17,"h":32}
},
"driver_corpse30000":
{
	"frame": {"x":686,"y":678,"w":17,"h":32},
	"rotated": false,
	"trimmed": false,
	"spriteSourceSize": {"x":0,"y":0,"w":17,"h":32},
	"sourceSize": {"w":17,"h":32}
},
"driver_corpse40000":
{
	"frame": {"x":2007,"y":976,"w":37,"h":32},
	"rotated": false,
	"trimmed": false,
	"spriteSourceSize": {"x":0,"y":0,"w":37,"h":32},
	"sourceSize": {"w":37,"h":32}
},
"driver_forearm10000":
{
	"frame": {"x":1756,"y":935,"w":21,"h":9},
	"rotated": false,
	"trimmed": false,
	"spriteSourceSize": {"x":0,"y":0,"w":21,"h":9},
	"sourceSize": {"w":21,"h":9}
},
"driver_forearm20000":
{
	"frame": {"x":1779,"y":935,"w":21,"h":9},
	"rotated": false,
	"trimmed": false,
	"spriteSourceSize": {"x":0,"y":0,"w":21,"h":9},
	"sourceSize": {"w":21,"h":9}
},
"driver_forearm30000":
{
	"frame": {"x":1802,"y":935,"w":23,"h":8},
	"rotated": false,
	"trimmed": false,
	"spriteSourceSize": {"x":0,"y":0,"w":23,"h":8},
	"sourceSize": {"w":23,"h":8}
},
"driver_forearm40000":
{
	"frame": {"x":1238,"y":667,"w":20,"h":7},
	"rotated": false,
	"trimmed": false,
	"spriteSourceSize": {"x":0,"y":0,"w":20,"h":7},
	"sourceSize": {"w":20,"h":7}
},
"driver_head10000":
{
	"frame": {"x":2007,"y":1010,"w":33,"h":27},
	"rotated": false,
	"trimmed": false,
	"spriteSourceSize": {"x":0,"y":0,"w":33,"h":27},
	"sourceSize": {"w":33,"h":27}
},
"driver_head20000":
{
	"frame": {"x":2007,"y":1039,"w":32,"h":27},
	"rotated": false,
	"trimmed": false,
	"spriteSourceSize": {"x":0,"y":0,"w":32,"h":27},
	"sourceSize": {"w":32,"h":27}
},
"driver_head30000":
{
	"frame": {"x":2007,"y":1068,"w":29,"h":27},
	"rotated": false,
	"trimmed": false,
	"spriteSourceSize": {"x":0,"y":0,"w":29,"h":27},
	"sourceSize": {"w":29,"h":27}
},
"driver_head40000":
{
	"frame": {"x":716,"y":448,"w":28,"h":27},
	"rotated": false,
	"trimmed": false,
	"spriteSourceSize": {"x":0,"y":0,"w":28,"h":27},
	"sourceSize": {"w":28,"h":27}
},
"driver_hip10000":
{
	"frame": {"x":2027,"y":1125,"w":19,"h":11},
	"rotated": false,
	"trimmed": false,
	"spriteSourceSize": {"x":0,"y":0,"w":19,"h":11},
	"sourceSize": {"w":19,"h":11}
},
"driver_hip20000":
{
	"frame": {"x":2007,"y":1138,"w":19,"h":11},
	"rotated": false,
	"trimmed": false,
	"spriteSourceSize": {"x":0,"y":0,"w":19,"h":11},
	"sourceSize": {"w":19,"h":11}
},
"driver_hip30000":
{
	"frame": {"x":647,"y":1123,"w":20,"h":11},
	"rotated": false,
	"trimmed": false,
	"spriteSourceSize": {"x":0,"y":0,"w":20,"h":11},
	"sourceSize": {"w":20,"h":11}
},
"driver_hip40000":
{
	"frame": {"x":2030,"y":489,"w":16,"h":12},
	"rotated": false,
	"trimmed": false,
	"spriteSourceSize": {"x":0,"y":0,"w":16,"h":12},
	"sourceSize": {"w":16,"h":12}
},
"driver_shin10000":
{
	"frame": {"x":716,"y":477,"w":20,"h":33},
	"rotated": false,
	"trimmed": false,
	"spriteSourceSize": {"x":0,"y":0,"w":20,"h":33},
	"sourceSize": {"w":20,"h":33}
},
"driver_shin20000":
{
	"frame": {"x":716,"y":512,"w":19,"h":33},
	"rotated": false,
	"trimmed": false,
	"spriteSourceSize": {"x":0,"y":0,"w":19,"h":33},
	"sourceSize": {"w":19,"h":33}
},
"driver_shin30000":
{
	"frame": {"x":686,"y":611,"w":18,"h":31},
	"rotated": false,
	"trimmed": false,
	"spriteSourceSize": {"x":0,"y":0,"w":18,"h":31},
	"sourceSize": {"w":18,"h":31}
},
"driver_shin40000":
{
	"frame": {"x":686,"y":577,"w":18,"h":32},
	"rotated": false,
	"trimmed": false,
	"spriteSourceSize": {"x":0,"y":0,"w":18,"h":32},
	"sourceSize": {"w":18,"h":32}
},
"finish0000":
{
	"frame": {"x":1074,"y":1073,"w":64,"h":64},
	"rotated": false,
	"trimmed": false,
	"spriteSourceSize": {"x":0,"y":0,"w":64,"h":64},
	"sourceSize": {"w":64,"h":64}
},
"ground_part_anim0000":
{
	"frame": {"x":1452,"y":397,"w":13,"h":13},
	"rotated": false,
	"trimmed": false,
	"spriteSourceSize": {"x":0,"y":0,"w":13,"h":13},
	"sourceSize": {"w":13,"h":13}
},
"ground_part_anim0001":
{
	"frame": {"x":1452,"y":397,"w":13,"h":13},
	"rotated": false,
	"trimmed": false,
	"spriteSourceSize": {"x":0,"y":0,"w":13,"h":13},
	"sourceSize": {"w":13,"h":13}
},
"ground_part_anim0002":
{
	"frame": {"x":2030,"y":503,"w":13,"h":13},
	"rotated": false,
	"trimmed": false,
	"spriteSourceSize": {"x":0,"y":0,"w":13,"h":13},
	"sourceSize": {"w":13,"h":13}
},
"ground_part_anim0003":
{
	"frame": {"x":2030,"y":503,"w":13,"h":13},
	"rotated": false,
	"trimmed": false,
	"spriteSourceSize": {"x":0,"y":0,"w":13,"h":13},
	"sourceSize": {"w":13,"h":13}
},
"ground_part_anim0004":
{
	"frame": {"x":2030,"y":518,"w":13,"h":13},
	"rotated": false,
	"trimmed": false,
	"spriteSourceSize": {"x":0,"y":0,"w":13,"h":13},
	"sourceSize": {"w":13,"h":13}
},
"ground_part_anim0005":
{
	"frame": {"x":2030,"y":518,"w":13,"h":13},
	"rotated": false,
	"trimmed": false,
	"spriteSourceSize": {"x":0,"y":0,"w":13,"h":13},
	"sourceSize": {"w":13,"h":13}
},
"ground_part_anim0006":
{
	"frame": {"x":2030,"y":533,"w":13,"h":13},
	"rotated": false,
	"trimmed": false,
	"spriteSourceSize": {"x":0,"y":0,"w":13,"h":13},
	"sourceSize": {"w":13,"h":13}
},
"ground_part_anim0007":
{
	"frame": {"x":2030,"y":533,"w":13,"h":13},
	"rotated": false,
	"trimmed": false,
	"spriteSourceSize": {"x":0,"y":0,"w":13,"h":13},
	"sourceSize": {"w":13,"h":13}
},
"ground_part_anim0008":
{
	"frame": {"x":2030,"y":548,"w":13,"h":13},
	"rotated": false,
	"trimmed": false,
	"spriteSourceSize": {"x":0,"y":0,"w":13,"h":13},
	"sourceSize": {"w":13,"h":13}
},
"ground_part_anim0009":
{
	"frame": {"x":2030,"y":548,"w":13,"h":13},
	"rotated": false,
	"trimmed": false,
	"spriteSourceSize": {"x":0,"y":0,"w":13,"h":13},
	"sourceSize": {"w":13,"h":13}
},
"ground_part_anim0010":
{
	"frame": {"x":2030,"y":563,"w":13,"h":13},
	"rotated": false,
	"trimmed": false,
	"spriteSourceSize": {"x":0,"y":0,"w":13,"h":13},
	"sourceSize": {"w":13,"h":13}
},
"ground_part_anim0011":
{
	"frame": {"x":2030,"y":563,"w":13,"h":13},
	"rotated": false,
	"trimmed": false,
	"spriteSourceSize": {"x":0,"y":0,"w":13,"h":13},
	"sourceSize": {"w":13,"h":13}
},
"ground_part_anim0012":
{
	"frame": {"x":2030,"y":578,"w":13,"h":13},
	"rotated": false,
	"trimmed": false,
	"spriteSourceSize": {"x":0,"y":0,"w":13,"h":13},
	"sourceSize": {"w":13,"h":13}
},
"ground_part_anim0013":
{
	"frame": {"x":2030,"y":578,"w":13,"h":13},
	"rotated": false,
	"trimmed": false,
	"spriteSourceSize": {"x":0,"y":0,"w":13,"h":13},
	"sourceSize": {"w":13,"h":13}
},
"ground_part_anim0014":
{
	"frame": {"x":2030,"y":593,"w":13,"h":13},
	"rotated": false,
	"trimmed": false,
	"spriteSourceSize": {"x":0,"y":0,"w":13,"h":13},
	"sourceSize": {"w":13,"h":13}
},
"ground_part_anim0015":
{
	"frame": {"x":2030,"y":593,"w":13,"h":13},
	"rotated": false,
	"trimmed": false,
	"spriteSourceSize": {"x":0,"y":0,"w":13,"h":13},
	"sourceSize": {"w":13,"h":13}
},
"ground_part_anim0016":
{
	"frame": {"x":2030,"y":608,"w":13,"h":13},
	"rotated": false,
	"trimmed": false,
	"spriteSourceSize": {"x":0,"y":0,"w":13,"h":13},
	"sourceSize": {"w":13,"h":13}
},
"ground_part_anim0017":
{
	"frame": {"x":2030,"y":608,"w":13,"h":13},
	"rotated": false,
	"trimmed": false,
	"spriteSourceSize": {"x":0,"y":0,"w":13,"h":13},
	"sourceSize": {"w":13,"h":13}
},
"ground_part_anim0018":
{
	"frame": {"x":2030,"y":623,"w":13,"h":13},
	"rotated": false,
	"trimmed": false,
	"spriteSourceSize": {"x":0,"y":0,"w":13,"h":13},
	"sourceSize": {"w":13,"h":13}
},
"ground_part_anim0019":
{
	"frame": {"x":2030,"y":623,"w":13,"h":13},
	"rotated": false,
	"trimmed": false,
	"spriteSourceSize": {"x":0,"y":0,"w":13,"h":13},
	"sourceSize": {"w":13,"h":13}
},
"ground_part_anim0020":
{
	"frame": {"x":669,"y":1123,"w":13,"h":13},
	"rotated": false,
	"trimmed": false,
	"spriteSourceSize": {"x":0,"y":0,"w":13,"h":13},
	"sourceSize": {"w":13,"h":13}
},
"ground_part_anim0021":
{
	"frame": {"x":669,"y":1123,"w":13,"h":13},
	"rotated": false,
	"trimmed": false,
	"spriteSourceSize": {"x":0,"y":0,"w":13,"h":13},
	"sourceSize": {"w":13,"h":13}
},
"ground_part_anim0022":
{
	"frame": {"x":2007,"y":1151,"w":13,"h":13},
	"rotated": false,
	"trimmed": false,
	"spriteSourceSize": {"x":0,"y":0,"w":13,"h":13},
	"sourceSize": {"w":13,"h":13}
},
"ground_part_anim0023":
{
	"frame": {"x":2007,"y":1151,"w":13,"h":13},
	"rotated": false,
	"trimmed": false,
	"spriteSourceSize": {"x":0,"y":0,"w":13,"h":13},
	"sourceSize": {"w":13,"h":13}
},
"ground_part_anim0024":
{
	"frame": {"x":2022,"y":1151,"w":13,"h":13},
	"rotated": false,
	"trimmed": false,
	"spriteSourceSize": {"x":0,"y":0,"w":13,"h":13},
	"sourceSize": {"w":13,"h":13}
},
"ground_part_anim0025":
{
	"frame": {"x":2022,"y":1151,"w":13,"h":13},
	"rotated": false,
	"trimmed": false,
	"spriteSourceSize": {"x":0,"y":0,"w":13,"h":13},
	"sourceSize": {"w":13,"h":13}
},
"ive_side0000":
{
	"frame": {"x":1366,"y":363,"w":64,"h":44},
	"rotated": false,
	"trimmed": false,
	"spriteSourceSize": {"x":0,"y":0,"w":64,"h":44},
	"sourceSize": {"w":64,"h":44}
},
"line0000":
{
	"frame": {"x":1432,"y":363,"w":30,"h":32},
	"rotated": false,
	"trimmed": false,
	"spriteSourceSize": {"x":0,"y":0,"w":30,"h":32},
	"sourceSize": {"w":30,"h":32}
},
"line.png":
{
	"frame": {"x":686,"y":1073,"w":256,"h":64},
	"rotated": false,
	"trimmed": false,
	"spriteSourceSize": {"x":0,"y":0,"w":256,"h":64},
	"sourceSize": {"w":256,"h":64}
},
"line_ivy0000":
{
	"frame": {"x":1877,"y":1143,"w":128,"h":64},
	"rotated": false,
	"trimmed": false,
	"spriteSourceSize": {"x":0,"y":0,"w":128,"h":64},
	"sourceSize": {"w":128,"h":64}
},
"line_metal_g0000":
{
	"frame": {"x":944,"y":1073,"w":128,"h":64},
	"rotated": false,
	"trimmed": false,
	"spriteSourceSize": {"x":0,"y":0,"w":128,"h":64},
	"sourceSize": {"w":128,"h":64}
},
"line_rivet0000":
{
	"frame": {"x":1754,"y":1225,"w":64,"h":32},
	"rotated": false,
	"trimmed": false,
	"spriteSourceSize": {"x":0,"y":0,"w":64,"h":32},
	"sourceSize": {"w":64,"h":32}
},
"line_spike.png":
{
	"frame": {"x":1877,"y":1143,"w":128,"h":64},
	"rotated": false,
	"trimmed": false,
	"spriteSourceSize": {"x":0,"y":0,"w":128,"h":64},
	"sourceSize": {"w":128,"h":64}
},
"line_wood0000":
{
	"frame": {"x":451,"y":1095,"w":128,"h":32},
	"rotated": false,
	"trimmed": false,
	"spriteSourceSize": {"x":0,"y":0,"w":128,"h":32},
	"sourceSize": {"w":128,"h":32}
},
"line_wood_g0000":
{
	"frame": {"x":1877,"y":1077,"w":128,"h":64},
	"rotated": false,
	"trimmed": false,
	"spriteSourceSize": {"x":0,"y":0,"w":128,"h":64},
	"sourceSize": {"w":128,"h":64}
},
"smoke_part_anim0000":
{
	"frame": {"x":2026,"y":133,"w":18,"h":18},
	"rotated": false,
	"trimmed": false,
	"spriteSourceSize": {"x":0,"y":0,"w":18,"h":18},
	"sourceSize": {"w":18,"h":18}
},
"smoke_part_anim0001":
{
	"frame": {"x":2021,"y":393,"w":18,"h":18},
	"rotated": false,
	"trimmed": false,
	"spriteSourceSize": {"x":0,"y":0,"w":18,"h":18},
	"sourceSize": {"w":18,"h":18}
},
"smoke_part_anim0002":
{
	"frame": {"x":1432,"y":397,"w":18,"h":18},
	"rotated": false,
	"trimmed": false,
	"spriteSourceSize": {"x":0,"y":0,"w":18,"h":18},
	"sourceSize": {"w":18,"h":18}
},
"smoke_part_anim0003":
{
	"frame": {"x":686,"y":712,"w":18,"h":18},
	"rotated": false,
	"trimmed": false,
	"spriteSourceSize": {"x":0,"y":0,"w":18,"h":18},
	"sourceSize": {"w":18,"h":18}
},
"smoke_part_anim0004":
{
	"frame": {"x":686,"y":732,"w":18,"h":18},
	"rotated": false,
	"trimmed": false,
	"spriteSourceSize": {"x":0,"y":0,"w":18,"h":18},
	"sourceSize": {"w":18,"h":18}
},
"smoke_part_anim0005":
{
	"frame": {"x":686,"y":752,"w":18,"h":18},
	"rotated": false,
	"trimmed": false,
	"spriteSourceSize": {"x":0,"y":0,"w":18,"h":18},
	"sourceSize": {"w":18,"h":18}
},
"smoke_part_anim0006":
{
	"frame": {"x":686,"y":772,"w":18,"h":18},
	"rotated": false,
	"trimmed": false,
	"spriteSourceSize": {"x":0,"y":0,"w":18,"h":18},
	"sourceSize": {"w":18,"h":18}
},
"smoke_part_anim0007":
{
	"frame": {"x":686,"y":792,"w":18,"h":18},
	"rotated": false,
	"trimmed": false,
	"spriteSourceSize": {"x":0,"y":0,"w":18,"h":18},
	"sourceSize": {"w":18,"h":18}
},
"smoke_part_anim0008":
{
	"frame": {"x":1142,"y":814,"w":18,"h":18},
	"rotated": false,
	"trimmed": false,
	"spriteSourceSize": {"x":0,"y":0,"w":18,"h":18},
	"sourceSize": {"w":18,"h":18}
},
"smoke_part_anim0009":
{
	"frame": {"x":1142,"y":834,"w":18,"h":18},
	"rotated": false,
	"trimmed": false,
	"spriteSourceSize": {"x":0,"y":0,"w":18,"h":18},
	"sourceSize": {"w":18,"h":18}
},
"smoke_part_anim0010":
{
	"frame": {"x":1142,"y":854,"w":18,"h":18},
	"rotated": false,
	"trimmed": false,
	"spriteSourceSize": {"x":0,"y":0,"w":18,"h":18},
	"sourceSize": {"w":18,"h":18}
},
"smoke_part_anim0011":
{
	"frame": {"x":1142,"y":874,"w":18,"h":18},
	"rotated": false,
	"trimmed": false,
	"spriteSourceSize": {"x":0,"y":0,"w":18,"h":18},
	"sourceSize": {"w":18,"h":18}
},
"smoke_part_anim0012":
{
	"frame": {"x":1142,"y":894,"w":18,"h":18},
	"rotated": false,
	"trimmed": false,
	"spriteSourceSize": {"x":0,"y":0,"w":18,"h":18},
	"sourceSize": {"w":18,"h":18}
},
"smoke_part_anim0013":
{
	"frame": {"x":1142,"y":914,"w":18,"h":18},
	"rotated": false,
	"trimmed": false,
	"spriteSourceSize": {"x":0,"y":0,"w":18,"h":18},
	"sourceSize": {"w":18,"h":18}
},
"smoke_part_anim0014":
{
	"frame": {"x":2007,"y":1097,"w":18,"h":18},
	"rotated": false,
	"trimmed": false,
	"spriteSourceSize": {"x":0,"y":0,"w":18,"h":18},
	"sourceSize": {"w":18,"h":18}
},
"suspend_back10000":
{
	"frame": {"x":1984,"y":393,"w":35,"h":14},
	"rotated": false,
	"trimmed": false,
	"spriteSourceSize": {"x":0,"y":0,"w":35,"h":14},
	"sourceSize": {"w":35,"h":14}
},
"suspend_back30000":
{
	"frame": {"x":647,"y":1095,"w":36,"h":13},
	"rotated": false,
	"trimmed": false,
	"spriteSourceSize": {"x":0,"y":0,"w":36,"h":13},
	"sourceSize": {"w":36,"h":13}
},
"suspend_back40000":
{
	"frame": {"x":1336,"y":405,"w":28,"h":9},
	"rotated": false,
	"trimmed": false,
	"spriteSourceSize": {"x":0,"y":0,"w":28,"h":9},
	"sourceSize": {"w":28,"h":9}
},
"suspend_front10000":
{
	"frame": {"x":1336,"y":389,"w":24,"h":14},
	"rotated": false,
	"trimmed": false,
	"spriteSourceSize": {"x":0,"y":0,"w":24,"h":14},
	"sourceSize": {"w":24,"h":14}
},
"suspend_front20000":
{
	"frame": {"x":647,"y":1110,"w":25,"h":11},
	"rotated": false,
	"trimmed": false,
	"spriteSourceSize": {"x":0,"y":0,"w":25,"h":11},
	"sourceSize": {"w":25,"h":11}
},
"suspend_front30000":
{
	"frame": {"x":1946,"y":645,"w":38,"h":29},
	"rotated": false,
	"trimmed": false,
	"spriteSourceSize": {"x":0,"y":0,"w":38,"h":29},
	"sourceSize": {"w":38,"h":29}
},
"tile0000":
{
	"frame": {"x":1468,"y":159,"w":256,"h":256},
	"rotated": false,
	"trimmed": false,
	"spriteSourceSize": {"x":0,"y":0,"w":256,"h":256},
	"sourceSize": {"w":256,"h":256}
},
"tile_bg0000":
{
	"frame": {"x":1726,"y":159,"w":256,"h":256},
	"rotated": false,
	"trimmed": false,
	"spriteSourceSize": {"x":0,"y":0,"w":256,"h":256},
	"sourceSize": {"w":256,"h":256}
},
"tile_rivet0000":
{
	"frame": {"x":746,"y":297,"w":256,"h":256},
	"rotated": false,
	"trimmed": false,
	"spriteSourceSize": {"x":0,"y":0,"w":256,"h":256},
	"sourceSize": {"w":256,"h":256}
},
"tile_rivet_bg0000":
{
	"frame": {"x":1004,"y":297,"w":256,"h":256},
	"rotated": false,
	"trimmed": false,
	"spriteSourceSize": {"x":0,"y":0,"w":256,"h":256},
	"sourceSize": {"w":256,"h":256}
},
"tile_saw0000":
{
	"frame": {"x":2,"y":318,"w":256,"h":256},
	"rotated": false,
	"trimmed": false,
	"spriteSourceSize": {"x":0,"y":0,"w":256,"h":256},
	"sourceSize": {"w":256,"h":256}
},
"xVecDec_00000":
{
	"frame": {"x":1468,"y":2,"w":556,"h":155},
	"rotated": false,
	"trimmed": false,
	"spriteSourceSize": {"x":0,"y":0,"w":556,"h":155},
	"sourceSize": {"w":556,"h":155}
},
"xback_prop0000":
{
	"frame": {"x":1946,"y":489,"w":82,"h":76},
	"rotated": false,
	"trimmed": false,
	"spriteSourceSize": {"x":0,"y":0,"w":82,"h":76},
	"sourceSize": {"w":82,"h":76}
},
"xback_prop0001":
{
	"frame": {"x":1172,"y":555,"w":82,"h":76},
	"rotated": false,
	"trimmed": false,
	"spriteSourceSize": {"x":0,"y":0,"w":82,"h":76},
	"sourceSize": {"w":82,"h":76}
},
"xback_prop0002":
{
	"frame": {"x":1946,"y":567,"w":82,"h":76},
	"rotated": false,
	"trimmed": false,
	"spriteSourceSize": {"x":0,"y":0,"w":82,"h":76},
	"sourceSize": {"w":82,"h":76}
},
"xback_prop0003":
{
	"frame": {"x":115,"y":1197,"w":82,"h":76},
	"rotated": false,
	"trimmed": false,
	"spriteSourceSize": {"x":0,"y":0,"w":82,"h":76},
	"sourceSize": {"w":82,"h":76}
},
"xback_prop0004":
{
	"frame": {"x":199,"y":1197,"w":82,"h":76},
	"rotated": false,
	"trimmed": false,
	"spriteSourceSize": {"x":0,"y":0,"w":82,"h":76},
	"sourceSize": {"w":82,"h":76}
},
"xback_prop0005":
{
	"frame": {"x":283,"y":1197,"w":82,"h":76},
	"rotated": false,
	"trimmed": false,
	"spriteSourceSize": {"x":0,"y":0,"w":82,"h":76},
	"sourceSize": {"w":82,"h":76}
},
"xtop_prop0000":
{
	"frame": {"x":2,"y":1095,"w":447,"h":32},
	"rotated": false,
	"trimmed": false,
	"spriteSourceSize": {"x":0,"y":0,"w":447,"h":32},
	"sourceSize": {"w":447,"h":32}
},
"xtop_prop0001":
{
	"frame": {"x":2,"y":1129,"w":447,"h":32},
	"rotated": false,
	"trimmed": false,
	"spriteSourceSize": {"x":0,"y":0,"w":447,"h":32},
	"sourceSize": {"w":447,"h":32}
},
"xtop_prop0002":
{
	"frame": {"x":451,"y":1139,"w":447,"h":32},
	"rotated": false,
	"trimmed": false,
	"spriteSourceSize": {"x":0,"y":0,"w":447,"h":32},
	"sourceSize": {"w":447,"h":32}
},
"xtop_prop0003":
{
	"frame": {"x":2,"y":1163,"w":447,"h":32},
	"rotated": false,
	"trimmed": false,
	"spriteSourceSize": {"x":0,"y":0,"w":447,"h":32},
	"sourceSize": {"w":447,"h":32}
},
"xtop_prop0004":
{
	"frame": {"x":451,"y":1173,"w":447,"h":32},
	"rotated": false,
	"trimmed": false,
	"spriteSourceSize": {"x":0,"y":0,"w":447,"h":32},
	"sourceSize": {"w":447,"h":32}
},
"xtop_prop0005":
{
	"frame": {"x":900,"y":1194,"w":447,"h":32},
	"rotated": false,
	"trimmed": false,
	"spriteSourceSize": {"x":0,"y":0,"w":447,"h":32},
	"sourceSize": {"w":447,"h":32}
}},
"meta": {
	"app": "Adobe Flash Professional",
	"version": "15.0.1.179",
	"image": "theme0.png",
	"format": "RGBA8888",
	"size": {"w":2048,"h":2048},
	"scale": "1"
}
}
