﻿{"frames": {

"BarrelE0000":
{
	"frame": {"x":1,"y":1,"w":54,"h":54},
	"rotated": false,
	"trimmed": false,
	"spriteSourceSize": {"x":0,"y":0,"w":54,"h":54},
	"sourceSize": {"w":54,"h":54}
},
"Bg0_00000":
{
	"frame": {"x":56,"y":1,"w":288,"h":160},
	"rotated": false,
	"trimmed": false,
	"spriteSourceSize": {"x":0,"y":0,"w":288,"h":160},
	"sourceSize": {"w":288,"h":160}
},
"Bg1_00000":
{
	"frame": {"x":1,"y":162,"w":1720,"h":480},
	"rotated": false,
	"trimmed": false,
	"spriteSourceSize": {"x":0,"y":0,"w":1720,"h":480},
	"sourceSize": {"w":1720,"h":480}
},
"Bg2_00000":
{
	"frame": {"x":1722,"y":162,"w":10,"h":10},
	"rotated": false,
	"trimmed": false,
	"spriteSourceSize": {"x":0,"y":0,"w":10,"h":10},
	"sourceSize": {"w":10,"h":10}
},
"Car1FrameExploded0000":
{
	"frame": {"x":1733,"y":162,"w":116,"h":66},
	"rotated": false,
	"trimmed": false,
	"spriteSourceSize": {"x":0,"y":0,"w":116,"h":66},
	"sourceSize": {"w":116,"h":66}
},
"Car2FrameExploded0000":
{
	"frame": {"x":1850,"y":162,"w":112,"h":65},
	"rotated": false,
	"trimmed": false,
	"spriteSourceSize": {"x":0,"y":0,"w":112,"h":65},
	"sourceSize": {"w":112,"h":65}
},
"Car3FrameExploded0000":
{
	"frame": {"x":1,"y":643,"w":101,"h":65},
	"rotated": false,
	"trimmed": false,
	"spriteSourceSize": {"x":0,"y":0,"w":101,"h":65},
	"sourceSize": {"w":101,"h":65}
},
"Car4FrameExploded0000":
{
	"frame": {"x":103,"y":643,"w":92,"h":71},
	"rotated": false,
	"trimmed": false,
	"spriteSourceSize": {"x":0,"y":0,"w":92,"h":71},
	"sourceSize": {"w":92,"h":71}
},
"CarExplode0000":
{
	"frame": {"x":196,"y":643,"w":37,"h":38},
	"rotated": false,
	"trimmed": true,
	"spriteSourceSize": {"x":89,"y":92,"w":227,"h":258},
	"sourceSize": {"w":227,"h":258}
},
"CarExplode0001":
{
	"frame": {"x":234,"y":643,"w":76,"h":79},
	"rotated": false,
	"trimmed": true,
	"spriteSourceSize": {"x":73,"y":70,"w":227,"h":258},
	"sourceSize": {"w":227,"h":258}
},
"CarExplode0002":
{
	"frame": {"x":311,"y":643,"w":115,"h":138},
	"rotated": false,
	"trimmed": true,
	"spriteSourceSize": {"x":55,"y":45,"w":227,"h":258},
	"sourceSize": {"w":227,"h":258}
},
"CarExplode0003":
{
	"frame": {"x":427,"y":643,"w":145,"h":175},
	"rotated": false,
	"trimmed": true,
	"spriteSourceSize": {"x":41,"y":23,"w":227,"h":258},
	"sourceSize": {"w":227,"h":258}
},
"CarExplode0004":
{
	"frame": {"x":573,"y":643,"w":151,"h":180},
	"rotated": false,
	"trimmed": true,
	"spriteSourceSize": {"x":38,"y":22,"w":227,"h":258},
	"sourceSize": {"w":227,"h":258}
},
"CarExplode0005":
{
	"frame": {"x":725,"y":643,"w":197,"h":197},
	"rotated": false,
	"trimmed": true,
	"spriteSourceSize": {"x":15,"y":15,"w":227,"h":258},
	"sourceSize": {"w":227,"h":258}
},
"CarExplode0006":
{
	"frame": {"x":923,"y":643,"w":197,"h":201},
	"rotated": false,
	"trimmed": true,
	"spriteSourceSize": {"x":15,"y":15,"w":227,"h":258},
	"sourceSize": {"w":227,"h":258}
},
"CarExplode0007":
{
	"frame": {"x":1121,"y":643,"w":227,"h":227},
	"rotated": false,
	"trimmed": true,
	"spriteSourceSize": {"x":0,"y":0,"w":227,"h":258},
	"sourceSize": {"w":227,"h":258}
},
"CarExplode0008":
{
	"frame": {"x":1349,"y":643,"w":227,"h":229},
	"rotated": false,
	"trimmed": true,
	"spriteSourceSize": {"x":0,"y":0,"w":227,"h":258},
	"sourceSize": {"w":227,"h":258}
},
"CarExplode0009":
{
	"frame": {"x":1577,"y":643,"w":179,"h":229},
	"rotated": false,
	"trimmed": true,
	"spriteSourceSize": {"x":15,"y":10,"w":227,"h":258},
	"sourceSize": {"w":227,"h":258}
},
"CarExplode0010":
{
	"frame": {"x":1757,"y":643,"w":179,"h":218},
	"rotated": false,
	"trimmed": true,
	"spriteSourceSize": {"x":15,"y":10,"w":227,"h":258},
	"sourceSize": {"w":227,"h":258}
},
"CarExplode0011":
{
	"frame": {"x":1,"y":873,"w":184,"h":237},
	"rotated": false,
	"trimmed": true,
	"spriteSourceSize": {"x":13,"y":7,"w":227,"h":258},
	"sourceSize": {"w":227,"h":258}
},
"CarExplode0012":
{
	"frame": {"x":1,"y":873,"w":184,"h":237},
	"rotated": false,
	"trimmed": true,
	"spriteSourceSize": {"x":13,"y":7,"w":227,"h":258},
	"sourceSize": {"w":227,"h":258}
},
"CarExplode0013":
{
	"frame": {"x":186,"y":873,"w":182,"h":242},
	"rotated": false,
	"trimmed": true,
	"spriteSourceSize": {"x":14,"y":6,"w":227,"h":258},
	"sourceSize": {"w":227,"h":258}
},
"CarExplode0014":
{
	"frame": {"x":186,"y":873,"w":182,"h":242},
	"rotated": false,
	"trimmed": true,
	"spriteSourceSize": {"x":14,"y":6,"w":227,"h":258},
	"sourceSize": {"w":227,"h":258}
},
"CarExplode0015":
{
	"frame": {"x":369,"y":873,"w":180,"h":247},
	"rotated": false,
	"trimmed": true,
	"spriteSourceSize": {"x":15,"y":6,"w":227,"h":258},
	"sourceSize": {"w":227,"h":258}
},
"CarExplode0016":
{
	"frame": {"x":369,"y":873,"w":180,"h":247},
	"rotated": false,
	"trimmed": true,
	"spriteSourceSize": {"x":15,"y":6,"w":227,"h":258},
	"sourceSize": {"w":227,"h":258}
},
"CarExplode0017":
{
	"frame": {"x":550,"y":873,"w":179,"h":255},
	"rotated": false,
	"trimmed": true,
	"spriteSourceSize": {"x":15,"y":3,"w":227,"h":258},
	"sourceSize": {"w":227,"h":258}
},
"CarExplode0018":
{
	"frame": {"x":550,"y":873,"w":179,"h":255},
	"rotated": false,
	"trimmed": true,
	"spriteSourceSize": {"x":15,"y":3,"w":227,"h":258},
	"sourceSize": {"w":227,"h":258}
},
"CarExplode0019":
{
	"frame": {"x":730,"y":873,"w":167,"h":180},
	"rotated": false,
	"trimmed": true,
	"spriteSourceSize": {"x":16,"y":3,"w":227,"h":258},
	"sourceSize": {"w":227,"h":258}
},
"CarExplode0020":
{
	"frame": {"x":730,"y":873,"w":167,"h":180},
	"rotated": false,
	"trimmed": true,
	"spriteSourceSize": {"x":16,"y":3,"w":227,"h":258},
	"sourceSize": {"w":227,"h":258}
},
"CarExplode0021":
{
	"frame": {"x":898,"y":873,"w":165,"h":171},
	"rotated": false,
	"trimmed": true,
	"spriteSourceSize": {"x":17,"y":2,"w":227,"h":258},
	"sourceSize": {"w":227,"h":258}
},
"CarExplode0022":
{
	"frame": {"x":898,"y":873,"w":165,"h":171},
	"rotated": false,
	"trimmed": true,
	"spriteSourceSize": {"x":17,"y":2,"w":227,"h":258},
	"sourceSize": {"w":227,"h":258}
},
"CarExplode0023":
{
	"frame": {"x":1064,"y":873,"w":164,"h":171},
	"rotated": false,
	"trimmed": true,
	"spriteSourceSize": {"x":17,"y":2,"w":227,"h":258},
	"sourceSize": {"w":227,"h":258}
},
"CarExplode0024":
{
	"frame": {"x":1064,"y":873,"w":164,"h":171},
	"rotated": false,
	"trimmed": true,
	"spriteSourceSize": {"x":17,"y":2,"w":227,"h":258},
	"sourceSize": {"w":227,"h":258}
},
"CarExplode0025":
{
	"frame": {"x":1229,"y":873,"w":137,"h":169},
	"rotated": false,
	"trimmed": true,
	"spriteSourceSize": {"x":40,"y":1,"w":227,"h":258},
	"sourceSize": {"w":227,"h":258}
},
"CarExplode0026":
{
	"frame": {"x":1229,"y":873,"w":137,"h":169},
	"rotated": false,
	"trimmed": true,
	"spriteSourceSize": {"x":40,"y":1,"w":227,"h":258},
	"sourceSize": {"w":227,"h":258}
},
"Dec00000":
{
	"frame": {"x":1367,"y":873,"w":67,"h":36},
	"rotated": false,
	"trimmed": false,
	"spriteSourceSize": {"x":0,"y":0,"w":67,"h":36},
	"sourceSize": {"w":67,"h":36}
},
"Dec10000":
{
	"frame": {"x":1435,"y":873,"w":66,"h":40},
	"rotated": false,
	"trimmed": false,
	"spriteSourceSize": {"x":0,"y":0,"w":66,"h":40},
	"sourceSize": {"w":66,"h":40}
},
"Dec20000":
{
	"frame": {"x":1502,"y":873,"w":80,"h":32},
	"rotated": false,
	"trimmed": false,
	"spriteSourceSize": {"x":0,"y":0,"w":80,"h":32},
	"sourceSize": {"w":80,"h":32}
},
"Dec30000":
{
	"frame": {"x":1583,"y":873,"w":70,"h":22},
	"rotated": false,
	"trimmed": false,
	"spriteSourceSize": {"x":0,"y":0,"w":70,"h":22},
	"sourceSize": {"w":70,"h":22}
},
"Dec40000":
{
	"frame": {"x":1654,"y":873,"w":86,"h":20},
	"rotated": false,
	"trimmed": false,
	"spriteSourceSize": {"x":0,"y":0,"w":86,"h":20},
	"sourceSize": {"w":86,"h":20}
},
"Dec50000":
{
	"frame": {"x":1741,"y":873,"w":37,"h":28},
	"rotated": false,
	"trimmed": false,
	"spriteSourceSize": {"x":0,"y":0,"w":37,"h":28},
	"sourceSize": {"w":37,"h":28}
},
"Dec60000":
{
	"frame": {"x":1779,"y":873,"w":116,"h":18},
	"rotated": false,
	"trimmed": false,
	"spriteSourceSize": {"x":0,"y":0,"w":116,"h":18},
	"sourceSize": {"w":116,"h":18}
},
"Dec70000":
{
	"frame": {"x":1896,"y":873,"w":46,"h":26},
	"rotated": false,
	"trimmed": false,
	"spriteSourceSize": {"x":0,"y":0,"w":46,"h":26},
	"sourceSize": {"w":46,"h":26}
},
"Motor00000":
{
	"frame": {"x":1943,"y":873,"w":46,"h":48},
	"rotated": false,
	"trimmed": false,
	"spriteSourceSize": {"x":0,"y":0,"w":46,"h":48},
	"sourceSize": {"w":46,"h":48}
},
"Motor10000":
{
	"frame": {"x":1990,"y":873,"w":36,"h":38},
	"rotated": false,
	"trimmed": false,
	"spriteSourceSize": {"x":0,"y":0,"w":36,"h":38},
	"sourceSize": {"w":36,"h":38}
},
"Plank00000":
{
	"frame": {"x":1,"y":1129,"w":72,"h":21},
	"rotated": false,
	"trimmed": false,
	"spriteSourceSize": {"x":0,"y":0,"w":72,"h":21},
	"sourceSize": {"w":72,"h":21}
},
"Removed00000":
{
	"frame": {"x":74,"y":1129,"w":17,"h":76},
	"rotated": false,
	"trimmed": false,
	"spriteSourceSize": {"x":0,"y":0,"w":17,"h":76},
	"sourceSize": {"w":17,"h":76}
},
"Removed10000":
{
	"frame": {"x":92,"y":1129,"w":17,"h":52},
	"rotated": false,
	"trimmed": false,
	"spriteSourceSize": {"x":0,"y":0,"w":17,"h":52},
	"sourceSize": {"w":17,"h":52}
},
"RoadLine0_40000":
{
	"frame": {"x":110,"y":1129,"w":64,"h":36},
	"rotated": false,
	"trimmed": false,
	"spriteSourceSize": {"x":0,"y":0,"w":64,"h":36},
	"sourceSize": {"w":64,"h":36}
},
"RoadLine0_70000":
{
	"frame": {"x":175,"y":1129,"w":128,"h":20},
	"rotated": false,
	"trimmed": false,
	"spriteSourceSize": {"x":0,"y":0,"w":128,"h":20},
	"sourceSize": {"w":128,"h":20}
},
"RoadLine0_80000":
{
	"frame": {"x":304,"y":1129,"w":16,"h":8},
	"rotated": false,
	"trimmed": false,
	"spriteSourceSize": {"x":0,"y":0,"w":16,"h":8},
	"sourceSize": {"w":16,"h":8}
},
"RoadLine0_Bg0000":
{
	"frame": {"x":321,"y":1129,"w":30,"h":38},
	"rotated": false,
	"trimmed": false,
	"spriteSourceSize": {"x":0,"y":0,"w":30,"h":38},
	"sourceSize": {"w":30,"h":38}
},
"RoadPillar0_00000":
{
	"frame": {"x":352,"y":1129,"w":134,"h":18},
	"rotated": false,
	"trimmed": false,
	"spriteSourceSize": {"x":0,"y":0,"w":134,"h":18},
	"sourceSize": {"w":134,"h":18}
},
"RoadPillar0_10000":
{
	"frame": {"x":487,"y":1129,"w":128,"h":18},
	"rotated": false,
	"trimmed": false,
	"spriteSourceSize": {"x":0,"y":0,"w":128,"h":18},
	"sourceSize": {"w":128,"h":18}
},
"RoadPillar0_20000":
{
	"frame": {"x":616,"y":1129,"w":128,"h":18},
	"rotated": false,
	"trimmed": false,
	"spriteSourceSize": {"x":0,"y":0,"w":128,"h":18},
	"sourceSize": {"w":128,"h":18}
},
"RoadTile0_10000":
{
	"frame": {"x":745,"y":1129,"w":128,"h":128},
	"rotated": false,
	"trimmed": false,
	"spriteSourceSize": {"x":0,"y":0,"w":128,"h":128},
	"sourceSize": {"w":128,"h":128}
},
"SafePointAnim0000":
{
	"frame": {"x":874,"y":1129,"w":39,"h":42},
	"rotated": false,
	"trimmed": true,
	"spriteSourceSize": {"x":10,"y":10,"w":58,"h":58},
	"sourceSize": {"w":58,"h":58}
},
"SafePointAnim0001":
{
	"frame": {"x":914,"y":1129,"w":58,"h":58},
	"rotated": false,
	"trimmed": false,
	"spriteSourceSize": {"x":0,"y":0,"w":58,"h":58},
	"sourceSize": {"w":58,"h":58}
},
"Sign10000":
{
	"frame": {"x":973,"y":1129,"w":73,"h":73},
	"rotated": false,
	"trimmed": false,
	"spriteSourceSize": {"x":0,"y":0,"w":73,"h":73},
	"sourceSize": {"w":73,"h":73}
},
"Sign150000":
{
	"frame": {"x":1047,"y":1129,"w":112,"h":36},
	"rotated": false,
	"trimmed": false,
	"spriteSourceSize": {"x":0,"y":0,"w":112,"h":36},
	"sourceSize": {"w":112,"h":36}
},
"Sign20000":
{
	"frame": {"x":1160,"y":1129,"w":72,"h":72},
	"rotated": false,
	"trimmed": false,
	"spriteSourceSize": {"x":0,"y":0,"w":72,"h":72},
	"sourceSize": {"w":72,"h":72}
},
"Sign210000":
{
	"frame": {"x":1233,"y":1129,"w":102,"h":91},
	"rotated": false,
	"trimmed": false,
	"spriteSourceSize": {"x":0,"y":0,"w":102,"h":91},
	"sourceSize": {"w":102,"h":91}
},
"SignPillar0000":
{
	"frame": {"x":1336,"y":1129,"w":10,"h":130},
	"rotated": false,
	"trimmed": false,
	"spriteSourceSize": {"x":0,"y":0,"w":10,"h":130},
	"sourceSize": {"w":10,"h":130}
},
"SpikesE0000":
{
	"frame": {"x":1347,"y":1129,"w":128,"h":49},
	"rotated": false,
	"trimmed": false,
	"spriteSourceSize": {"x":0,"y":0,"w":128,"h":49},
	"sourceSize": {"w":128,"h":49}
},
"Tnt10000":
{
	"frame": {"x":1476,"y":1129,"w":58,"h":58},
	"rotated": false,
	"trimmed": false,
	"spriteSourceSize": {"x":0,"y":0,"w":58,"h":58},
	"sourceSize": {"w":58,"h":58}
},
"TrailCircle0000":
{
	"frame": {"x":1535,"y":1129,"w":38,"h":38},
	"rotated": false,
	"trimmed": false,
	"spriteSourceSize": {"x":0,"y":0,"w":38,"h":38},
	"sourceSize": {"w":38,"h":38}
},
"UnLine00000":
{
	"frame": {"x":1574,"y":1129,"w":64,"h":32},
	"rotated": false,
	"trimmed": false,
	"spriteSourceSize": {"x":0,"y":0,"w":64,"h":32},
	"sourceSize": {"w":64,"h":32}
},
"UnLine10000":
{
	"frame": {"x":1639,"y":1129,"w":64,"h":40},
	"rotated": false,
	"trimmed": false,
	"spriteSourceSize": {"x":0,"y":0,"w":64,"h":40},
	"sourceSize": {"w":64,"h":40}
},
"Wheel_1_00000":
{
	"frame": {"x":1704,"y":1129,"w":42,"h":42},
	"rotated": false,
	"trimmed": false,
	"spriteSourceSize": {"x":0,"y":0,"w":42,"h":42},
	"sourceSize": {"w":42,"h":42}
},
"Wheel_2_00000":
{
	"frame": {"x":1747,"y":1129,"w":38,"h":39},
	"rotated": false,
	"trimmed": false,
	"spriteSourceSize": {"x":0,"y":0,"w":38,"h":39},
	"sourceSize": {"w":38,"h":39}
},
"Wheel_2_10000":
{
	"frame": {"x":1786,"y":1129,"w":38,"h":38},
	"rotated": false,
	"trimmed": false,
	"spriteSourceSize": {"x":0,"y":0,"w":38,"h":38},
	"sourceSize": {"w":38,"h":38}
},
"Wheel_3_00000":
{
	"frame": {"x":1825,"y":1129,"w":38,"h":38},
	"rotated": false,
	"trimmed": false,
	"spriteSourceSize": {"x":0,"y":0,"w":38,"h":38},
	"sourceSize": {"w":38,"h":38}
},
"Wheel_4_00000":
{
	"frame": {"x":1864,"y":1129,"w":38,"h":38},
	"rotated": false,
	"trimmed": false,
	"spriteSourceSize": {"x":0,"y":0,"w":38,"h":38},
	"sourceSize": {"w":38,"h":38}
},
"bg0000":
{
	"frame": {"x":1903,"y":1129,"w":10,"h":10},
	"rotated": false,
	"trimmed": false,
	"spriteSourceSize": {"x":0,"y":0,"w":10,"h":10},
	"sourceSize": {"w":10,"h":10}
},
"bike_1_base0000":
{
	"frame": {"x":1914,"y":1129,"w":111,"h":54},
	"rotated": false,
	"trimmed": false,
	"spriteSourceSize": {"x":0,"y":0,"w":111,"h":54},
	"sourceSize": {"w":111,"h":54}
},
"bike_2_base0000":
{
	"frame": {"x":1,"y":1260,"w":99,"h":55},
	"rotated": false,
	"trimmed": false,
	"spriteSourceSize": {"x":0,"y":0,"w":99,"h":55},
	"sourceSize": {"w":99,"h":55}
},
"bike_3_base0000":
{
	"frame": {"x":101,"y":1260,"w":96,"h":59},
	"rotated": false,
	"trimmed": false,
	"spriteSourceSize": {"x":0,"y":0,"w":96,"h":59},
	"sourceSize": {"w":96,"h":59}
},
"bike_4_base0000":
{
	"frame": {"x":198,"y":1260,"w":87,"h":64},
	"rotated": false,
	"trimmed": false,
	"spriteSourceSize": {"x":0,"y":0,"w":87,"h":64},
	"sourceSize": {"w":87,"h":64}
},
"driver_arm10000":
{
	"frame": {"x":286,"y":1260,"w":20,"h":13},
	"rotated": false,
	"trimmed": false,
	"spriteSourceSize": {"x":0,"y":0,"w":20,"h":13},
	"sourceSize": {"w":20,"h":13}
},
"driver_arm20000":
{
	"frame": {"x":307,"y":1260,"w":20,"h":13},
	"rotated": false,
	"trimmed": false,
	"spriteSourceSize": {"x":0,"y":0,"w":20,"h":13},
	"sourceSize": {"w":20,"h":13}
},
"driver_arm30000":
{
	"frame": {"x":328,"y":1260,"w":19,"h":12},
	"rotated": false,
	"trimmed": false,
	"spriteSourceSize": {"x":0,"y":0,"w":19,"h":12},
	"sourceSize": {"w":19,"h":12}
},
"driver_arm40000":
{
	"frame": {"x":348,"y":1260,"w":19,"h":12},
	"rotated": false,
	"trimmed": false,
	"spriteSourceSize": {"x":0,"y":0,"w":19,"h":12},
	"sourceSize": {"w":19,"h":12}
},
"driver_corpse10000":
{
	"frame": {"x":368,"y":1260,"w":18,"h":33},
	"rotated": false,
	"trimmed": false,
	"spriteSourceSize": {"x":0,"y":0,"w":18,"h":33},
	"sourceSize": {"w":18,"h":33}
},
"driver_corpse20000":
{
	"frame": {"x":387,"y":1260,"w":18,"h":33},
	"rotated": false,
	"trimmed": false,
	"spriteSourceSize": {"x":0,"y":0,"w":18,"h":33},
	"sourceSize": {"w":18,"h":33}
},
"driver_corpse30000":
{
	"frame": {"x":406,"y":1260,"w":18,"h":33},
	"rotated": false,
	"trimmed": false,
	"spriteSourceSize": {"x":0,"y":0,"w":18,"h":33},
	"sourceSize": {"w":18,"h":33}
},
"driver_corpse40000":
{
	"frame": {"x":425,"y":1260,"w":38,"h":32},
	"rotated": false,
	"trimmed": false,
	"spriteSourceSize": {"x":0,"y":0,"w":38,"h":32},
	"sourceSize": {"w":38,"h":32}
},
"driver_forearm10000":
{
	"frame": {"x":464,"y":1260,"w":22,"h":10},
	"rotated": false,
	"trimmed": false,
	"spriteSourceSize": {"x":0,"y":0,"w":22,"h":10},
	"sourceSize": {"w":22,"h":10}
},
"driver_forearm20000":
{
	"frame": {"x":487,"y":1260,"w":22,"h":10},
	"rotated": false,
	"trimmed": false,
	"spriteSourceSize": {"x":0,"y":0,"w":22,"h":10},
	"sourceSize": {"w":22,"h":10}
},
"driver_forearm30000":
{
	"frame": {"x":510,"y":1260,"w":24,"h":9},
	"rotated": false,
	"trimmed": false,
	"spriteSourceSize": {"x":0,"y":0,"w":24,"h":9},
	"sourceSize": {"w":24,"h":9}
},
"driver_forearm40000":
{
	"frame": {"x":535,"y":1260,"w":21,"h":7},
	"rotated": false,
	"trimmed": false,
	"spriteSourceSize": {"x":0,"y":0,"w":21,"h":7},
	"sourceSize": {"w":21,"h":7}
},
"driver_head10000":
{
	"frame": {"x":557,"y":1260,"w":34,"h":27},
	"rotated": false,
	"trimmed": false,
	"spriteSourceSize": {"x":0,"y":0,"w":34,"h":27},
	"sourceSize": {"w":34,"h":27}
},
"driver_head20000":
{
	"frame": {"x":592,"y":1260,"w":33,"h":27},
	"rotated": false,
	"trimmed": false,
	"spriteSourceSize": {"x":0,"y":0,"w":33,"h":27},
	"sourceSize": {"w":33,"h":27}
},
"driver_head30000":
{
	"frame": {"x":626,"y":1260,"w":30,"h":28},
	"rotated": false,
	"trimmed": false,
	"spriteSourceSize": {"x":0,"y":0,"w":30,"h":28},
	"sourceSize": {"w":30,"h":28}
},
"driver_head40000":
{
	"frame": {"x":657,"y":1260,"w":29,"h":28},
	"rotated": false,
	"trimmed": false,
	"spriteSourceSize": {"x":0,"y":0,"w":29,"h":28},
	"sourceSize": {"w":29,"h":28}
},
"driver_hip10000":
{
	"frame": {"x":687,"y":1260,"w":20,"h":12},
	"rotated": false,
	"trimmed": false,
	"spriteSourceSize": {"x":0,"y":0,"w":20,"h":12},
	"sourceSize": {"w":20,"h":12}
},
"driver_hip20000":
{
	"frame": {"x":708,"y":1260,"w":20,"h":12},
	"rotated": false,
	"trimmed": false,
	"spriteSourceSize": {"x":0,"y":0,"w":20,"h":12},
	"sourceSize": {"w":20,"h":12}
},
"driver_hip30000":
{
	"frame": {"x":729,"y":1260,"w":21,"h":12},
	"rotated": false,
	"trimmed": false,
	"spriteSourceSize": {"x":0,"y":0,"w":21,"h":12},
	"sourceSize": {"w":21,"h":12}
},
"driver_hip40000":
{
	"frame": {"x":751,"y":1260,"w":17,"h":13},
	"rotated": false,
	"trimmed": false,
	"spriteSourceSize": {"x":0,"y":0,"w":17,"h":13},
	"sourceSize": {"w":17,"h":13}
},
"driver_shin10000":
{
	"frame": {"x":769,"y":1260,"w":20,"h":34},
	"rotated": false,
	"trimmed": false,
	"spriteSourceSize": {"x":0,"y":0,"w":20,"h":34},
	"sourceSize": {"w":20,"h":34}
},
"driver_shin20000":
{
	"frame": {"x":790,"y":1260,"w":20,"h":34},
	"rotated": false,
	"trimmed": false,
	"spriteSourceSize": {"x":0,"y":0,"w":20,"h":34},
	"sourceSize": {"w":20,"h":34}
},
"driver_shin30000":
{
	"frame": {"x":811,"y":1260,"w":19,"h":32},
	"rotated": false,
	"trimmed": false,
	"spriteSourceSize": {"x":0,"y":0,"w":19,"h":32},
	"sourceSize": {"w":19,"h":32}
},
"driver_shin40000":
{
	"frame": {"x":831,"y":1260,"w":19,"h":33},
	"rotated": false,
	"trimmed": false,
	"spriteSourceSize": {"x":0,"y":0,"w":19,"h":33},
	"sourceSize": {"w":19,"h":33}
},
"finish0000":
{
	"frame": {"x":851,"y":1260,"w":64,"h":64},
	"rotated": false,
	"trimmed": false,
	"spriteSourceSize": {"x":0,"y":0,"w":64,"h":64},
	"sourceSize": {"w":64,"h":64}
},
"ground_part_anim0000":
{
	"frame": {"x":916,"y":1260,"w":5,"h":5},
	"rotated": false,
	"trimmed": true,
	"spriteSourceSize": {"x":4,"y":4,"w":14,"h":14},
	"sourceSize": {"w":14,"h":14}
},
"ground_part_anim0001":
{
	"frame": {"x":916,"y":1260,"w":5,"h":5},
	"rotated": false,
	"trimmed": true,
	"spriteSourceSize": {"x":4,"y":4,"w":14,"h":14},
	"sourceSize": {"w":14,"h":14}
},
"ground_part_anim0002":
{
	"frame": {"x":922,"y":1260,"w":7,"h":7},
	"rotated": false,
	"trimmed": true,
	"spriteSourceSize": {"x":3,"y":3,"w":14,"h":14},
	"sourceSize": {"w":14,"h":14}
},
"ground_part_anim0003":
{
	"frame": {"x":922,"y":1260,"w":7,"h":7},
	"rotated": false,
	"trimmed": true,
	"spriteSourceSize": {"x":3,"y":3,"w":14,"h":14},
	"sourceSize": {"w":14,"h":14}
},
"ground_part_anim0004":
{
	"frame": {"x":930,"y":1260,"w":11,"h":11},
	"rotated": false,
	"trimmed": true,
	"spriteSourceSize": {"x":1,"y":1,"w":14,"h":14},
	"sourceSize": {"w":14,"h":14}
},
"ground_part_anim0005":
{
	"frame": {"x":930,"y":1260,"w":11,"h":11},
	"rotated": false,
	"trimmed": true,
	"spriteSourceSize": {"x":1,"y":1,"w":14,"h":14},
	"sourceSize": {"w":14,"h":14}
},
"ground_part_anim0006":
{
	"frame": {"x":942,"y":1260,"w":13,"h":13},
	"rotated": false,
	"trimmed": true,
	"spriteSourceSize": {"x":0,"y":0,"w":14,"h":14},
	"sourceSize": {"w":14,"h":14}
},
"ground_part_anim0007":
{
	"frame": {"x":942,"y":1260,"w":13,"h":13},
	"rotated": false,
	"trimmed": true,
	"spriteSourceSize": {"x":0,"y":0,"w":14,"h":14},
	"sourceSize": {"w":14,"h":14}
},
"ground_part_anim0008":
{
	"frame": {"x":956,"y":1260,"w":10,"h":10},
	"rotated": false,
	"trimmed": true,
	"spriteSourceSize": {"x":2,"y":2,"w":14,"h":14},
	"sourceSize": {"w":14,"h":14}
},
"ground_part_anim0009":
{
	"frame": {"x":956,"y":1260,"w":10,"h":10},
	"rotated": false,
	"trimmed": true,
	"spriteSourceSize": {"x":2,"y":2,"w":14,"h":14},
	"sourceSize": {"w":14,"h":14}
},
"ground_part_anim0010":
{
	"frame": {"x":967,"y":1260,"w":10,"h":10},
	"rotated": false,
	"trimmed": true,
	"spriteSourceSize": {"x":2,"y":2,"w":14,"h":14},
	"sourceSize": {"w":14,"h":14}
},
"ground_part_anim0011":
{
	"frame": {"x":967,"y":1260,"w":10,"h":10},
	"rotated": false,
	"trimmed": true,
	"spriteSourceSize": {"x":2,"y":2,"w":14,"h":14},
	"sourceSize": {"w":14,"h":14}
},
"ground_part_anim0012":
{
	"frame": {"x":978,"y":1260,"w":12,"h":12},
	"rotated": false,
	"trimmed": true,
	"spriteSourceSize": {"x":1,"y":1,"w":14,"h":14},
	"sourceSize": {"w":14,"h":14}
},
"ground_part_anim0013":
{
	"frame": {"x":978,"y":1260,"w":12,"h":12},
	"rotated": false,
	"trimmed": true,
	"spriteSourceSize": {"x":1,"y":1,"w":14,"h":14},
	"sourceSize": {"w":14,"h":14}
},
"ground_part_anim0014":
{
	"frame": {"x":991,"y":1260,"w":12,"h":12},
	"rotated": false,
	"trimmed": true,
	"spriteSourceSize": {"x":1,"y":1,"w":14,"h":14},
	"sourceSize": {"w":14,"h":14}
},
"ground_part_anim0015":
{
	"frame": {"x":991,"y":1260,"w":12,"h":12},
	"rotated": false,
	"trimmed": true,
	"spriteSourceSize": {"x":1,"y":1,"w":14,"h":14},
	"sourceSize": {"w":14,"h":14}
},
"ground_part_anim0016":
{
	"frame": {"x":1004,"y":1260,"w":14,"h":14},
	"rotated": false,
	"trimmed": false,
	"spriteSourceSize": {"x":0,"y":0,"w":14,"h":14},
	"sourceSize": {"w":14,"h":14}
},
"ground_part_anim0017":
{
	"frame": {"x":1004,"y":1260,"w":14,"h":14},
	"rotated": false,
	"trimmed": false,
	"spriteSourceSize": {"x":0,"y":0,"w":14,"h":14},
	"sourceSize": {"w":14,"h":14}
},
"ground_part_anim0018":
{
	"frame": {"x":1019,"y":1260,"w":12,"h":12},
	"rotated": false,
	"trimmed": true,
	"spriteSourceSize": {"x":1,"y":1,"w":14,"h":14},
	"sourceSize": {"w":14,"h":14}
},
"ground_part_anim0019":
{
	"frame": {"x":1019,"y":1260,"w":12,"h":12},
	"rotated": false,
	"trimmed": true,
	"spriteSourceSize": {"x":1,"y":1,"w":14,"h":14},
	"sourceSize": {"w":14,"h":14}
},
"ground_part_anim0020":
{
	"frame": {"x":1032,"y":1260,"w":12,"h":11},
	"rotated": false,
	"trimmed": true,
	"spriteSourceSize": {"x":1,"y":1,"w":14,"h":14},
	"sourceSize": {"w":14,"h":14}
},
"ground_part_anim0021":
{
	"frame": {"x":1032,"y":1260,"w":12,"h":11},
	"rotated": false,
	"trimmed": true,
	"spriteSourceSize": {"x":1,"y":1,"w":14,"h":14},
	"sourceSize": {"w":14,"h":14}
},
"ground_part_anim0022":
{
	"frame": {"x":1045,"y":1260,"w":10,"h":10},
	"rotated": false,
	"trimmed": true,
	"spriteSourceSize": {"x":2,"y":2,"w":14,"h":14},
	"sourceSize": {"w":14,"h":14}
},
"ground_part_anim0023":
{
	"frame": {"x":1045,"y":1260,"w":10,"h":10},
	"rotated": false,
	"trimmed": true,
	"spriteSourceSize": {"x":2,"y":2,"w":14,"h":14},
	"sourceSize": {"w":14,"h":14}
},
"ground_part_anim0024":
{
	"frame": {"x":1056,"y":1260,"w":8,"h":8},
	"rotated": false,
	"trimmed": true,
	"spriteSourceSize": {"x":3,"y":3,"w":14,"h":14},
	"sourceSize": {"w":14,"h":14}
},
"ground_part_anim0025":
{
	"frame": {"x":1056,"y":1260,"w":8,"h":8},
	"rotated": false,
	"trimmed": true,
	"spriteSourceSize": {"x":3,"y":3,"w":14,"h":14},
	"sourceSize": {"w":14,"h":14}
},
"ive_side0000":
{
	"frame": {"x":1065,"y":1260,"w":68,"h":48},
	"rotated": false,
	"trimmed": false,
	"spriteSourceSize": {"x":0,"y":0,"w":68,"h":48},
	"sourceSize": {"w":68,"h":48}
},
"line0000":
{
	"frame": {"x":1134,"y":1260,"w":30,"h":64},
	"rotated": false,
	"trimmed": false,
	"spriteSourceSize": {"x":0,"y":0,"w":30,"h":64},
	"sourceSize": {"w":30,"h":64}
},
"line_bg0000":
{
	"frame": {"x":1165,"y":1260,"w":30,"h":38},
	"rotated": false,
	"trimmed": false,
	"spriteSourceSize": {"x":0,"y":0,"w":30,"h":38},
	"sourceSize": {"w":30,"h":38}
},
"line_ivy0000":
{
	"frame": {"x":1196,"y":1260,"w":64,"h":49},
	"rotated": false,
	"trimmed": false,
	"spriteSourceSize": {"x":0,"y":0,"w":64,"h":49},
	"sourceSize": {"w":64,"h":49}
},
"line_metal0000":
{
	"frame": {"x":1261,"y":1260,"w":134,"h":32},
	"rotated": false,
	"trimmed": false,
	"spriteSourceSize": {"x":0,"y":0,"w":134,"h":32},
	"sourceSize": {"w":134,"h":32}
},
"line_metal_g0000":
{
	"frame": {"x":1396,"y":1260,"w":128,"h":64},
	"rotated": false,
	"trimmed": false,
	"spriteSourceSize": {"x":0,"y":0,"w":128,"h":64},
	"sourceSize": {"w":128,"h":64}
},
"line_rivet0000":
{
	"frame": {"x":1525,"y":1260,"w":64,"h":32},
	"rotated": false,
	"trimmed": false,
	"spriteSourceSize": {"x":0,"y":0,"w":64,"h":32},
	"sourceSize": {"w":64,"h":32}
},
"line_top10000":
{
	"frame": {"x":1590,"y":1260,"w":30,"h":38},
	"rotated": false,
	"trimmed": false,
	"spriteSourceSize": {"x":0,"y":0,"w":30,"h":38},
	"sourceSize": {"w":30,"h":38}
},
"line_wood0000":
{
	"frame": {"x":1621,"y":1260,"w":128,"h":32},
	"rotated": false,
	"trimmed": false,
	"spriteSourceSize": {"x":0,"y":0,"w":128,"h":32},
	"sourceSize": {"w":128,"h":32}
},
"pillar_metal0000":
{
	"frame": {"x":1750,"y":1260,"w":134,"h":32},
	"rotated": false,
	"trimmed": false,
	"spriteSourceSize": {"x":0,"y":0,"w":134,"h":32},
	"sourceSize": {"w":134,"h":32}
},
"smoke_part_anim0000":
{
	"frame": {"x":1885,"y":1260,"w":7,"h":7},
	"rotated": false,
	"trimmed": true,
	"spriteSourceSize": {"x":7,"y":6,"w":19,"h":19},
	"sourceSize": {"w":19,"h":19}
},
"smoke_part_anim0001":
{
	"frame": {"x":1893,"y":1260,"w":8,"h":8},
	"rotated": false,
	"trimmed": true,
	"spriteSourceSize": {"x":6,"y":6,"w":19,"h":19},
	"sourceSize": {"w":19,"h":19}
},
"smoke_part_anim0002":
{
	"frame": {"x":1902,"y":1260,"w":10,"h":9},
	"rotated": false,
	"trimmed": true,
	"spriteSourceSize": {"x":5,"y":6,"w":19,"h":19},
	"sourceSize": {"w":19,"h":19}
},
"smoke_part_anim0003":
{
	"frame": {"x":1913,"y":1260,"w":10,"h":10},
	"rotated": false,
	"trimmed": true,
	"spriteSourceSize": {"x":5,"y":5,"w":19,"h":19},
	"sourceSize": {"w":19,"h":19}
},
"smoke_part_anim0004":
{
	"frame": {"x":1924,"y":1260,"w":12,"h":11},
	"rotated": false,
	"trimmed": true,
	"spriteSourceSize": {"x":4,"y":5,"w":19,"h":19},
	"sourceSize": {"w":19,"h":19}
},
"smoke_part_anim0005":
{
	"frame": {"x":1937,"y":1260,"w":13,"h":11},
	"rotated": false,
	"trimmed": true,
	"spriteSourceSize": {"x":3,"y":5,"w":19,"h":19},
	"sourceSize": {"w":19,"h":19}
},
"smoke_part_anim0006":
{
	"frame": {"x":1951,"y":1260,"w":14,"h":13},
	"rotated": false,
	"trimmed": true,
	"spriteSourceSize": {"x":3,"y":4,"w":19,"h":19},
	"sourceSize": {"w":19,"h":19}
},
"smoke_part_anim0007":
{
	"frame": {"x":1966,"y":1260,"w":14,"h":13},
	"rotated": false,
	"trimmed": true,
	"spriteSourceSize": {"x":3,"y":4,"w":19,"h":19},
	"sourceSize": {"w":19,"h":19}
},
"smoke_part_anim0008":
{
	"frame": {"x":1981,"y":1260,"w":14,"h":15},
	"rotated": false,
	"trimmed": true,
	"spriteSourceSize": {"x":3,"y":3,"w":19,"h":19},
	"sourceSize": {"w":19,"h":19}
},
"smoke_part_anim0009":
{
	"frame": {"x":1996,"y":1260,"w":15,"h":16},
	"rotated": false,
	"trimmed": true,
	"spriteSourceSize": {"x":3,"y":2,"w":19,"h":19},
	"sourceSize": {"w":19,"h":19}
},
"smoke_part_anim0010":
{
	"frame": {"x":2012,"y":1260,"w":17,"h":17},
	"rotated": false,
	"trimmed": true,
	"spriteSourceSize": {"x":1,"y":1,"w":19,"h":19},
	"sourceSize": {"w":19,"h":19}
},
"smoke_part_anim0011":
{
	"frame": {"x":2030,"y":1260,"w":17,"h":19},
	"rotated": false,
	"trimmed": true,
	"spriteSourceSize": {"x":1,"y":0,"w":19,"h":19},
	"sourceSize": {"w":19,"h":19}
},
"smoke_part_anim0012":
{
	"frame": {"x":1,"y":1325,"w":18,"h":19},
	"rotated": false,
	"trimmed": true,
	"spriteSourceSize": {"x":0,"y":0,"w":19,"h":19},
	"sourceSize": {"w":19,"h":19}
},
"smoke_part_anim0013":
{
	"frame": {"x":20,"y":1325,"w":18,"h":19},
	"rotated": false,
	"trimmed": true,
	"spriteSourceSize": {"x":0,"y":0,"w":19,"h":19},
	"sourceSize": {"w":19,"h":19}
},
"smoke_part_anim0014":
{
	"frame": {"x":39,"y":1325,"w":19,"h":18},
	"rotated": false,
	"trimmed": true,
	"spriteSourceSize": {"x":0,"y":1,"w":19,"h":19},
	"sourceSize": {"w":19,"h":19}
},
"suspend_back10000":
{
	"frame": {"x":59,"y":1325,"w":36,"h":15},
	"rotated": false,
	"trimmed": false,
	"spriteSourceSize": {"x":0,"y":0,"w":36,"h":15},
	"sourceSize": {"w":36,"h":15}
},
"suspend_back30000":
{
	"frame": {"x":96,"y":1325,"w":37,"h":14},
	"rotated": false,
	"trimmed": false,
	"spriteSourceSize": {"x":0,"y":0,"w":37,"h":14},
	"sourceSize": {"w":37,"h":14}
},
"suspend_back40000":
{
	"frame": {"x":134,"y":1325,"w":28,"h":9},
	"rotated": false,
	"trimmed": false,
	"spriteSourceSize": {"x":0,"y":0,"w":28,"h":9},
	"sourceSize": {"w":28,"h":9}
},
"suspend_front10000":
{
	"frame": {"x":163,"y":1325,"w":25,"h":15},
	"rotated": false,
	"trimmed": false,
	"spriteSourceSize": {"x":0,"y":0,"w":25,"h":15},
	"sourceSize": {"w":25,"h":15}
},
"suspend_front20000":
{
	"frame": {"x":189,"y":1325,"w":26,"h":12},
	"rotated": false,
	"trimmed": false,
	"spriteSourceSize": {"x":0,"y":0,"w":26,"h":12},
	"sourceSize": {"w":26,"h":12}
},
"suspend_front30000":
{
	"frame": {"x":216,"y":1325,"w":39,"h":30},
	"rotated": false,
	"trimmed": false,
	"spriteSourceSize": {"x":0,"y":0,"w":39,"h":30},
	"sourceSize": {"w":39,"h":30}
},
"tile0000":
{
	"frame": {"x":256,"y":1325,"w":256,"h":256},
	"rotated": false,
	"trimmed": false,
	"spriteSourceSize": {"x":0,"y":0,"w":256,"h":256},
	"sourceSize": {"w":256,"h":256}
},
"tile_bg0000":
{
	"frame": {"x":513,"y":1325,"w":256,"h":256},
	"rotated": false,
	"trimmed": false,
	"spriteSourceSize": {"x":0,"y":0,"w":256,"h":256},
	"sourceSize": {"w":256,"h":256}
},
"tile_rivet0000":
{
	"frame": {"x":770,"y":1325,"w":256,"h":256},
	"rotated": false,
	"trimmed": false,
	"spriteSourceSize": {"x":0,"y":0,"w":256,"h":256},
	"sourceSize": {"w":256,"h":256}
},
"tile_rivet_bg0000":
{
	"frame": {"x":1027,"y":1325,"w":256,"h":256},
	"rotated": false,
	"trimmed": false,
	"spriteSourceSize": {"x":0,"y":0,"w":256,"h":256},
	"sourceSize": {"w":256,"h":256}
},
"tile_saw0000":
{
	"frame": {"x":1284,"y":1325,"w":256,"h":256},
	"rotated": false,
	"trimmed": false,
	"spriteSourceSize": {"x":0,"y":0,"w":256,"h":256},
	"sourceSize": {"w":256,"h":256}
}},
"meta": {
	"app": "Adobe Flash CS6",
	"version": "12.0.2.529",
	"image": "theme2.png",
	"format": "RGBA8888",
	"size": {"w":2048,"h":2048},
	"scale": "1"
}
}
