{"meta":{"image":"parts.png"},"frames":{"menu/upgrades/parts/turret.png":{"frame":{"x":0,"y":0,"w":94,"h":90},"sourceSize":{"w":94,"h":90}},"menu/upgrades/parts/speed.png":{"frame":{"x":96,"y":0,"w":93,"h":90},"sourceSize":{"w":93,"h":90}},"menu/upgrades/parts/sight.png":{"frame":{"x":191,"y":0,"w":93,"h":90},"sourceSize":{"w":93,"h":90}},"menu/upgrades/parts/shotgun.png":{"frame":{"x":286,"y":0,"w":90,"h":90},"sourceSize":{"w":90,"h":90}},"menu/upgrades/parts/shock.png":{"frame":{"x":378,"y":0,"w":90,"h":90},"sourceSize":{"w":90,"h":90}},"menu/upgrades/parts/rockets.png":{"frame":{"x":470,"y":0,"w":90,"h":90},"sourceSize":{"w":90,"h":90}},"menu/upgrades/parts/ricochet.png":{"frame":{"x":562,"y":0,"w":90,"h":90},"sourceSize":{"w":90,"h":90}},"menu/upgrades/parts/railgun.png":{"frame":{"x":654,"y":0,"w":90,"h":90},"sourceSize":{"w":90,"h":90}},"menu/upgrades/parts/minigun.png":{"frame":{"x":746,"y":0,"w":90,"h":90},"sourceSize":{"w":90,"h":90}},"menu/upgrades/parts/mines.png":{"frame":{"x":838,"y":0,"w":90,"h":90},"sourceSize":{"w":90,"h":90}},"menu/upgrades/parts/laser.png":{"frame":{"x":930,"y":0,"w":90,"h":90},"sourceSize":{"w":90,"h":90}},"menu/upgrades/parts/flamethrower.png":{"frame":{"x":0,"y":92,"w":90,"h":90},"sourceSize":{"w":90,"h":90}},"menu/upgrades/parts/cannon.png":{"frame":{"x":92,"y":92,"w":90,"h":90},"sourceSize":{"w":90,"h":90}},"menu/upgrades/parts/armor.png":{"frame":{"x":184,"y":92,"w":93,"h":90},"sourceSize":{"w":93,"h":90}},"menu/upgrades/parts/achievements/gotcha.png":{"frame":{"x":279,"y":92,"w":70,"h":82},"sourceSize":{"w":70,"h":82}},"menu/upgrades/parts/achievements/ultracombo.png":{"frame":{"x":351,"y":92,"w":70,"h":81},"sourceSize":{"w":70,"h":81}},"menu/upgrades/parts/achievements/gotcha_disabled.png":{"frame":{"x":423,"y":92,"w":70,"h":81},"sourceSize":{"w":70,"h":81}},"menu/upgrades/parts/achievements/destroyer.png":{"frame":{"x":495,"y":92,"w":71,"h":81},"sourceSize":{"w":71,"h":81}},"menu/upgrades/parts/achievements/treasurer.png":{"frame":{"x":568,"y":92,"w":70,"h":80},"sourceSize":{"w":70,"h":80}},"menu/upgrades/parts/achievements/dodger.png":{"frame":{"x":640,"y":92,"w":70,"h":80},"sourceSize":{"w":70,"h":80}},"menu/upgrades/parts/achievements/destroyer_disabled.png":{"frame":{"x":712,"y":92,"w":70,"h":80},"sourceSize":{"w":70,"h":80}},"menu/upgrades/parts/frame.png":{"frame":{"x":784,"y":92,"w":93,"h":79},"sourceSize":{"w":93,"h":79}},"menu/upgrades/parts/achievements/ultracombo_disabled.png":{"frame":{"x":879,"y":92,"w":70,"h":79},"sourceSize":{"w":70,"h":79}},"menu/upgrades/parts/achievements/treasurer_disabled.png":{"frame":{"x":951,"y":92,"w":71,"h":79},"sourceSize":{"w":71,"h":79}},"menu/upgrades/parts/achievements/nailed.png":{"frame":{"x":0,"y":184,"w":71,"h":79},"sourceSize":{"w":71,"h":79}},"menu/upgrades/parts/achievements/dodger_disabled.png":{"frame":{"x":73,"y":184,"w":71,"h":79},"sourceSize":{"w":71,"h":79}},"menu/upgrades/parts/achievements/survivor.png":{"frame":{"x":146,"y":184,"w":71,"h":78},"sourceSize":{"w":71,"h":78}},"menu/upgrades/parts/achievements/hunter.png":{"frame":{"x":219,"y":184,"w":71,"h":78},"sourceSize":{"w":71,"h":78}},"menu/upgrades/parts/achievements/fired.png":{"frame":{"x":292,"y":184,"w":71,"h":78},"sourceSize":{"w":71,"h":78}},"menu/upgrades/parts/achievements/nailed_disabled.png":{"frame":{"x":365,"y":184,"w":70,"h":77},"sourceSize":{"w":70,"h":77}},"menu/upgrades/parts/achievements/fired_disabled.png":{"frame":{"x":437,"y":184,"w":70,"h":77},"sourceSize":{"w":70,"h":77}},"menu/upgrades/parts/achievements/survivor_disabled.png":{"frame":{"x":509,"y":184,"w":70,"h":76},"sourceSize":{"w":70,"h":76}},"menu/upgrades/parts/achievements/hunter_disabled.png":{"frame":{"x":581,"y":184,"w":71,"h":76},"sourceSize":{"w":71,"h":76}},"menu/upgrades/parts/ammo_big.png":{"frame":{"x":654,"y":184,"w":22,"h":71},"sourceSize":{"w":22,"h":71}},"menu/upgrades/parts/ammo_refill_hint_touch.png":{"frame":{"x":678,"y":184,"w":91,"h":66},"sourceSize":{"w":91,"h":66}},"menu/upgrades/parts/ammo_refill_hint_mouse.png":{"frame":{"x":771,"y":184,"w":91,"h":66},"sourceSize":{"w":91,"h":66}},"menu/upgrades/parts/mines_icon.png":{"frame":{"x":864,"y":184,"w":75,"h":58},"sourceSize":{"w":75,"h":58}},"menu/upgrades/parts/buttons/x_normal.png":{"frame":{"x":941,"y":184,"w":51,"h":51},"sourceSize":{"w":51,"h":51}},"menu/upgrades/parts/ammo_small.png":{"frame":{"x":994,"y":184,"w":12,"h":48},"sourceSize":{"w":12,"h":48}},"menu/upgrades/parts/ammo_bar.png":{"frame":{"x":1008,"y":184,"w":10,"h":45},"sourceSize":{"w":10,"h":45}},"menu/upgrades/parts/achievements/ultracombo_hint.png":{"frame":{"x":0,"y":265,"w":212,"h":58},"sourceSize":{"w":212,"h":58}},"menu/upgrades/parts/achievements/treasurer_hint.png":{"frame":{"x":214,"y":265,"w":212,"h":58},"sourceSize":{"w":212,"h":58}},"menu/upgrades/parts/achievements/survivor_hint.png":{"frame":{"x":428,"y":265,"w":212,"h":58},"sourceSize":{"w":212,"h":58}},"menu/upgrades/parts/achievements/nailed_hint.png":{"frame":{"x":642,"y":265,"w":212,"h":58},"sourceSize":{"w":212,"h":58}},"menu/upgrades/parts/buttons/play_normal.png":{"frame":{"x":856,"y":265,"w":113,"h":56},"sourceSize":{"w":113,"h":56}},"menu/upgrades/parts/buttons/x_hover.png":{"frame":{"x":971,"y":265,"w":51,"h":51},"sourceSize":{"w":51,"h":51}},"menu/upgrades/parts/achievements/hunter_hint.png":{"frame":{"x":0,"y":325,"w":212,"h":58},"sourceSize":{"w":212,"h":58}},"menu/upgrades/parts/achievements/gotcha_hint.png":{"frame":{"x":214,"y":325,"w":212,"h":58},"sourceSize":{"w":212,"h":58}},"menu/upgrades/parts/achievements/fired_hint.png":{"frame":{"x":428,"y":325,"w":212,"h":58},"sourceSize":{"w":212,"h":58}},"menu/upgrades/parts/achievements/dodger_hint.png":{"frame":{"x":642,"y":325,"w":212,"h":58},"sourceSize":{"w":212,"h":58}},"menu/upgrades/parts/buttons/play_hover.png":{"frame":{"x":856,"y":325,"w":113,"h":56},"sourceSize":{"w":113,"h":56}},"menu/upgrades/parts/buttons/music_normal.png":{"frame":{"x":971,"y":325,"w":32,"h":35},"sourceSize":{"w":32,"h":35}},"menu/upgrades/parts/buttons/on.png":{"frame":{"x":1005,"y":325,"w":15,"h":14},"sourceSize":{"w":15,"h":14}},"menu/upgrades/parts/buttons/off.png":{"frame":{"x":1005,"y":341,"w":15,"h":14},"sourceSize":{"w":15,"h":14}},"menu/upgrades/parts/laser_label.png":{"frame":{"x":971,"y":362,"w":41,"h":13},"sourceSize":{"w":41,"h":13}},"menu/upgrades/parts/achievements/destroyer_hint.png":{"frame":{"x":0,"y":385,"w":212,"h":58},"sourceSize":{"w":212,"h":58}},"menu/upgrades/parts/buttons/play_down.png":{"frame":{"x":214,"y":385,"w":113,"h":56},"sourceSize":{"w":113,"h":56}},"menu/upgrades/parts/buttons/upgrade_normal.png":{"frame":{"x":329,"y":385,"w":123,"h":55},"sourceSize":{"w":123,"h":55}},"menu/upgrades/parts/buttons/upgrade_hover.png":{"frame":{"x":454,"y":385,"w":123,"h":55},"sourceSize":{"w":123,"h":55}},"menu/upgrades/parts/buttons/upgrade_down.png":{"frame":{"x":579,"y":385,"w":123,"h":55},"sourceSize":{"w":123,"h":55}},"menu/upgrades/parts/buttons/stats_normal.png":{"frame":{"x":704,"y":385,"w":129,"h":55},"sourceSize":{"w":129,"h":55}},"menu/upgrades/parts/buttons/stats_hover.png":{"frame":{"x":835,"y":385,"w":129,"h":55},"sourceSize":{"w":129,"h":55}},"menu/upgrades/parts/buttons/music_hover.png":{"frame":{"x":966,"y":385,"w":32,"h":35},"sourceSize":{"w":32,"h":35}},"menu/upgrades/parts/cannon_label.png":{"frame":{"x":966,"y":422,"w":56,"h":13},"sourceSize":{"w":56,"h":13}},"menu/upgrades/parts/buttons/stats_down.png":{"frame":{"x":0,"y":445,"w":129,"h":55},"sourceSize":{"w":129,"h":55}},"menu/upgrades/parts/buttons/refill_normal.png":{"frame":{"x":131,"y":445,"w":123,"h":55},"sourceSize":{"w":123,"h":55}},"menu/upgrades/parts/buttons/refill_hover.png":{"frame":{"x":256,"y":445,"w":123,"h":55},"sourceSize":{"w":123,"h":55}},"menu/upgrades/parts/buttons/refill_down.png":{"frame":{"x":381,"y":445,"w":123,"h":55},"sourceSize":{"w":123,"h":55}},"menu/upgrades/parts/buttons/menu_normal.png":{"frame":{"x":506,"y":445,"w":124,"h":55},"sourceSize":{"w":124,"h":55}},"menu/upgrades/parts/buttons/menu_hover.png":{"frame":{"x":632,"y":445,"w":124,"h":55},"sourceSize":{"w":124,"h":55}},"menu/upgrades/parts/buttons/menu_down.png":{"frame":{"x":758,"y":445,"w":124,"h":55},"sourceSize":{"w":124,"h":55}},"menu/upgrades/parts/buttons/buy_normal.png":{"frame":{"x":884,"y":445,"w":123,"h":55},"sourceSize":{"w":123,"h":55}},"menu/upgrades/parts/buttons/medium_normal.png":{"frame":{"x":0,"y":502,"w":209,"h":55},"sourceSize":{"w":209,"h":55}},"menu/upgrades/parts/buttons/medium_hover.png":{"frame":{"x":211,"y":502,"w":209,"h":55},"sourceSize":{"w":209,"h":55}},"menu/upgrades/parts/buttons/medium_down.png":{"frame":{"x":422,"y":502,"w":209,"h":55},"sourceSize":{"w":209,"h":55}},"menu/upgrades/parts/buttons/hard_normal.png":{"frame":{"x":633,"y":502,"w":209,"h":55},"sourceSize":{"w":209,"h":55}},"menu/upgrades/parts/buttons/buy_hover.png":{"frame":{"x":844,"y":502,"w":123,"h":55},"sourceSize":{"w":123,"h":55}},"menu/upgrades/parts/buttons/sound_normal.png":{"frame":{"x":969,"y":502,"w":32,"h":33},"sourceSize":{"w":32,"h":33}},"menu/upgrades/parts/buttons/hard_hover.png":{"frame":{"x":0,"y":559,"w":209,"h":55},"sourceSize":{"w":209,"h":55}},"menu/upgrades/parts/buttons/hard_down.png":{"frame":{"x":211,"y":559,"w":209,"h":55},"sourceSize":{"w":209,"h":55}},"menu/upgrades/parts/buttons/easy_normal.png":{"frame":{"x":422,"y":559,"w":209,"h":55},"sourceSize":{"w":209,"h":55}},"menu/upgrades/parts/buttons/easy_hover.png":{"frame":{"x":633,"y":559,"w":209,"h":55},"sourceSize":{"w":209,"h":55}},"menu/upgrades/parts/buttons/buy_down.png":{"frame":{"x":844,"y":559,"w":123,"h":55},"sourceSize":{"w":123,"h":55}},"menu/upgrades/parts/buttons/sound_hover.png":{"frame":{"x":969,"y":559,"w":32,"h":33},"sourceSize":{"w":32,"h":33}},"menu/upgrades/parts/buttons/easy_down.png":{"frame":{"x":0,"y":616,"w":209,"h":55},"sourceSize":{"w":209,"h":55}},"menu/upgrades/parts/buttons/difficulty_normal.png":{"frame":{"x":211,"y":616,"w":156,"h":54},"sourceSize":{"w":156,"h":54}},"menu/upgrades/parts/buttons/difficulty_hover.png":{"frame":{"x":369,"y":616,"w":156,"h":54},"sourceSize":{"w":156,"h":54}},"menu/upgrades/parts/buttons/difficulty_down.png":{"frame":{"x":527,"y":616,"w":156,"h":54},"sourceSize":{"w":156,"h":54}},"menu/upgrades/parts/tab_weapons_active.png":{"frame":{"x":685,"y":616,"w":290,"h":53},"sourceSize":{"w":290,"h":53}},"menu/upgrades/parts/tab_weapons.png":{"frame":{"x":0,"y":673,"w":290,"h":53},"sourceSize":{"w":290,"h":53}},"menu/upgrades/parts/tab_performance_active.png":{"frame":{"x":292,"y":673,"w":291,"h":53},"sourceSize":{"w":291,"h":53}},"menu/upgrades/parts/tab_performance.png":{"frame":{"x":585,"y":673,"w":291,"h":53},"sourceSize":{"w":291,"h":53}},"menu/upgrades/parts/check.png":{"frame":{"x":878,"y":673,"w":64,"h":50},"sourceSize":{"w":64,"h":50}},"menu/upgrades/parts/gauge_5.png":{"frame":{"x":944,"y":673,"w":71,"h":41},"sourceSize":{"w":71,"h":41}},"menu/upgrades/parts/gauge_4.png":{"frame":{"x":0,"y":728,"w":71,"h":41},"sourceSize":{"w":71,"h":41}},"menu/upgrades/parts/gauge_3.png":{"frame":{"x":73,"y":728,"w":71,"h":41},"sourceSize":{"w":71,"h":41}},"menu/upgrades/parts/gauge_2.png":{"frame":{"x":146,"y":728,"w":71,"h":41},"sourceSize":{"w":71,"h":41}},"menu/upgrades/parts/gauge_1.png":{"frame":{"x":219,"y":728,"w":71,"h":41},"sourceSize":{"w":71,"h":41}},"menu/upgrades/parts/gauge_0.png":{"frame":{"x":292,"y":728,"w":71,"h":41},"sourceSize":{"w":71,"h":41}},"menu/upgrades/parts/shotgun_label.png":{"frame":{"x":365,"y":728,"w":62,"h":16},"sourceSize":{"w":62,"h":16}},"menu/upgrades/parts/minigun_label.png":{"frame":{"x":429,"y":728,"w":59,"h":16},"sourceSize":{"w":59,"h":16}},"menu/upgrades/parts/rockets_label.png":{"frame":{"x":490,"y":728,"w":61,"h":13},"sourceSize":{"w":61,"h":13}},"menu/upgrades/parts/ricochet_label.png":{"frame":{"x":553,"y":728,"w":66,"h":13},"sourceSize":{"w":66,"h":13}}}}