{"name":"bikes_skeleton","imagePath":"bikes_texture.png","SubTexture":[{"name":"wheel","x":42,"height":38,"width":38,"y":54},{"name":"supend_back0","x":42,"height":23,"width":34,"y":94},{"name":"suspend_front0","x":0,"height":4,"width":26,"y":137},{"name":"base","x":0,"height":53,"width":107,"y":0},{"name":"driver_corpse","x":82,"height":37,"width":25,"y":54},{"name":"driver_shin","x":185,"height":22,"width":17,"y":97},{"name":"drive_hip","x":0,"height":41,"width":41,"y":54},{"name":"driver_arm","x":129,"height":10,"width":19,"y":129},{"name":"driver_forearm","x":69,"height":12,"width":22,"y":126},{"name":"driver_head","x":203,"height":33,"width":40,"y":85},{"name":"dust1","x":27,"height":12,"width":14,"y":137},{"name":"dust2","x":133,"height":16,"width":18,"y":99},{"name":"dust3","x":104,"height":20,"width":24,"y":122},{"name":"dust4","x":42,"height":23,"width":26,"y":118},{"name":"dust5","x":154,"height":24,"width":26,"y":119},{"name":"dust6","x":203,"height":24,"width":26,"y":119},{"name":"dust7","x":104,"height":22,"width":28,"y":99},{"name":"dust8","x":155,"height":21,"width":29,"y":97},{"name":"dust9","x":0,"height":16,"width":31,"y":120},{"name":"dust10","x":203,"height":8,"width":7,"y":53},{"name":"wheel1","x":215,"height":40,"width":40,"y":0},{"name":"suspend_front","x":155,"height":43,"width":47,"y":53},{"name":"supend_back1","x":0,"height":23,"width":41,"y":96},{"name":"base1","x":108,"height":52,"width":106,"y":0},{"name":"drive_hip1","x":181,"height":16,"width":16,"y":121},{"name":"driver_corpse1","x":215,"height":43,"width":36,"y":41},{"name":"driver_shin1","x":82,"height":33,"width":21,"y":92},{"name":"driver_arm1","x":230,"height":23,"width":23,"y":119},{"name":"driver_forearm1","x":133,"height":12,"width":20,"y":116},{"name":"driver_head1","x":108,"height":45,"width":46,"y":53}]}