{"layers":[[{"params":{"x":13370,"rotation":0,"y":2090,"vertices":[{"x":0,"y":0,"length":0},{"x":4865,"y":0,"length":4865},{"x":4870,"y":470,"length":4892.627106166992},{"x":5,"y":470,"length":470.02659499224086}]},"className":"frg.game.editor.objects::FinishShaper"},{"params":{"x":13380,"bg":true,"rotation":0,"y":2120,"vertices":[{"x":0,"y":0,"length":0},{"x":4800,"y":5,"length":4800.00260416596},{"x":4795,"y":315,"length":4805.335576211093},{"x":-5,"y":310,"length":310.0403199585499}],"viscosity":1.5,"id":-1,"sf":true,"density":1.5},"className":"frg.game.editor.objects::WaterShaper"},{"params":{"x":11480,"bg":true,"rotation":0,"y":1080,"vertices":[{"x":-805,"y":0,"length":805},{"x":100,"y":0,"length":100},{"x":105,"y":285,"length":303.7268509697488},{"x":-800,"y":285,"length":849.2496688253697}],"viscosity":1.5,"id":-1,"sf":true,"density":1.5},"className":"frg.game.editor.objects::WaterShaper"},{"params":{"x":7583,"rotation":0,"physic":true,"line":true,"plr":false,"id":-1,"graphic":true,"density":0.1,"isWheel":false,"isStatic":false,"ignore":false,"layer":8,"rem":true,"safeId":-1,"vertices":[{"x":150,"y":0,"length":150},{"x":144,"y":38,"length":148.92951352905172},{"x":129,"y":74,"length":148.71785366928881},{"x":106,"y":106,"length":149.90663761154806},{"x":75,"y":129,"length":149.21796138535066},{"x":38,"y":144,"length":148.92951352905172},{"x":0,"y":150,"length":150},{"x":-38,"y":144,"length":148.92951352905172},{"x":-74,"y":129,"length":148.71785366928881},{"x":-106,"y":106,"length":149.90663761154806},{"x":-129,"y":74,"length":148.71785366928881},{"x":-144,"y":38,"length":148.92951352905172},{"x":-150,"y":0,"length":150},{"x":-144,"y":-38,"length":148.92951352905172},{"x":-129,"y":-75,"length":149.21796138535066},{"x":-106,"y":-106,"length":149.90663761154806},{"x":-75,"y":-129,"length":149.21796138535066},{"x":-38,"y":-144,"length":148.92951352905172},{"x":0,"y":-150,"length":150},{"x":38,"y":-144,"length":148.92951352905172},{"x":75,"y":-129,"length":149.21796138535066},{"x":106,"y":-106,"length":149.90663761154806},{"x":129,"y":-75,"length":149.21796138535066},{"x":144,"y":-38,"length":148.92951352905172}],"y":1182},"className":"frg.game.editor.objects::LandscapeShaper"},{"params":{"x":6750,"bg":true,"rotation":0,"y":1190,"vertices":[{"x":0,"y":0,"length":0},{"x":2175,"y":0,"length":2175},{"x":2180,"y":480,"length":2232.2186272854187},{"x":5,"y":480,"length":480.02604096027954}],"viscosity":1.5,"id":-1,"sf":true,"density":2.5},"className":"frg.game.editor.objects::WaterShaper"},{"params":{"stretchTexture":false,"x":5140,"rotation":0,"y":1790,"originOffsetRatio":0,"repeatTexture":true,"textureOffset":0,"snapToGrid":true,"height":343,"wireframe":false,"width":783,"vertices":[{"x":0,"y":0,"length":0},{"x":115,"y":-330,"length":349.4638751001311},{"x":770,"y":-320,"length":833.8465086573187}],"textureMode":true,"smoothing":true,"straightSides":true,"type":0},"className":"frg.game.editor.objects::PillarPather"},{"params":{"x":4960,"bg":true,"rotation":0,"y":1572,"vertices":[{"x":0,"y":0,"length":0},{"x":560,"y":0,"length":560},{"x":560,"y":200,"length":594.6427498927402},{"x":0,"y":200,"length":200}],"viscosity":1.5,"id":-1,"sf":true,"density":1.5},"className":"frg.game.editor.objects::WaterShaper"},{"params":{"stretchTexture":false,"x":4880,"rotation":0,"y":1580,"originOffsetRatio":0,"repeatTexture":true,"textureOffset":0,"snapToGrid":true,"height":343,"wireframe":false,"width":783,"vertices":[{"x":0,"y":0,"length":0},{"x":115,"y":-330,"length":349.4638751001311},{"x":770,"y":-320,"length":833.8465086573187}],"textureMode":true,"smoothing":true,"straightSides":true,"type":0},"className":"frg.game.editor.objects::PillarPather"},{"params":{"x":110,"physic":true,"lineId":0,"y":580,"height":1998.35,"isRoad":true,"direction":90,"width":5843,"textureMode":true,"cameraOffsetY":100,"straightSides":true,"directed":true,"originOffsetRatio":0,"thick":128,"stretchTexture":false,"camera":false,"rotation":0,"repeatTexture":true,"textureOffset":0,"snapToGrid":false,"line":true,"wireframe":false,"vertices":[{"x":0,"y":0,"length":0},{"x":937,"y":-1,"length":937.0005336177776},{"x":992,"y":-1,"length":992.00050403213},{"x":1047,"y":-11,"length":1047.0577825507053},{"x":1103,"y":-34,"length":1103.5239009645418},{"x":1154,"y":-79,"length":1156.7009120771022},{"x":1204,"y":-149,"length":1213.1846520624963},{"x":1291,"y":-356,"length":1339.1852000376946},{"x":1317,"y":-393,"length":1374.3864085474652},{"x":1340,"y":-414,"length":1402.4963458062912},{"x":1366,"y":-432,"length":1432.6827981098957},{"x":1395,"y":-447,"length":1464.8665468226106},{"x":1427,"y":-459,"length":1499.0030019983283},{"x":1460,"y":-464,"length":1531.9582239734868},{"x":1497,"y":-463,"length":1566.9645816035536},{"x":1535,"y":-456,"length":1601.2997845500386},{"x":1572,"y":-443,"length":1633.2277857053498},{"x":1603,"y":-424,"length":1658.1269553324316},{"x":1635,"y":-396,"length":1682.2725700670508},{"x":1661,"y":-372,"length":1702.1471734253769},{"x":1686,"y":-349,"length":1721.7424313758431},{"x":1719,"y":-330,"length":1750.388813949632},{"x":1758,"y":-319,"length":1786.7078664403982},{"x":1793,"y":-316,"length":1820.633131633059},{"x":1827,"y":-318,"length":1854.4683874361406},{"x":1861,"y":-325,"length":1889.1654242019147},{"x":1895,"y":-340,"length":1925.259722738727},{"x":1924,"y":-358,"length":1957.0232497341467},{"x":1952,"y":-382,"length":1989.02689775679},{"x":1978,"y":-415,"length":2021.066302722402},{"x":1993,"y":-444,"length":2041.8582223063383},{"x":2096,"y":-661,"length":2197.7572659418056},{"x":2119,"y":-709,"length":2234.466826784412},{"x":2143,"y":-739,"length":2266.841414832542},{"x":2187,"y":-768,"length":2317.928601143702},{"x":2233,"y":-781,"length":2365.6394484367224},{"x":2278,"y":-785,"length":2409.46238816878},{"x":2321,"y":-782,"length":2449.196807118611},{"x":2367,"y":-768,"length":2488.4760396676515},{"x":2407,"y":-741,"length":2518.477714811072},{"x":2443,"y":-708,"length":2543.5237368658463},{"x":4070,"y":1019,"length":4195.624029867309},{"x":4116,"y":1058,"length":4249.802348345156},{"x":4170,"y":1092,"length":4310.6106295976215},{"x":4223,"y":1118,"length":4368.484062005949},{"x":4287,"y":1138,"length":4435.472128195599},{"x":4358,"y":1148,"length":4506.6692800781375},{"x":4434,"y":1147,"length":4579.952510670826},{"x":4505,"y":1135,"length":4645.777652880086},{"x":4574,"y":1112,"length":4707.2306083301255},{"x":4639,"y":1072,"length":4761.250360987122},{"x":4694,"y":1026,"length":4804.82174487254},{"x":4735,"y":1000,"length":4839.444699549733},{"x":4786,"y":988,"length":4886.915182402903},{"x":4844,"y":988,"length":4943.731384288592},{"x":4884,"y":1002,"length":4985.725624219608},{"x":4922,"y":1036,"length":5029.8489042912615},{"x":4955,"y":1070,"length":5069.2134498361775},{"x":4997,"y":1102,"length":5117.070744087871},{"x":5038,"y":1128,"length":5162.7345467300565},{"x":5079,"y":1139,"length":5205.147644399724},{"x":5134,"y":1149,"length":5261.003421401662},{"x":5198,"y":1143,"length":5322.184983632193},{"x":5254,"y":1129,"length":5373.933103416901},{"x":5305,"y":1098,"length":5417.437493871064},{"x":5344,"y":1067,"length":5449.479332927138},{"x":5379,"y":1018,"length":5474.483080620489},{"x":5407,"y":964,"length":5492.26228434149},{"x":5419,"y":919,"length":5496.373531702517},{"x":5418,"y":828,"length":5480.9039400449265},{"x":5442,"y":775,"length":5496.907221338195},{"x":5480,"y":729,"length":5528.276494532451},{"x":5540,"y":673,"length":5580.728357481665},{"x":5614,"y":634,"length":5649.686008974304},{"x":5670,"y":615,"length":5703.2556491884525},{"x":5738,"y":605,"length":5769.806669204783},{"x":5830,"y":606,"length":5861.410751687686}],"smoothing":true,"shape":true},"className":"frg.game.editor.objects::GroundPather"},{"params":{"x":3065,"rotation":33,"physic":true,"line":true,"plr":false,"id":-1,"graphic":false,"density":1,"isWheel":false,"isStatic":true,"ignore":false,"layer":0,"rem":true,"safeId":-1,"vertices":[{"x":0,"y":0,"length":0},{"x":175,"y":0,"length":175},{"x":145,"y":15,"length":145.7737973711325},{"x":175,"y":30,"length":177.55280904564702},{"x":0,"y":30,"length":30},{"x":-40,"y":15,"length":42.720018726587654}],"y":413},"className":"frg.game.editor.objects::LandscapeShaper"},{"params":{"x":5858,"physic":true,"lineId":0,"y":1186,"height":3313.9,"isRoad":true,"direction":90,"width":12466.4,"textureMode":true,"cameraOffsetY":120,"straightSides":true,"directed":true,"originOffsetRatio":0,"thick":128,"stretchTexture":false,"camera":false,"rotation":0,"repeatTexture":true,"textureOffset":0,"snapToGrid":false,"line":true,"wireframe":false,"vertices":[{"x":75,"y":0,"length":75},{"x":899,"y":5,"length":899.0139042306298},{"x":922,"y":48,"length":923.2486122383287},{"x":959,"y":98,"length":963.9942945889254},{"x":1005,"y":147,"length":1015.6938515123541},{"x":1046,"y":191,"length":1063.2953493738228},{"x":1092,"y":230,"length":1115.958780600789},{"x":1145,"y":262,"length":1174.5931210423464},{"x":1201,"y":286,"length":1234.5837355157405},{"x":1261,"y":303,"length":1296.892439641777},{"x":1327,"y":311,"length":1362.956345595852},{"x":1395,"y":309,"length":1428.8127938956873},{"x":1456,"y":298,"length":1486.1830304508258},{"x":1516,"y":283,"length":1542.1883801922513},{"x":1579,"y":268,"length":1601.5820303687226},{"x":1663,"y":253,"length":1682.1349529689942},{"x":1740,"y":242,"length":1756.7481322033616},{"x":1823,"y":235,"length":1838.084328859805},{"x":1920,"y":235,"length":1934.3280487032182},{"x":2012,"y":239,"length":2026.145355101652},{"x":2115,"y":248,"length":2129.4903146058214},{"x":2209,"y":255,"length":2223.6694898298174},{"x":2313,"y":259,"length":2327.4556923817045},{"x":2435,"y":260,"length":2448.8415628619177},{"x":2550,"y":258,"length":2563.0185329021715},{"x":2636,"y":229,"length":2645.928381494858},{"x":2689,"y":178,"length":2694.884969715776},{"x":2749,"y":104,"length":2750.96655741214},{"x":2791,"y":44,"length":2791.3468075464934},{"x":2839,"y":20,"length":2839.0704464665896},{"x":2921,"y":14,"length":2921.033549961383},{"x":3057,"y":0,"length":3057},{"x":3106,"y":-12,"length":3106.0231808536137},{"x":3110,"y":-38,"length":3110.2321456765894},{"x":3129,"y":-48,"length":3129.368147086565},{"x":4323,"y":-48,"length":4323.26647339717},{"x":4395,"y":-58,"length":4395.38269096105},{"x":4457,"y":-79,"length":4457.7000796374805},{"x":4517,"y":-105,"length":4518.220224823044},{"x":4569,"y":-138,"length":4571.0835695707865},{"x":4619,"y":-179,"length":4622.467090201941},{"x":4661,"y":-222,"length":4666.283853346258},{"x":4703,"y":-276,"length":4711.091699383488},{"x":4737,"y":-332,"length":4748.6201153598295},{"x":4757,"y":-381,"length":4772.23322984114},{"x":4772,"y":-427,"length":4791.065956548709},{"x":4780,"y":-477,"length":4803.741146231758},{"x":4815,"y":-506,"length":4841.514329215602},{"x":4861,"y":-496,"length":4886.239556141308},{"x":4875,"y":-453,"length":4896.001838234949},{"x":4897,"y":-71,"length":4897.514675833039},{"x":4941,"y":-9,"length":4941.008196714512},{"x":4995,"y":32,"length":4995.102501450796},{"x":5068,"y":48,"length":5068.227303505635},{"x":5481,"y":130,"length":5482.541472711356},{"x":5550,"y":121,"length":5551.318852308882},{"x":5597,"y":79,"length":5597.557503054346},{"x":5679,"y":-87,"length":5679.666363440726},{"x":5706,"y":-122,"length":5707.304092126159},{"x":5744,"y":-130,"length":5745.470911944468},{"x":5784,"y":-102,"length":5784.899307680299},{"x":5802,"y":-70,"length":5802.4222528182145},{"x":5806,"y":21,"length":5806.037977829632},{"x":5809,"y":128,"length":5810.410054376541},{"x":5817,"y":218,"length":5821.0834902103925},{"x":5830,"y":300,"length":5837.713593522724},{"x":5849,"y":376,"length":5861.073024626122},{"x":5874,"y":450,"length":5891.211759901354},{"x":5905,"y":522,"length":5928.027412217322},{"x":5945,"y":590,"length":5974.204968027127},{"x":5990,"y":656,"length":6025.814135865792},{"x":6040,"y":723,"length":6083.118361498484},{"x":6096,"y":785,"length":6146.335574958464},{"x":6157,"y":841,"length":6214.171706671775},{"x":6216,"y":889,"length":6279.24971632758},{"x":6282,"y":936,"length":6351.3478884406895},{"x":6353,"y":975,"length":6427.381581950772},{"x":6427,"y":1008,"length":6505.566308938831},{"x":6509,"y":1038,"length":6591.2460885632245},{"x":6590,"y":1058,"length":6674.388661143431},{"x":6676,"y":1073,"length":6761.679155357788},{"x":6777,"y":1079,"length":6862.358923868672},{"x":6868,"y":1077,"length":6951.931602080101},{"x":6956,"y":1068,"length":7037.510923614968},{"x":7029,"y":1055,"length":7107.7328312198115},{"x":7098,"y":1038,"length":7173.4962187206875},{"x":7180,"y":1004,"length":7249.856274437446},{"x":7266,"y":965,"length":7329.800884062268},{"x":7336,"y":925,"length":7394.08689426896},{"x":7391,"y":885,"length":7443.796477604691},{"x":7423,"y":876,"length":7474.510351855833},{"x":7454,"y":876,"length":7505.297595698654},{"x":7494,"y":889,"length":7546.546031132389},{"x":7532,"y":923,"length":7588.343231562473},{"x":7574,"y":972,"length":7636.115504626681},{"x":7664,"y":1047,"length":7735.186164534115},{"x":7759,"y":1092,"length":7835.467120727391},{"x":7964,"y":1132,"length":8044.04873182653},{"x":12223,"y":1191,"length":12280.887997209322},{"x":12503,"y":-2084,"length":12675.490720283771}],"smoothing":true,"shape":true},"className":"frg.game.editor.objects::GroundPather"},{"params":{"stretchTexture":false,"x":3149,"rotation":0,"physic":true,"originOffsetRatio":0,"repeatTexture":true,"snapToGrid":false,"textureOffset":0,"id":-1,"smoothing":true,"y":497,"density":"1","height":912,"action":0,"isStatic":true,"wireframe":false,"width":868.5,"graphic":true,"textureMode":true,"shapeH":64,"straightSides":true,"vertices":[{"x":0,"y":0,"length":0},{"x":822,"y":868,"length":1195.4530521940208}],"type":5,"safeId":-1},"className":"frg.game.editor.objects::DynamicPather"},{"params":{"x":5071.5,"rotation":39,"physic":true,"line":true,"plr":false,"id":-1,"graphic":true,"density":1,"isWheel":false,"isStatic":false,"ignore":false,"layer":9,"rem":true,"safeId":-1,"vertices":[{"x":0,"y":0,"length":0},{"x":45,"y":0,"length":45},{"x":480,"y":0,"length":480},{"x":520,"y":0,"length":520},{"x":520,"y":45,"length":521.9434835305448},{"x":480,"y":45,"length":482.1047603996459},{"x":45,"y":45,"length":63.63961030678928},{"x":0,"y":45,"length":45}],"y":1278.9},"className":"frg.game.editor.objects::LandscapeShaper"},{"params":{"x":4849.5,"rotation":-60,"physic":true,"line":true,"plr":false,"id":-1,"graphic":true,"density":1,"isWheel":false,"isStatic":false,"ignore":false,"layer":9,"rem":true,"safeId":-1,"vertices":[{"x":0,"y":0,"length":0},{"x":45,"y":0,"length":45},{"x":480,"y":0,"length":480},{"x":520,"y":0,"length":520},{"x":520,"y":45,"length":521.9434835305448},{"x":480,"y":45,"length":482.1047603996459},{"x":45,"y":45,"length":63.63961030678928},{"x":0,"y":45,"length":45}],"y":1462.95},"className":"frg.game.editor.objects::LandscapeShaper"},{"params":{"stretchTexture":false,"x":10710,"rotation":0,"physic":true,"originOffsetRatio":0,"repeatTexture":true,"snapToGrid":false,"textureOffset":0,"id":-1,"smoothing":true,"y":410,"density":"1","height":648.05,"action":0,"isStatic":true,"wireframe":false,"width":662.6,"graphic":true,"textureMode":true,"shapeH":17,"straightSides":true,"vertices":[{"x":10,"y":-18,"length":20.591260281974},{"x":-19,"y":-107,"length":108.67382389517726},{"x":-36,"y":-148,"length":152.31546211727817},{"x":-58,"y":-188,"length":196.74348782107123},{"x":-88,"y":-224,"length":240.66574330386118},{"x":-119,"y":-253,"length":279.58898404622454},{"x":-161,"y":-284,"length":326.4613300224086},{"x":-205,"y":-305,"length":367.4914965002592},{"x":-255,"y":-320,"length":409.1760012512953},{"x":-313,"y":-326,"length":451.9347298006649},{"x":-368,"y":-323,"length":489.64579034236573},{"x":-423,"y":-309,"length":523.8415791057445},{"x":-475,"y":-287,"length":554.9720713693617},{"x":-521,"y":-256,"length":580.4972006823117},{"x":-560,"y":-217,"length":600.5738922064462},{"x":-589,"y":-177,"length":615.0203248673981},{"x":-610,"y":-138,"length":625.4150621787103},{"x":-624,"y":-100,"length":631.9620241755038},{"x":-633,"y":-61,"length":635.9323863430766},{"x":-636,"y":-23,"length":636.4157446198201},{"x":-635,"y":22,"length":635.380988069363},{"x":-628,"y":61,"length":630.955624430118},{"x":-617,"y":96,"length":624.423734334306},{"x":-601,"y":134,"length":615.7572573668946},{"x":-581,"y":167,"length":604.5246066125018},{"x":-555,"y":201,"length":590.2762065338565},{"x":-530,"y":226,"length":576.1735849550897},{"x":-499,"y":250,"length":558.1227463560323},{"x":-467,"y":270,"length":539.4339625941251},{"x":-422,"y":289,"length":511.47336196521513},{"x":-374,"y":301,"length":480.0802016330188},{"x":-328,"y":305,"length":447.89396066479844},{"x":-274,"y":301,"length":407.03439658092776},{"x":-243,"y":293,"length":380.6546991697331},{"x":-212,"y":280,"length":351.2036446280135}],"type":4,"safeId":-1},"className":"frg.game.editor.objects::DynamicPather"},{"params":{"stretchTexture":false,"x":11870,"rotation":123.00000000000006,"physic":true,"originOffsetRatio":0,"repeatTexture":true,"snapToGrid":false,"textureOffset":0,"id":-1,"smoothing":true,"y":1150,"density":"1","height":643.05,"action":0,"isStatic":true,"wireframe":false,"width":652.95,"graphic":true,"textureMode":true,"shapeH":17,"straightSides":true,"vertices":[{"x":0,"y":0,"length":0},{"x":-4,"y":-37,"length":37.21558813185679},{"x":-8,"y":-69,"length":69.46221994724903},{"x":-19,"y":-107,"length":108.67382389517726},{"x":-36,"y":-148,"length":152.31546211727817},{"x":-58,"y":-188,"length":196.74348782107123},{"x":-88,"y":-224,"length":240.66574330386118},{"x":-119,"y":-253,"length":279.58898404622454},{"x":-161,"y":-284,"length":326.4613300224086},{"x":-205,"y":-305,"length":367.4914965002592},{"x":-255,"y":-320,"length":409.1760012512953},{"x":-313,"y":-326,"length":451.9347298006649},{"x":-368,"y":-323,"length":489.64579034236573},{"x":-423,"y":-309,"length":523.8415791057445},{"x":-475,"y":-287,"length":554.9720713693617},{"x":-521,"y":-256,"length":580.4972006823117},{"x":-560,"y":-217,"length":600.5738922064462},{"x":-589,"y":-177,"length":615.0203248673981},{"x":-610,"y":-138,"length":625.4150621787103},{"x":-624,"y":-100,"length":631.9620241755038},{"x":-633,"y":-61,"length":635.9323863430766},{"x":-636,"y":-23,"length":636.4157446198201},{"x":-635,"y":22,"length":635.380988069363},{"x":-628,"y":61,"length":630.955624430118},{"x":-617,"y":96,"length":624.423734334306},{"x":-601,"y":134,"length":615.7572573668946},{"x":-581,"y":167,"length":604.5246066125018},{"x":-555,"y":201,"length":590.2762065338565},{"x":-530,"y":226,"length":576.1735849550897},{"x":-502,"y":250,"length":560.8065620158167},{"x":-464,"y":276,"length":539.8814684724787},{"x":-422,"y":295,"length":514.8873663239369},{"x":-384,"y":300,"length":487.29457210192686},{"x":-351,"y":298,"length":460.440006949874},{"x":-306,"y":286,"length":418.84603376419835}],"type":4,"safeId":-1},"className":"frg.game.editor.objects::DynamicPather"},{"params":{"x":10964,"rotation":0,"physic":true,"line":true,"plr":true,"id":-1,"graphic":true,"density":1,"isWheel":false,"isStatic":false,"ignore":false,"layer":8,"rem":false,"safeId":-10,"vertices":[{"x":150,"y":0,"length":150},{"x":198,"y":24,"length":199.44924166313595},{"x":184,"y":76,"length":199.07787421006887},{"x":130,"y":74,"length":149.58609561052123},{"x":106,"y":106,"length":149.90663761154806},{"x":122,"y":157,"length":198.82907232092595},{"x":76,"y":184,"length":199.07787421006887},{"x":39,"y":144,"length":149.18780110987626},{"x":0,"y":150,"length":150},{"x":-24,"y":198,"length":199.44924166313595},{"x":-76,"y":184,"length":199.07787421006887},{"x":-74,"y":130,"length":149.58609561052123},{"x":-106,"y":106,"length":149.90663761154806},{"x":-157,"y":122,"length":198.82907232092595},{"x":-184,"y":76,"length":199.07787421006887},{"x":-144,"y":39,"length":149.18780110987626},{"x":-150,"y":0,"length":150},{"x":-198,"y":-24,"length":199.44924166313595},{"x":-184,"y":-76,"length":199.07787421006887},{"x":-130,"y":-74,"length":149.58609561052123},{"x":-106,"y":-106,"length":149.90663761154806},{"x":-122,"y":-157,"length":198.82907232092595},{"x":-76,"y":-184,"length":199.07787421006887},{"x":-39,"y":-144,"length":149.18780110987626},{"x":0,"y":-150,"length":150},{"x":24,"y":-198,"length":199.44924166313595},{"x":76,"y":-184,"length":199.07787421006887},{"x":74,"y":-130,"length":149.58609561052123},{"x":106,"y":-106,"length":149.90663761154806},{"x":157,"y":-122,"length":198.82907232092595},{"x":184,"y":-76,"length":199.07787421006887},{"x":144,"y":-39,"length":149.18780110987626}],"y":874},"className":"frg.game.editor.objects::LandscapeShaper"},{"params":{"x":11281,"rotation":-3,"physic":true,"line":true,"plr":true,"id":-1,"graphic":true,"density":1,"isWheel":false,"isStatic":false,"ignore":false,"layer":8,"rem":false,"safeId":-10,"vertices":[{"x":150,"y":0,"length":150},{"x":198,"y":24,"length":199.44924166313595},{"x":184,"y":76,"length":199.07787421006887},{"x":130,"y":74,"length":149.58609561052123},{"x":106,"y":106,"length":149.90663761154806},{"x":122,"y":157,"length":198.82907232092595},{"x":76,"y":184,"length":199.07787421006887},{"x":39,"y":144,"length":149.18780110987626},{"x":0,"y":150,"length":150},{"x":-24,"y":198,"length":199.44924166313595},{"x":-76,"y":184,"length":199.07787421006887},{"x":-74,"y":130,"length":149.58609561052123},{"x":-106,"y":106,"length":149.90663761154806},{"x":-157,"y":122,"length":198.82907232092595},{"x":-184,"y":76,"length":199.07787421006887},{"x":-144,"y":39,"length":149.18780110987626},{"x":-150,"y":0,"length":150},{"x":-198,"y":-24,"length":199.44924166313595},{"x":-184,"y":-76,"length":199.07787421006887},{"x":-130,"y":-74,"length":149.58609561052123},{"x":-106,"y":-106,"length":149.90663761154806},{"x":-122,"y":-157,"length":198.82907232092595},{"x":-76,"y":-184,"length":199.07787421006887},{"x":-39,"y":-144,"length":149.18780110987626},{"x":0,"y":-150,"length":150},{"x":24,"y":-198,"length":199.44924166313595},{"x":76,"y":-184,"length":199.07787421006887},{"x":74,"y":-130,"length":149.58609561052123},{"x":106,"y":-106,"length":149.90663761154806},{"x":157,"y":-122,"length":198.82907232092595},{"x":184,"y":-76,"length":199.07787421006887},{"x":144,"y":-39,"length":149.18780110987626}],"y":1018},"className":"frg.game.editor.objects::LandscapeShaper"},{"params":{"x":110,"physic":false,"lineId":0,"y":580,"height":2533,"isRoad":false,"direction":90,"width":18328,"textureMode":true,"cameraOffsetY":100,"straightSides":true,"directed":false,"originOffsetRatio":0,"thick":128,"stretchTexture":false,"camera":true,"rotation":0,"repeatTexture":true,"textureOffset":0,"snapToGrid":false,"line":false,"wireframe":false,"vertices":[{"x":0,"y":0,"length":0},{"x":937,"y":-1,"length":937.0005336177776},{"x":992,"y":-1,"length":992.00050403213},{"x":1047,"y":-11,"length":1047.0577825507053},{"x":1103,"y":-34,"length":1103.5239009645418},{"x":1154,"y":-79,"length":1156.7009120771022},{"x":1204,"y":-149,"length":1213.1846520624963},{"x":1291,"y":-356,"length":1339.1852000376946},{"x":1317,"y":-393,"length":1374.3864085474652},{"x":1340,"y":-414,"length":1402.4963458062912},{"x":1366,"y":-432,"length":1432.6827981098957},{"x":1395,"y":-447,"length":1464.8665468226106},{"x":1427,"y":-459,"length":1499.0030019983283},{"x":1460,"y":-464,"length":1531.9582239734868},{"x":1497,"y":-463,"length":1566.9645816035536},{"x":1535,"y":-456,"length":1601.2997845500386},{"x":1572,"y":-443,"length":1633.2277857053498},{"x":1603,"y":-424,"length":1658.1269553324316},{"x":1635,"y":-396,"length":1682.2725700670508},{"x":1661,"y":-372,"length":1702.1471734253769},{"x":1686,"y":-349,"length":1721.7424313758431},{"x":1719,"y":-330,"length":1750.388813949632},{"x":1758,"y":-319,"length":1786.7078664403982},{"x":1793,"y":-316,"length":1820.633131633059},{"x":1827,"y":-318,"length":1854.4683874361406},{"x":1861,"y":-325,"length":1889.1654242019147},{"x":1895,"y":-340,"length":1925.259722738727},{"x":1924,"y":-358,"length":1957.0232497341467},{"x":1952,"y":-382,"length":1989.02689775679},{"x":1978,"y":-415,"length":2021.066302722402},{"x":1993,"y":-444,"length":2041.8582223063383},{"x":2096,"y":-661,"length":2197.7572659418056},{"x":2119,"y":-709,"length":2234.466826784412},{"x":2143,"y":-739,"length":2266.841414832542},{"x":2187,"y":-768,"length":2317.928601143702},{"x":2233,"y":-781,"length":2365.6394484367224},{"x":2278,"y":-785,"length":2409.46238816878},{"x":2321,"y":-782,"length":2449.196807118611},{"x":2367,"y":-768,"length":2488.4760396676515},{"x":2407,"y":-741,"length":2518.477714811072},{"x":2443,"y":-708,"length":2543.5237368658463},{"x":4070,"y":1019,"length":4195.624029867309},{"x":4116,"y":1058,"length":4249.802348345156},{"x":4170,"y":1092,"length":4310.6106295976215},{"x":4223,"y":1118,"length":4368.484062005949},{"x":4287,"y":1138,"length":4435.472128195599},{"x":4358,"y":1148,"length":4506.6692800781375},{"x":4434,"y":1147,"length":4579.952510670826},{"x":4505,"y":1135,"length":4645.777652880086},{"x":5004,"y":1043,"length":5111.542330843011},{"x":5188,"y":1003,"length":5284.065953411256},{"x":5335,"y":921,"length":5413.914110881332},{"x":5581,"y":714,"length":5626.487092316128},{"x":5655,"y":675,"length":5695.142667220901},{"x":5711,"y":656,"length":5748.552600437783},{"x":5779,"y":646,"length":5814.994153049511},{"x":6614,"y":655,"length":6646.353962888224},{"x":7403,"y":730,"length":7438.905094165404},{"x":7498,"y":736,"length":7534.036102913232},{"x":7956,"y":740,"length":7990.340167977832},{"x":8598,"y":716,"length":8627.76100735295},{"x":8736,"y":683,"length":8762.658557766586},{"x":8879,"y":636,"length":8901.749097789714},{"x":9003,"y":610,"length":9023.64167063387},{"x":9135,"y":592,"length":9154.162386586771},{"x":10087,"y":567,"length":10102.92324033},{"x":10204,"y":539,"length":10218.225726612229},{"x":10306,"y":486,"length":10317.452786419717},{"x":10475,"y":367,"length":10481.427097490112},{"x":10548,"y":314,"length":10552.672647249132},{"x":10619,"y":303,"length":10623.321985141936},{"x":10694,"y":324,"length":10698.907046983819},{"x":11266,"y":524,"length":11278.179463016184},{"x":11355,"y":563,"length":11368.948676108974},{"x":11443,"y":635,"length":11460.605306876247},{"x":11622,"y":1072,"length":11671.335313493482},{"x":11674,"y":1181,"length":11733.585854290239},{"x":11729,"y":1275,"length":11798.09586331625},{"x":11811,"y":1373,"length":11890.536152756107},{"x":11903,"y":1460,"length":11992.20617734702},{"x":11998,"y":1532,"length":12095.41351091396},{"x":12125,"y":1605,"length":12230.766533623311},{"x":12237,"y":1647,"length":12347.338903585664},{"x":12378,"y":1685,"length":12492.161902569147},{"x":12502,"y":1697,"length":12616.64824745463},{"x":12680,"y":1692,"length":12792.390863321836},{"x":12818,"y":1667,"length":12925.94340850988},{"x":13011,"y":1623,"length":13111.836255841514},{"x":13245,"y":1561,"length":13336.669224360332},{"x":13357,"y":1550,"length":13446.633370476047},{"x":18315,"y":1735,"length":18396.99567864275}],"smoothing":true,"shape":false},"className":"frg.game.editor.objects::GroundPather"},{"params":{"x":10330,"rotation":0,"physic":true,"line":true,"plr":false,"id":-1,"graphic":true,"density":1,"isWheel":false,"isStatic":true,"ignore":false,"layer":2,"rem":true,"safeId":-1,"vertices":[{"x":-325,"y":-795,"length":858.8655308021157},{"x":-120,"y":-1235,"length":1240.816263594252},{"x":1130,"y":-2010,"length":2305.8620947489467},{"x":3040,"y":-965,"length":3189.4866358083395},{"x":2205,"y":465,"length":2253.49728200413},{"x":2165,"y":580,"length":2241.3444625938246},{"x":2115,"y":655,"length":2214.1025269846923},{"x":2040,"y":700,"length":2156.7568244936656},{"x":1970,"y":715,"length":2095.7397262064774},{"x":1925,"y":660,"length":2035},{"x":1855,"y":615,"length":1954.290152459455},{"x":1815,"y":605,"length":1913.1779844018695},{"x":1770,"y":590,"length":1865.7438194993438},{"x":1710,"y":590,"length":1808.9223311131962},{"x":1660,"y":520,"length":1739.5401691251627},{"x":1640,"y":460,"length":1703.2909322837365},{"x":1645,"y":360,"length":1683.931411904891},{"x":1685,"y":305,"length":1712.3813827532697},{"x":1680,"y":195,"length":1691.279101745185},{"x":1645,"y":75,"length":1646.7088388661791},{"x":1570,"y":-5,"length":1570.0079617632516},{"x":1410,"y":-50,"length":1410.88624630053},{"x":1315,"y":-85,"length":1317.7442847533052},{"x":1220,"y":-105,"length":1224.5101061240778},{"x":1105,"y":-105,"length":1109.9774772489754},{"x":1015,"y":-105,"length":1020.4165815979276},{"x":935,"y":-115,"length":942.0456464524424},{"x":845,"y":-100,"length":850.8965859609498},{"x":775,"y":-75,"length":778.6205751198719},{"x":695,"y":-60,"length":697.5851202541522},{"x":590,"y":-60,"length":593.0430001273095},{"x":500,"y":-35,"length":501.22350304031033},{"x":420,"y":45,"length":422.4038352098617},{"x":345,"y":80,"length":354.1539213392956},{"x":225,"y":120,"length":255},{"x":150,"y":115,"length":189.01058171435798},{"x":115,"y":110,"length":159.13830462839547},{"x":70,"y":110,"length":130.38404810405297},{"x":15,"y":105,"length":106.06601717798213},{"x":-35,"y":125,"length":129.80754985747168},{"x":-85,"y":95,"length":127.47548783981962},{"x":-130,"y":45,"length":137.56816492197603},{"x":-185,"y":-30,"length":187.41664813991312}],"y":-20},"className":"frg.game.editor.objects::LandscapeShaper"},{"params":{"x":110,"rotation":0,"physic":true,"line":true,"plr":false,"id":-1,"graphic":true,"density":1,"isWheel":false,"isStatic":true,"ignore":false,"layer":2,"rem":true,"safeId":-1,"vertices":[{"x":-105,"y":-380,"length":394.23977475642914},{"x":90,"y":-345,"length":356.5459297201414},{"x":75,"y":-245,"length":256.2225595063791},{"x":95,"y":-185,"length":207.9663434308542},{"x":125,"y":-140,"length":187.6832437912346},{"x":160,"y":-105,"length":191.3765920900464},{"x":185,"y":-20,"length":186.07794065928394},{"x":155,"y":70,"length":170.07351351694948},{"x":100,"y":100,"length":141.4213562373095},{"x":-265,"y":95,"length":281.51376520518494},{"x":-225,"y":-260,"length":343.8386249390839}],"y":495},"className":"frg.game.editor.objects::LandscapeShaper"}],[{"params":{"scaleX":1,"rotation":0,"scaleY":1,"x":6041,"y":1125,"width":9.3,"height":128.35},"className":"SignPillar"},{"params":{"scaleX":1,"rotation":0,"scaleY":1,"x":9430,"y":1074,"width":9.3,"height":128.35},"className":"SignPillar"},{"params":{"scaleX":1,"rotation":0,"scaleY":1,"x":12640,"y":2206,"width":9.3,"height":128.35},"className":"SignPillar"},{"params":{"x":7371,"active":true,"y":1104,"safeId":-1,"id":-1,"rotation":-9,"width":85.95,"height":17.05},"className":"PlankBone"},{"params":{"x":7302,"active":true,"y":1115,"safeId":-1,"id":-1,"rotation":-9,"width":85.95,"height":17.05},"className":"PlankBone"},{"params":{"x":7441,"active":true,"y":1093,"safeId":-1,"id":-1,"rotation":-9,"width":85.95,"height":17.05},"className":"PlankBone"},{"params":{"x":6818,"active":true,"y":1190,"safeId":-1,"id":-1,"rotation":-9,"width":85.95,"height":17.05},"className":"PlankBone"},{"params":{"x":7026,"active":true,"y":1157,"safeId":-1,"id":-1,"rotation":-9,"width":85.95,"height":17.05},"className":"PlankBone"},{"params":{"x":7233,"active":true,"y":1126,"safeId":-1,"id":-1,"rotation":-9,"width":85.95,"height":17.05},"className":"PlankBone"},{"params":{"x":6888,"active":true,"y":1180,"safeId":-1,"id":-1,"rotation":-9,"width":85.95,"height":17.05},"className":"PlankBone"},{"params":{"x":6956,"active":true,"y":1169,"safeId":-1,"id":-1,"rotation":-9,"width":85.95,"height":17.05},"className":"PlankBone"},{"params":{"x":7165,"active":true,"y":1137,"safeId":-1,"id":-1,"rotation":-9,"width":85.95,"height":17.05},"className":"PlankBone"},{"params":{"x":7095,"active":true,"y":1148,"safeId":-1,"id":-1,"rotation":-9,"width":85.95,"height":17.05},"className":"PlankBone"},{"params":{"x":8290,"active":true,"y":1125,"safeId":-1,"id":-1,"rotation":3,"width":85.95,"height":17.05},"className":"PlankBone"},{"params":{"x":8569,"active":true,"y":1138,"safeId":-1,"id":-1,"rotation":3,"width":85.95,"height":17.05},"className":"PlankBone"},{"params":{"x":8220,"active":true,"y":1120,"safeId":-1,"id":-1,"rotation":3,"width":85.95,"height":17.05},"className":"PlankBone"},{"params":{"x":8429,"active":true,"y":1131,"safeId":-1,"id":-1,"rotation":3,"width":85.95,"height":17.05},"className":"PlankBone"},{"params":{"x":8360,"active":true,"y":1128,"safeId":-1,"id":-1,"rotation":3,"width":85.95,"height":17.05},"className":"PlankBone"},{"params":{"x":7730,"active":true,"y":1094,"safeId":-1,"id":-1,"rotation":3,"width":85.95,"height":17.05},"className":"PlankBone"},{"params":{"x":7941,"active":true,"y":1105,"safeId":-1,"id":-1,"rotation":3,"width":85.95,"height":17.05},"className":"PlankBone"},{"params":{"x":8149,"active":true,"y":1117,"safeId":-1,"id":-1,"rotation":3,"width":85.95,"height":17.05},"className":"PlankBone"},{"params":{"x":7801,"active":true,"y":1098,"safeId":-1,"id":-1,"rotation":3,"width":85.95,"height":17.05},"className":"PlankBone"},{"params":{"x":7870,"active":true,"y":1102,"safeId":-1,"id":-1,"rotation":3,"width":85.95,"height":17.05},"className":"PlankBone"},{"params":{"x":8081,"active":true,"y":1114,"safeId":-1,"id":-1,"rotation":3,"width":85.95,"height":17.05},"className":"PlankBone"},{"params":{"x":8500,"active":true,"y":1136,"safeId":-1,"id":-1,"rotation":3,"width":85.95,"height":17.05},"className":"PlankBone"},{"params":{"x":8010,"active":true,"y":1109,"safeId":-1,"id":-1,"rotation":3,"width":85.95,"height":17.05},"className":"PlankBone"},{"params":{"x":8641,"active":true,"y":1142,"safeId":-1,"id":-1,"rotation":3,"width":85.95,"height":17.05},"className":"PlankBone"},{"params":{"x":8851,"active":true,"y":1153,"safeId":-1,"id":-1,"rotation":3,"width":85.95,"height":17.05},"className":"PlankBone"},{"params":{"x":8712,"active":true,"y":1148,"safeId":-1,"id":-1,"rotation":3,"width":85.95,"height":17.05},"className":"PlankBone"},{"params":{"x":8781,"active":true,"y":1150,"safeId":-1,"id":-1,"rotation":3,"width":85.95,"height":17.05},"className":"PlankBone"},{"params":{"x":8921,"active":true,"y":1159,"safeId":-1,"id":-1,"rotation":3,"width":85.95,"height":17.05},"className":"PlankBone"},{"params":{"x":1560,"ag":true,"active":true,"y":180,"sgos":true,"btg":true,"id":-1,"ad":-1,"width":273,"height":324.1,"scaleX":1,"scaleY":1,"safeId":-1,"rotation":0},"className":"SpikeBall200E"},{"params":{"x":2390,"ag":true,"active":true,"y":-160,"sgos":true,"btg":true,"id":-1,"ad":-1,"width":273,"height":324.1,"scaleX":1,"scaleY":1,"safeId":-1,"rotation":0},"className":"SpikeBall200E"}],[{"params":{"x":3058,"stones":false,"physic":false,"impulse":1,"id":2,"radius":1,"y":449,"height":53.2,"width":53.2,"safeId":-1,"rotation":51.00000000000006,"count":1},"className":"Tnt1"}],null,[{"params":{"x":640,"rotation":0,"y":540,"width":64,"height":32},"className":"PlayerWP"},{"params":{"x":6040,"rotation":0,"y":1050,"id":0,"width":128,"height":3683},"className":"SafePointE"},{"params":{"x":9430,"rotation":0,"y":1000,"id":0,"width":128,"height":1366},"className":"SafePointE"},{"params":{"x":12640,"rotation":0,"y":2130,"id":0,"width":128,"height":2726},"className":"SafePointE"}],[{"params":{"x":1560,"rotation":0,"graphic":0,"id":1,"y":180,"height":17,"width":17,"time":0,"safeId":-1,"snd":false,"rate":180,"useWeld":false},"className":"MotorJointE"},{"params":{"x":940,"sndId":-1,"rotation":0,"y":310,"fnl":false,"safeId":-1,"id_off":-1,"off":false,"id":1,"width":64,"height":1079},"className":"ToggleE"},{"params":{"x":2390,"rotation":0,"graphic":0,"id":1,"y":-160,"height":17,"width":17,"time":0,"safeId":-1,"snd":false,"rate":180,"useWeld":false},"className":"MotorJointE"},{"params":{"x":3220,"sndId":-1,"rotation":-30,"y":360,"fnl":false,"safeId":-1,"id_off":-1,"off":false,"id":2,"width":1204,"height":64},"className":"ToggleE"},{"params":{"x":5259.8,"rotation":39,"graphic":0,"id":3,"y":1459.75,"height":17,"width":17,"time":0,"safeId":-1,"snd":false,"rate":100,"useWeld":false},"className":"MotorJointE"},{"params":{"x":4200,"sndId":-1,"rotation":-39,"y":1210,"fnl":false,"safeId":-1,"id_off":-1,"off":false,"id":3,"width":849,"height":64},"className":"ToggleE"},{"params":{"x":5000,"rotation":-60,"graphic":0,"id":3,"y":1249.8,"height":17,"width":17,"time":0,"safeId":-1,"snd":false,"rate":-100,"useWeld":false},"className":"MotorJointE"},{"params":{"x":8955,"rotation":3,"graphic":0,"safeId":1,"id":-1,"y":1159,"width":17,"height":17},"className":"PivotJointE"},{"params":{"x":7473,"rotation":-9,"graphic":0,"safeId":1,"id":-1,"y":1088,"width":17,"height":17},"className":"PivotJointE"},{"params":{"x":6781,"rotation":-9,"graphic":0,"safeId":1,"id":-1,"y":1196,"width":17,"height":17},"className":"PivotJointE"},{"params":{"x":10964,"rotation":0,"graphic":0,"id":4,"y":874,"height":17,"width":17,"time":0,"safeId":-1,"snd":false,"rate":180,"useWeld":false},"className":"MotorJointE"},{"params":{"x":11281,"rotation":-42,"graphic":0,"id":4,"y":1018,"height":17,"width":17,"time":0,"safeId":-1,"snd":false,"rate":-180,"useWeld":false},"className":"MotorJointE"},{"params":{"x":10020,"sndId":-1,"rotation":0,"y":790,"fnl":false,"safeId":-1,"id_off":-1,"off":false,"id":4,"width":64,"height":1641},"className":"ToggleE"},{"params":{"x":7060,"rotation":-9,"graphic":0,"safeId":-1,"id":12,"y":1153,"width":17,"height":17},"className":"PivotJointE"},{"params":{"x":7129,"rotation":-9,"graphic":0,"safeId":-1,"id":12,"y":1141,"width":17,"height":17},"className":"PivotJointE"},{"params":{"x":7337,"rotation":-9,"graphic":0,"safeId":-1,"id":12,"y":1108,"width":17,"height":17},"className":"PivotJointE"},{"params":{"x":7198,"rotation":-9,"graphic":0,"safeId":-1,"id":12,"y":1131,"width":17,"height":17},"className":"PivotJointE"},{"params":{"x":6854,"rotation":-9,"graphic":0,"safeId":-1,"id":12,"y":1186,"width":17,"height":17},"className":"PivotJointE"},{"params":{"x":6921,"rotation":-9,"graphic":0,"safeId":-1,"id":12,"y":1174,"width":17,"height":17},"className":"PivotJointE"},{"params":{"x":6991,"rotation":-9,"graphic":0,"safeId":-1,"id":12,"y":1164,"width":17,"height":17},"className":"PivotJointE"},{"params":{"x":7268,"rotation":-9,"graphic":0,"safeId":-1,"id":12,"y":1120,"width":17,"height":17},"className":"PivotJointE"},{"params":{"x":7407,"rotation":-9,"graphic":0,"safeId":-1,"id":12,"y":1098,"width":17,"height":17},"className":"PivotJointE"},{"params":{"x":8465,"rotation":3,"graphic":0,"safeId":-1,"id":12,"y":1132,"width":17,"height":17},"className":"PivotJointE"},{"params":{"x":8604,"rotation":3,"graphic":0,"safeId":-1,"id":12,"y":1141,"width":17,"height":17},"className":"PivotJointE"},{"params":{"x":7975,"rotation":3,"graphic":0,"safeId":-1,"id":12,"y":1108,"width":17,"height":17},"className":"PivotJointE"},{"params":{"x":8391,"rotation":3,"graphic":0,"safeId":-1,"id":12,"y":1129,"width":17,"height":17},"className":"PivotJointE"},{"params":{"x":8045,"rotation":3,"graphic":0,"safeId":-1,"id":12,"y":1110,"width":17,"height":17},"className":"PivotJointE"},{"params":{"x":8255,"rotation":3,"graphic":0,"safeId":-1,"id":12,"y":1121,"width":17,"height":17},"className":"PivotJointE"},{"params":{"x":8114,"rotation":3,"graphic":0,"safeId":-1,"id":12,"y":1115,"width":17,"height":17},"className":"PivotJointE"},{"params":{"x":7766,"rotation":3,"graphic":0,"safeId":-1,"id":12,"y":1097,"width":17,"height":17},"className":"PivotJointE"},{"params":{"x":7693,"rotation":3,"graphic":0,"safeId":-1,"id":12,"y":1092,"width":17,"height":17},"className":"PivotJointE"},{"params":{"x":8534,"rotation":3,"graphic":0,"safeId":-1,"id":12,"y":1137,"width":17,"height":17},"className":"PivotJointE"},{"params":{"x":7834,"rotation":3,"graphic":0,"safeId":-1,"id":12,"y":1099,"width":17,"height":17},"className":"PivotJointE"},{"params":{"x":7905,"rotation":3,"graphic":0,"safeId":-1,"id":12,"y":1104,"width":17,"height":17},"className":"PivotJointE"},{"params":{"x":8184,"rotation":3,"graphic":0,"safeId":-1,"id":12,"y":1119,"width":17,"height":17},"className":"PivotJointE"},{"params":{"x":8325,"rotation":3,"graphic":0,"safeId":-1,"id":12,"y":1126,"width":17,"height":17},"className":"PivotJointE"},{"params":{"x":8885,"rotation":3,"graphic":0,"safeId":-1,"id":12,"y":1156,"width":17,"height":17},"className":"PivotJointE"},{"params":{"x":8956,"rotation":3,"graphic":0,"safeId":-1,"id":12,"y":1159,"width":17,"height":17},"className":"PivotJointE"},{"params":{"x":8676,"rotation":3,"graphic":0,"safeId":-1,"id":12,"y":1145,"width":17,"height":17},"className":"PivotJointE"},{"params":{"x":8745,"rotation":3,"graphic":0,"safeId":-1,"id":12,"y":1148,"width":17,"height":17},"className":"PivotJointE"},{"params":{"x":8816,"rotation":3,"graphic":0,"safeId":-1,"id":12,"y":1153,"width":17,"height":17},"className":"PivotJointE"}]],"settings":{"prizes":"30,36,45","gravityY":500,"theme":6,"countdown":0}}