{"settings":{"theme":6,"countdown":0,"prizes":"27,33,42","gravityY":500},"layers":[[{"className":"frg.game.editor.objects::DynamicPather","params":{"originOffsetRatio":0,"x":768,"safeId":-1,"stretchTexture":false,"graphic":true,"straightSides":true,"vertices":[{"x":0,"y":0,"length":0},{"x":55,"y":0,"length":55},{"x":115,"y":0,"length":115},{"x":175,"y":0,"length":175}],"physic":false,"repeatTexture":true,"id":-1,"rotation":0,"y":-10,"height":17,"isStatic":true,"textureOffset":0,"action":0,"width":188,"wireframe":false,"snapToGrid":true,"density":"1","textureMode":true,"shapeH":17,"type":4,"smoothing":true}},{"className":"frg.game.editor.objects::DynamicPather","params":{"originOffsetRatio":0,"x":728,"safeId":-1,"stretchTexture":false,"graphic":true,"straightSides":true,"vertices":[{"x":0,"y":0,"length":0},{"x":55,"y":0,"length":55},{"x":115,"y":0,"length":115},{"x":195,"y":0,"length":195},{"x":255,"y":0,"length":255}],"physic":false,"repeatTexture":true,"id":-1,"rotation":0,"y":70,"height":17,"isStatic":true,"textureOffset":0,"action":0,"width":268,"wireframe":false,"snapToGrid":true,"density":"1","textureMode":true,"shapeH":17,"type":4,"smoothing":true}},{"className":"frg.game.editor.objects::DynamicPather","params":{"originOffsetRatio":0,"x":688,"safeId":-1,"stretchTexture":false,"graphic":true,"straightSides":true,"vertices":[{"x":0,"y":0,"length":0},{"x":55,"y":0,"length":55},{"x":115,"y":0,"length":115},{"x":195,"y":0,"length":195},{"x":270,"y":0,"length":270},{"x":330,"y":0,"length":330}],"physic":false,"repeatTexture":true,"id":-1,"rotation":0,"y":140,"height":17,"isStatic":true,"textureOffset":0,"action":0,"width":343,"wireframe":false,"snapToGrid":true,"density":"1","textureMode":true,"shapeH":17,"type":4,"smoothing":true}},{"className":"frg.game.editor.objects::DynamicPather","params":{"originOffsetRatio":0,"x":809,"safeId":-1,"stretchTexture":false,"graphic":true,"straightSides":true,"vertices":[{"x":0,"y":0,"length":0},{"x":47,"y":1,"length":47.01063709417264},{"x":100,"y":0,"length":100}],"physic":false,"repeatTexture":true,"id":-1,"rotation":0,"y":-80,"height":18,"isStatic":true,"textureOffset":0,"action":0,"width":113,"wireframe":false,"snapToGrid":false,"density":"1","textureMode":true,"shapeH":17,"type":4,"smoothing":true}},{"className":"frg.game.editor.objects::LandscapeShaper","params":{"x":4289,"rotation":-24,"graphic":true,"id":-1,"line":true,"physic":true,"plr":false,"y":29,"rem":true,"density":1,"ignore":true,"layer":8,"vertices":[{"x":-29,"y":42,"length":51.03920062069938},{"x":-57,"y":27,"length":63.071388124885914},{"x":-83,"y":4,"length":83.09632964216891},{"x":-105,"y":-15,"length":106.06601717798213},{"x":-122,"y":-50,"length":131.84839779079607},{"x":-129,"y":-79,"length":151.2679741386127},{"x":-131,"y":-104,"length":167.26326554267678},{"x":-128,"y":-136,"length":186.76188047886004},{"x":-122,"y":-159,"length":200.4120754844877},{"x":-110,"y":-185,"length":215.23243250030885},{"x":-94,"y":-208,"length":228.25424421026653},{"x":-76,"y":-227,"length":239.38462774372127},{"x":-75,"y":-275,"length":285.0438562747845},{"x":-73,"y":-326,"length":334.07334524023315},{"x":-75,"y":-374,"length":381.4459332592235},{"x":-21,"y":-372,"length":372.5922704512266},{"x":35,"y":-370,"length":371.6517186829626},{"x":90,"y":-370,"length":380.7886552931954},{"x":157,"y":-373,"length":404.6949468426805},{"x":155,"y":-325,"length":360.06943774777665},{"x":155,"y":-275,"length":315.67388235329196},{"x":156,"y":-218,"length":268.06715576511795},{"x":170,"y":-202,"length":264.0151510803878},{"x":184,"y":-177,"length":255.31353273964936},{"x":193,"y":-155,"length":247.53585598858197},{"x":199,"y":-130,"length":237.69938998659632},{"x":200,"y":-104,"length":225.42404485768594},{"x":198,"y":-76,"length":212.08488866489287},{"x":192,"y":-50,"length":198.40362899906847},{"x":182,"y":-27,"length":183.99184764548673},{"x":163,"y":0,"length":163},{"x":141,"y":15,"length":141.7956275771577},{"x":117,"y":33,"length":121.56479753612885},{"x":89,"y":47,"length":100.64790112068906},{"x":65,"y":53,"length":83.86894538504703},{"x":35,"y":57,"length":66.88796603276258},{"x":0,"y":54,"length":54}],"isStatic":false,"safeId":3,"isWheel":false}},{"className":"frg.game.editor.objects::LandscapeShaper","params":{"x":2079,"rotation":-24,"graphic":true,"id":-1,"line":true,"physic":true,"plr":false,"y":19,"rem":true,"density":1,"ignore":true,"layer":8,"vertices":[{"x":-29,"y":42,"length":51.03920062069938},{"x":-57,"y":27,"length":63.071388124885914},{"x":-83,"y":4,"length":83.09632964216891},{"x":-105,"y":-15,"length":106.06601717798213},{"x":-122,"y":-50,"length":131.84839779079607},{"x":-129,"y":-79,"length":151.2679741386127},{"x":-131,"y":-104,"length":167.26326554267678},{"x":-128,"y":-136,"length":186.76188047886004},{"x":-122,"y":-159,"length":200.4120754844877},{"x":-110,"y":-185,"length":215.23243250030885},{"x":-94,"y":-208,"length":228.25424421026653},{"x":-76,"y":-227,"length":239.38462774372127},{"x":-75,"y":-285,"length":294.7032405658275},{"x":-75,"y":-335,"length":343.29287787543745},{"x":-75,"y":-374,"length":381.4459332592235},{"x":-25,"y":-375,"length":375.8324094593227},{"x":25,"y":-375,"length":375.8324094593227},{"x":75,"y":-375,"length":382.4264635194589},{"x":125,"y":-375,"length":395.28470752104744},{"x":155,"y":-375,"length":405.77087130546965},{"x":155,"y":-325,"length":360.06943774777665},{"x":155,"y":-280,"length":320.0390601161052},{"x":156,"y":-218,"length":268.06715576511795},{"x":170,"y":-202,"length":264.0151510803878},{"x":184,"y":-177,"length":255.31353273964936},{"x":193,"y":-155,"length":247.53585598858197},{"x":199,"y":-130,"length":237.69938998659632},{"x":200,"y":-104,"length":225.42404485768594},{"x":198,"y":-76,"length":212.08488866489287},{"x":192,"y":-50,"length":198.40362899906847},{"x":182,"y":-27,"length":183.99184764548673},{"x":163,"y":0,"length":163},{"x":141,"y":15,"length":141.7956275771577},{"x":117,"y":33,"length":121.56479753612885},{"x":89,"y":47,"length":100.64790112068906},{"x":65,"y":53,"length":83.86894538504703},{"x":35,"y":57,"length":66.88796603276258},{"x":0,"y":54,"length":54}],"isStatic":false,"safeId":3,"isWheel":false}},{"className":"FinishZone","params":{"x":16830,"rotation":0,"y":-230,"width":1161,"height":884}},{"className":"frg.game.editor.objects::LandscapeShaper","params":{"x":2900,"rotation":0,"graphic":true,"id":41,"line":true,"physic":false,"plr":false,"y":-750,"rem":false,"density":1,"ignore":false,"layer":8,"vertices":[{"x":0,"y":0,"length":0},{"x":70,"y":0,"length":70},{"x":70,"y":70,"length":98.99494936611666},{"x":140,"y":70,"length":156.52475842498527},{"x":140,"y":0,"length":140},{"x":215,"y":0,"length":215},{"x":215,"y":70,"length":226.10838109190027},{"x":290,"y":70,"length":298.328677803526},{"x":290,"y":0,"length":290},{"x":365,"y":0,"length":365},{"x":365,"y":70,"length":371.6517186829626},{"x":440,"y":70,"length":445.5333881989093},{"x":440,"y":0,"length":440},{"x":510,"y":0,"length":510},{"x":535,"y":100,"length":544.2655601817921},{"x":565,"y":210,"length":602.7644647787392},{"x":595,"y":310,"length":670.9135562797937},{"x":620,"y":400,"length":737.8346698278687},{"x":650,"y":490,"length":814.0024569987488},{"x":740,"y":790,"length":1082.450922675019},{"x":415,"y":795,"length":896.799866190891},{"x":415,"y":560,"length":697.0114776673337},{"x":415,"y":475,"length":630.7535176279241},{"x":415,"y":405,"length":579.8706752371601},{"x":415,"y":355,"length":546.122696836526},{"x":410,"y":327,"length":524.4320737712368},{"x":398,"y":299,"length":497.80016070708535},{"x":381,"y":271,"length":467.54892792091823},{"x":360,"y":251,"length":438.8633044582333},{"x":335,"y":232,"length":407.49110419737997},{"x":308,"y":220,"length":378.50231174987556},{"x":275,"y":211,"length":346.6208303030849},{"x":242,"y":210,"length":320.4122344730301},{"x":209,"y":216,"length":300.56114186634306},{"x":178,"y":227,"length":288.46663585239804},{"x":148,"y":245,"length":286.23242304113626},{"x":123,"y":269,"length":295.78708558691335},{"x":103,"y":296,"length":313.40867888429636},{"x":92,"y":324,"length":336.8085509603341},{"x":85,"y":360,"length":369.8986347636336},{"x":85,"y":415,"length":423.6153915995027},{"x":85,"y":480,"length":487.46794766425415},{"x":85,"y":560,"length":566.4141594275341},{"x":85,"y":795,"length":799.5311125903731},{"x":-250,"y":795,"length":833.3816652650813},{"x":-160,"y":505,"length":529.7405025104273},{"x":-135,"y":425,"length":445.92600283006595},{"x":-110,"y":350,"length":366.87872655688284},{"x":-85,"y":265,"length":278.29840100151495},{"x":-62,"y":192,"length":201.76223630798702},{"x":-31,"y":102,"length":106.60675400742676}],"isStatic":true,"safeId":-1,"isWheel":false}},{"className":"frg.game.editor.objects::LandscapeShaper","params":{"x":13868,"rotation":-126,"graphic":true,"id":-1,"line":true,"physic":true,"plr":false,"y":494,"rem":true,"density":1,"ignore":false,"layer":8,"vertices":[{"x":634,"y":138,"length":648.8451279003334},{"x":643,"y":94,"length":649.8345943392056},{"x":644,"y":50,"length":645.9380775275599},{"x":637,"y":0,"length":637},{"x":623,"y":-42,"length":624.4141254007632},{"x":608,"y":-75,"length":612.6083577621187},{"x":586,"y":-110,"length":596.2348530570819},{"x":581,"y":-142,"length":598.1011620119125},{"x":592,"y":-173,"length":616.7600830144571},{"x":623,"y":-194,"length":652.5067049463936},{"x":669,"y":-189,"length":695.1848674992862},{"x":713,"y":-113,"length":721.8988848862422},{"x":742,"y":-39,"length":743.0242257154204},{"x":755,"y":38,"length":755.9556865319554},{"x":753,"y":107,"length":760.5642642144055},{"x":741,"y":169,"length":760.0276310766602},{"x":716,"y":232,"length":752.6486564128046},{"x":682,"y":288,"length":740.3161486824396},{"x":661,"y":331,"length":739.244208634738},{"x":652,"y":362,"length":745.7533104183983},{"x":647,"y":394,"length":757.5255771259476},{"x":645,"y":426,"length":772.981888532972},{"x":647,"y":457,"length":792.1224652792016},{"x":653,"y":494,"length":818.8070590804649},{"x":664,"y":529,"length":848.9623077616579},{"x":680,"y":559,"length":880.2732530299895},{"x":696,"y":586,"length":909.841744480874},{"x":718,"y":611,"length":942.7857656965341},{"x":737,"y":629,"length":968.9220814905603},{"x":763,"y":649,"length":1001.6835827745207},{"x":790,"y":665,"length":1032.6301370771628},{"x":816,"y":680,"length":1062.1939559233049},{"x":834,"y":696,"length":1086.2651609989157},{"x":841,"y":719,"length":1106.45469857559},{"x":832,"y":747,"length":1118.138184662343},{"x":818,"y":764,"length":1119.2944206061245},{"x":796,"y":778,"length":1113.0588483993108},{"x":768,"y":776,"length":1091.7875251164944},{"x":738,"y":766,"length":1063.6728820459793},{"x":697,"y":741,"length":1017.2954339816924},{"x":665,"y":717,"length":977.9130840724036},{"x":642,"y":696,"length":946.8790841496078},{"x":619,"y":671,"length":912.908538682819},{"x":598,"y":644,"length":878.8287660289689},{"x":581,"y":616,"length":846.7685634221431},{"x":566,"y":584,"length":813.2724020892385},{"x":551,"y":547,"length":776.4083976877117},{"x":541,"y":507,"length":741.4377924006841},{"x":534,"y":474,"length":714.0252096389875},{"x":532,"y":446,"length":694.2189856234127},{"x":533,"y":430,"length":684.8277155606364},{"x":532,"y":390,"length":659.6392953728575},{"x":537,"y":360,"length":646.5052203965564},{"x":546,"y":319,"length":632.3582845191482},{"x":500,"y":210,"length":542.3098745182499},{"x":594,"y":216,"length":632.0537951788598},{"x":615,"y":185,"length":642.2227028064331}],"isStatic":false,"safeId":2,"isWheel":false}},{"className":"frg.game.editor.objects::PillarPather","params":{"originOffsetRatio":0,"x":13545,"stretchTexture":false,"y":300,"straightSides":true,"wireframe":false,"repeatTexture":true,"rotation":0,"textureOffset":0,"snapToGrid":true,"width":413,"vertices":[{"x":0,"y":0,"length":0},{"x":122,"y":-352,"length":372.54261501202785},{"x":261,"y":-352,"length":438.20657229210974},{"x":400,"y":0,"length":400}],"height":365,"smoothing":true,"textureMode":true,"type":2}},{"className":"frg.game.editor.objects::PillarPather","params":{"originOffsetRatio":0,"x":13505,"stretchTexture":false,"y":300,"straightSides":true,"wireframe":false,"repeatTexture":true,"rotation":0,"textureOffset":0,"snapToGrid":true,"width":488,"vertices":[{"x":0,"y":0,"length":0},{"x":137,"y":-382,"length":405.8238534142615},{"x":326,"y":-382,"length":502.19518117958876},{"x":475,"y":-4,"length":475.0168418066879}],"height":395,"smoothing":true,"textureMode":true,"type":2}},{"className":"frg.game.editor.objects::DynamicPather","params":{"originOffsetRatio":0,"x":580,"safeId":-1,"stretchTexture":false,"graphic":true,"straightSides":true,"vertices":[{"x":70,"y":0,"length":70},{"x":135,"y":0,"length":135},{"x":200,"y":0,"length":200},{"x":270,"y":0,"length":270},{"x":330,"y":0,"length":330},{"x":395,"y":0,"length":395},{"x":470,"y":0,"length":470},{"x":545,"y":0,"length":545},{"x":615,"y":0,"length":615}],"physic":false,"repeatTexture":true,"id":-1,"rotation":-63,"y":360,"height":17,"isStatic":true,"textureOffset":0,"action":0,"width":558,"wireframe":false,"snapToGrid":true,"density":"1","textureMode":true,"shapeH":17,"type":4,"smoothing":true}},{"className":"frg.game.editor.objects::DynamicPather","params":{"originOffsetRatio":0,"x":852,"safeId":-1,"stretchTexture":false,"graphic":true,"straightSides":true,"vertices":[{"x":0,"y":0,"length":0},{"x":70,"y":0,"length":70},{"x":135,"y":0,"length":135},{"x":200,"y":0,"length":200},{"x":270,"y":0,"length":270},{"x":330,"y":0,"length":330},{"x":395,"y":0,"length":395},{"x":470,"y":0,"length":470},{"x":545,"y":0,"length":545}],"physic":false,"repeatTexture":true,"id":-1,"rotation":63,"y":-190,"height":17,"isStatic":true,"textureOffset":0,"action":0,"width":558,"wireframe":false,"snapToGrid":true,"density":"1","textureMode":true,"shapeH":17,"type":4,"smoothing":true}},{"className":"frg.game.editor.objects::LandscapeShaper","params":{"x":1370,"rotation":0,"graphic":true,"id":71,"line":true,"physic":false,"plr":false,"y":217,"rem":false,"density":1,"ignore":false,"layer":8,"vertices":[{"x":250,"y":-260,"length":360.69377593742865},{"x":335,"y":-260,"length":424.05777908204914},{"x":410,"y":-260,"length":485.4894437575342},{"x":410,"y":-330,"length":526.3078946776307},{"x":485,"y":-330,"length":586.6216838815285},{"x":570,"y":-330,"length":658.6349520030045},{"x":655,"y":-330,"length":733.4337052522197},{"x":750,"y":-330,"length":819.3900170248597},{"x":845,"y":-330,"length":907.1521371853786},{"x":925,"y":-330,"length":982.1023368264633},{"x":995,"y":-330,"length":1048.2962367575303},{"x":995,"y":-260,"length":1028.4089653440406},{"x":1070,"y":-260,"length":1101.135777277262},{"x":1150,"y":-260,"length":1179.0250209389112},{"x":1230,"y":-260,"length":1257.179382586272},{"x":1230,"y":-325,"length":1272.2126394593004},{"x":1230,"y":-397,"length":1292.48172134077},{"x":1230,"y":-455,"length":1311.4591110667538},{"x":1330,"y":-455,"length":1405.675993961624},{"x":1330,"y":-365,"length":1379.1754783202898},{"x":1430,"y":-365,"length":1475.847214314544},{"x":1430,"y":-455,"length":1500.6415294799754},{"x":1530,"y":-455,"length":1596.222102340398},{"x":1530,"y":-365,"length":1572.9351544167357},{"x":1630,"y":-365,"length":1670.3667262011656},{"x":1630,"y":-455,"length":1692.3135052347718},{"x":1730,"y":-455,"length":1788.8334187397104},{"x":1730,"y":-365,"length":1768.0851223852317},{"x":1830,"y":-365,"length":1866.0452834805483},{"x":1830,"y":-455,"length":1885.7160443714743},{"x":1930,"y":-455,"length":1982.9082177448356},{"x":1930,"y":-365,"length":1964.2110375415366},{"x":2030,"y":-365,"length":2062.553029621299},{"x":2030,"y":-455,"length":2080.3665542399012},{"x":2130,"y":-455,"length":2178.055325284461},{"x":2130,"y":-365,"length":2161.0471998547373},{"x":2230,"y":-365,"length":2259.6736490033245},{"x":2230,"y":-455,"length":2275.944858734499},{"x":2330,"y":-455,"length":2374.010320112362},{"x":2330,"y":-390,"length":2362.4140195994437},{"x":2330,"y":-315,"length":2351.196503910296},{"x":2330,"y":-260,"length":2344.461558652647},{"x":2400,"y":-260,"length":2414.0422531513404},{"x":2475,"y":-260,"length":2488.6190950002774},{"x":2545,"y":-260,"length":2558.246469752279},{"x":2615,"y":-260,"length":2627.893643205524},{"x":2615,"y":-330,"length":2635.7399340602633},{"x":2700,"y":-330,"length":2720.091910211859},{"x":2780,"y":-330,"length":2799.5178156246834},{"x":2870,"y":-330,"length":2888.909828983937},{"x":2960,"y":-330,"length":2978.3384629689085},{"x":3035,"y":-330,"length":3052.8879769817954},{"x":3110,"y":-330,"length":3127.459032505462},{"x":3210,"y":-330,"length":3226.9180342859654},{"x":3210,"y":-260,"length":3220.51238159396},{"x":3310,"y":-260,"length":3320.1957773601243},{"x":3395,"y":-255,"length":3404.5631144098356},{"x":3580,"y":105,"length":3581.5394734666825},{"x":0,"y":95,"length":95}],"isStatic":true,"safeId":-1,"isWheel":false}},{"className":"frg.game.editor.objects::LandscapeShaper","params":{"x":7904,"rotation":0,"graphic":true,"id":7,"line":true,"physic":true,"plr":true,"y":-362,"rem":false,"density":1,"ignore":false,"layer":3,"vertices":[{"x":-20,"y":15,"length":25},{"x":105,"y":140,"length":175},{"x":200,"y":105,"length":225.88713996153035},{"x":200,"y":-80,"length":215.40659228538016},{"x":330,"y":-80,"length":339.5585369269929},{"x":330,"y":100,"length":344.81879299133334},{"x":425,"y":140,"length":447.4650824366076},{"x":550,"y":10,"length":550.0909015790027},{"x":645,"y":105,"length":653.490627323759},{"x":515,"y":235,"length":566.0830327787612},{"x":550,"y":325,"length":638.8466169590318},{"x":735,"y":325,"length":803.6479328661277},{"x":735,"y":455,"length":864.4362324659928},{"x":555,"y":455,"length":717.669840525572},{"x":515,"y":550,"length":753.4752816118124},{"x":645,"y":680,"length":937.2432981888961},{"x":555,"y":770,"length":949.1706906557956},{"x":425,"y":640,"length":768.261023350788},{"x":330,"y":680,"length":755.8438992278762},{"x":330,"y":865,"length":925.8104557629493},{"x":205,"y":865,"length":888.9600665946699},{"x":205,"y":680,"length":710.2288363619151},{"x":110,"y":640,"length":649.3843238021688},{"x":-20,"y":770,"length":770.2596964660685},{"x":-115,"y":680,"length":689.6557112066861},{"x":15,"y":550,"length":550.2045074333724},{"x":-25,"y":455,"length":455.6862956025779},{"x":-205,"y":455,"length":499.0490957811666},{"x":-205,"y":330,"length":388.4906691286163},{"x":-25,"y":330,"length":330.94561486745823},{"x":15,"y":235,"length":235.47823678633233},{"x":-115,"y":105,"length":155.72411502397438}],"isStatic":false,"safeId":1,"isWheel":false}},{"className":"frg.game.editor.objects::LandscapeShaper","params":{"x":6600,"rotation":0,"graphic":true,"id":51,"line":true,"physic":true,"plr":false,"y":310,"rem":false,"density":1,"ignore":false,"layer":8,"vertices":[{"x":60,"y":-5,"length":60.207972893961475},{"x":103,"y":-16,"length":104.23531071570709},{"x":141,"y":-31,"length":144.3675863897433},{"x":181,"y":-47,"length":187.00267377767625},{"x":216,"y":-66,"length":225.85836269662454},{"x":247,"y":-86,"length":261.5434954266689},{"x":277,"y":-110,"length":298.04194335697116},{"x":304,"y":-137,"length":333.44414824674914},{"x":328,"y":-164,"length":366.7151483099655},{"x":354,"y":-199,"length":406.09974144291203},{"x":376,"y":-234,"length":442.86792613599823},{"x":392,"y":-267,"length":474.2921040877657},{"x":406,"y":-309,"length":510.2127007435232},{"x":415,"y":-344,"length":539.0371044742653},{"x":419,"y":-369,"length":558.3206963744045},{"x":435,"y":-390,"length":584.2302628245134},{"x":460,"y":-395,"length":606.320872146094},{"x":500,"y":-395,"length":637.200910231616},{"x":555,"y":-395,"length":681.2121549121096},{"x":630,"y":-395,"length":743.5892683464441},{"x":700,"y":-395,"length":803.7568040147468},{"x":765,"y":-395,"length":860.9587678861283},{"x":830,"y":-395,"length":919.198020015274},{"x":895,"y":-395,"length":978.2893232576956},{"x":947,"y":-395,"length":1026.0769951616692},{"x":1003,"y":-407,"length":1082.4315220834987},{"x":1053,"y":-431,"length":1137.7917208347053},{"x":1094,"y":-473,"length":1191.8745739380465},{"x":1113,"y":-508,"length":1223.4512658867945},{"x":1123,"y":-532,"length":1242.6395293889536},{"x":1150,"y":-530,"length":1266.2543188475213},{"x":1150,"y":-475,"length":1244.2367138129305},{"x":1150,"y":-410,"length":1220.9013064126027},{"x":1205,"y":-410,"length":1272.84130982617},{"x":1255,"y":-410,"length":1320.2745926510893},{"x":1325,"y":-410,"length":1386.9841383375658},{"x":1390,"y":-410,"length":1449.206679531943},{"x":1450,"y":-410,"length":1506.8510211696444},{"x":1499,"y":-410,"length":1554.059522669579},{"x":1500,"y":-475,"length":1573.4118977559563},{"x":1500,"y":-535,"length":1592.5529818502114},{"x":1500,"y":-600,"length":1615.5494421403512},{"x":1500,"y":-675,"length":1644.878414959598},{"x":1500,"y":-735,"length":1670.3966594794183},{"x":1446,"y":-761,"length":1634.0247856137312},{"x":1390,"y":-790,"length":1598.8120589988055},{"x":1390,"y":-850,"length":1629.2943257741986},{"x":1390,"y":-895,"length":1653.216561736544},{"x":1455,"y":-895,"length":1708.230078180337},{"x":1530,"y":-895,"length":1772.5476016175137},{"x":1600,"y":-895,"length":1833.309848334427},{"x":1660,"y":-895,"length":1885.9016411255386},{"x":1710,"y":-895,"length":1930.058289275223},{"x":1755,"y":-895,"length":1970.0380706981273},{"x":1755,"y":-843,"length":1946.9653309702255},{"x":1755,"y":-785,"length":1922.563392973038},{"x":1695,"y":-760,"length":1857.5857988259922},{"x":1635,"y":-740,"length":1794.6657070329281},{"x":1635,"y":-680,"length":1770.7696066964781},{"x":1635,"y":-615,"length":1746.8400041217283},{"x":1635,"y":-555,"length":1726.6296649832007},{"x":1635,"y":-490,"length":1706.8465074516805},{"x":1635,"y":-410,"length":1685.6230302176107},{"x":1700,"y":-410,"length":1748.7424052730007},{"x":1775,"y":-410,"length":1821.736808652666},{"x":1835,"y":-410,"length":1880.2459945443309},{"x":1910,"y":-410,"length":1953.5096621209734},{"x":1975,"y":-410,"length":2017.1080784132514},{"x":2026,"y":-410,"length":2067.0694231205684},{"x":2080,"y":-355,"length":2110.0770128125655},{"x":2136,"y":-301,"length":2157.10384543721},{"x":2196,"y":-301,"length":2216.5326525905275},{"x":2195,"y":-355,"length":2223.5219810022118},{"x":2195,"y":-405,"length":2232.0506266659813},{"x":2195,"y":-455,"length":2241.662329611666},{"x":2195,"y":-510,"length":2253.4695471649934},{"x":2230,"y":-510,"length":2287.575135378071},{"x":2230,"y":-455,"length":2275.944858734499},{"x":2230,"y":-405,"length":2266.478546115096},{"x":2230,"y":-360,"length":2258.8713996153033},{"x":2230,"y":-300,"length":2250.0888871331285},{"x":2270,"y":-300,"length":2289.7379762758883},{"x":2310,"y":-300,"length":2329.3990641364994},{"x":2310,"y":-245,"length":2322.9560908463163},{"x":2310,"y":-185,"length":2317.396168116276},{"x":2310,"y":-125,"length":2313.3795624583527},{"x":2365,"y":-125,"length":2368.3010788326724},{"x":2450,"y":-125,"length":2453.186703045653},{"x":2530,"y":-125,"length":2533.0860624937322},{"x":2610,"y":-125,"length":2612.9915805451806},{"x":2675,"y":-125,"length":2677.9189681541898},{"x":2745,"y":-125,"length":2747.8446098715262},{"x":2820,"y":-125,"length":2822.769030579725},{"x":2893,"y":-125,"length":2895.699224712401},{"x":2985,"y":-125,"length":2987.6161065304223},{"x":3066,"y":-138,"length":3069.1041038061903},{"x":3136,"y":-157,"length":3139.9275469348013},{"x":3187,"y":-185,"length":3192.364954074017},{"x":3240,"y":-219,"length":3247.3929543558475},{"x":3282,"y":-239,"length":3290.690656989806},{"x":3332,"y":-238,"length":3340.4891857331313},{"x":3280,"y":-180,"length":3284.9353113874254},{"x":3235,"y":-125,"length":3237.4140915242833},{"x":3200,"y":-80,"length":3200.9998437988093},{"x":3160,"y":-35,"length":3160.193823169712},{"x":3110,"y":20,"length":3110.0643080167974},{"x":3070,"y":70,"length":3070.7979419037},{"x":3025,"y":120,"length":3027.379229630804},{"x":2990,"y":160,"length":2994.2778762165676},{"x":2950,"y":205,"length":2957.114302829703},{"x":2875,"y":205,"length":2882.299429275175},{"x":2775,"y":205,"length":2782.5617693054005},{"x":2685,"y":205,"length":2692.814512735699},{"x":2590,"y":205,"length":2598.100267503162},{"x":2495,"y":205,"length":2503.4076775467474},{"x":2400,"y":205,"length":2408.7392968106783},{"x":2310,"y":205,"length":2319.078480776362},{"x":2200,"y":205,"length":2209.5304931138653},{"x":2100,"y":205,"length":2109.982227413302},{"x":2010,"y":205,"length":2020.4269350808013},{"x":2010,"y":140,"length":2014.8697228356973},{"x":2010,"y":80,"length":2011.5914098046849},{"x":2010,"y":10,"length":2010.024875467963},{"x":2010,"y":-60,"length":2010.895322984267},{"x":2010,"y":-130,"length":2014.1995928904364},{"x":2010,"y":-200,"length":2019.9257412093148},{"x":2010,"y":-275,"length":2028.7249690384353},{"x":2010,"y":-325,"length":2036.1053509089356},{"x":1960,"y":-325,"length":1986.7624417629804},{"x":1900,"y":-325,"length":1927.5956526201235},{"x":1840,"y":-325,"length":1868.482004194849},{"x":1780,"y":-325,"length":1809.426704788011},{"x":1727,"y":-325,"length":1757.3144283252216},{"x":1730,"y":-298,"length":1755.4782824062506},{"x":1730,"y":-274,"length":1751.563872657803},{"x":1728,"y":-250,"length":1745.9908361729738},{"x":1722,"y":-226,"length":1736.767111618596},{"x":1710,"y":-202,"length":1721.8896596472146},{"x":1693,"y":-178,"length":1702.3316363153215},{"x":1676,"y":-159,"length":1683.5251705870037},{"x":1656,"y":-142,"length":1662.0770138594662},{"x":1630,"y":-130,"length":1635.1758315239374},{"x":1604,"y":-122,"length":1608.6329600005092},{"x":1575,"y":-118,"length":1579.414131885618},{"x":1542,"y":-121,"length":1546.7401203822185},{"x":1516,"y":-129,"length":1521.4785571936268},{"x":1489,"y":-138,"length":1495.3812222975116},{"x":1465,"y":-158,"length":1473.495503895414},{"x":1446,"y":-176,"length":1456.671548428128},{"x":1424,"y":-205,"length":1438.6802980509603},{"x":1412,"y":-241,"length":1432.41928219359},{"x":1408,"y":-264,"length":1432.5362124567741},{"x":1405,"y":-294,"length":1435.4305974166775},{"x":1411,"y":-323,"length":1447.4978411037441},{"x":1340,"y":-325,"length":1378.8491578124128},{"x":1270,"y":-325,"length":1310.9252457710927},{"x":1210,"y":-325,"length":1252.8866668617716},{"x":1140,"y":-324,"length":1185.1480920121332},{"x":1140,"y":-240,"length":1164.989270336856},{"x":1140,"y":-170,"length":1152.6057435220423},{"x":1140,"y":-80,"length":1142.8035701729323},{"x":1140,"y":5,"length":1140.010964859549},{"x":1140,"y":95,"length":1143.951484985268},{"x":1140,"y":185,"length":1154.9134166681067},{"x":1085,"y":185,"length":1100.658893572391},{"x":985,"y":185,"length":1002.2225301798},{"x":920,"y":185,"length":938.416218956173},{"x":830,"y":185,"length":850.3675675847475},{"x":740,"y":185,"length":762.7745407392672},{"x":655,"y":185,"length":680.6247130394253},{"x":565,"y":185,"length":594.5166103650931},{"x":455,"y":185,"length":491.1720676097125},{"x":350,"y":185,"length":395.8850843363513},{"x":250,"y":185,"length":311.0064308016797},{"x":140,"y":185,"length":232.0021551624036},{"x":40,"y":185,"length":189.274932307477},{"x":-60,"y":185,"length":194.48650338776724},{"x":-160,"y":185,"length":244.59149617270018},{"x":-265,"y":185,"length":323.18725222384626},{"x":-295,"y":160,"length":335.5964838909967},{"x":-330,"y":125,"length":352.8809997718778},{"x":-380,"y":77,"length":387.72283915188694},{"x":-420,"y":35,"length":421.4558102577303},{"x":-460,"y":-5,"length":460.02717311045876},{"x":-400,"y":-5,"length":400.03124877939223},{"x":-330,"y":-5,"length":330.037876614185},{"x":-260,"y":-5,"length":260.0480724789169},{"x":-190,"y":-5,"length":190.06577808748213},{"x":-130,"y":-5,"length":130.09611831257686},{"x":-65,"y":-5,"length":65.19202405202648},{"x":5,"y":-5,"length":7.0710678118654755}],"isStatic":true,"safeId":-1,"isWheel":false}},{"className":"frg.game.editor.objects::WaterShaper","params":{"x":5080,"rotation":0,"y":390,"bg":true,"sf":true,"density":1.5,"id":-1,"viscosity":1.5,"vertices":[{"x":0,"y":0,"length":0},{"x":5530,"y":0,"length":5530},{"x":5525,"y":510,"length":5548.48853292498},{"x":-5,"y":510,"length":510.02450921499843}]}},{"className":"frg.game.editor.objects::WaterShaper","params":{"x":12670,"rotation":0,"y":120,"bg":true,"sf":true,"density":1.5,"id":-1,"viscosity":1.5,"vertices":[{"x":0,"y":0,"length":0},{"x":1860,"y":-5,"length":1860.0067204179666},{"x":1860,"y":245,"length":1876.0663634317418},{"x":0,"y":250,"length":250}]}},{"className":"frg.game.editor.objects::LandscapeShaper","params":{"x":-30,"rotation":0,"graphic":true,"id":-1,"line":true,"physic":true,"plr":false,"y":330,"rem":true,"density":1,"ignore":false,"layer":2,"vertices":[{"x":9990,"y":560,"length":10005.683384956772},{"x":10695,"y":-50,"length":10695.116876406728},{"x":12155,"y":-50,"length":12155.1028379031},{"x":12221,"y":-55,"length":12221.123761749572},{"x":12282,"y":-63,"length":12282.161576856088},{"x":12342,"y":-79,"length":12342.252833255361},{"x":12405,"y":-102,"length":12405.419339949778},{"x":12459,"y":-129,"length":12459.667812586336},{"x":12503,"y":-156,"length":12503.973168557264},{"x":12541,"y":-185,"length":12542.364450134592},{"x":12583,"y":-223,"length":12584.97588396577},{"x":12684,"y":-223,"length":12685.960152861902},{"x":12926,"y":-17,"length":12926.011179014198},{"x":14270,"y":-23,"length":14270.01853537689},{"x":14556,"y":-273,"length":14558.559853227242},{"x":15294,"y":-272,"length":15296.41853506892},{"x":15293,"y":-228,"length":15294.699506691853},{"x":15445,"y":-125,"length":15445.505818845817},{"x":15515,"y":100,"length":15515.322265425233},{"x":15560,"y":84,"length":15560.226733566578},{"x":15594,"y":73,"length":15594.170866064023},{"x":15636,"y":64,"length":15636.130979241636},{"x":15670,"y":59,"length":15670.11107171867},{"x":15713,"y":57,"length":15713.103385391441},{"x":15761,"y":59,"length":15761.11043042336},{"x":15812,"y":70,"length":15812.154944851762},{"x":15875,"y":86,"length":15875.232943172834},{"x":15916,"y":105,"length":15916.346345816932},{"x":16000,"y":-145,"length":16000.657017760239},{"x":16170,"y":-235,"length":16171.70754744223},{"x":16169,"y":-265,"length":16171.171447981127},{"x":17626,"y":-262,"length":17627.947129487315},{"x":18534,"y":717,"length":18547.863623609053},{"x":16505,"y":500,"length":16512.5717258094}],"isStatic":true,"safeId":-1,"isWheel":false}},{"className":"frg.game.editor.objects::LandscapeShaper","params":{"x":310,"rotation":0,"graphic":true,"id":1,"line":true,"physic":true,"plr":false,"y":110,"rem":true,"density":1,"ignore":false,"layer":4,"vertices":[{"x":72,"y":2,"length":72.02777242147643},{"x":68,"y":-22,"length":71.47027354082255},{"x":74,"y":-43,"length":85.58621384311844},{"x":99,"y":-70,"length":121.24768039018313},{"x":130,"y":-48,"length":138.57849761056005},{"x":119,"y":-42,"length":126.19429464123962},{"x":107,"y":-41,"length":114.58621208504974},{"x":97,"y":-35,"length":103.12128781197411},{"x":91,"y":-27,"length":94.92101980067429},{"x":92,"y":-16,"length":93.38094023943002},{"x":94,"y":-8,"length":94.33981132056604},{"x":102,"y":-1,"length":102.00490184299969},{"x":114,"y":1,"length":114.00438588054409},{"x":130,"y":-1,"length":130.00384609695206},{"x":141,"y":-3,"length":141.0319112825179},{"x":157,"y":-6,"length":157.1146078504478},{"x":176,"y":-4,"length":176.0454486773231},{"x":195,"y":0,"length":195},{"x":210,"y":-2,"length":210.00952359357422},{"x":217,"y":-11,"length":217.27862297059966},{"x":221,"y":-22,"length":222.0923231451281},{"x":218,"y":-33,"length":220.4835594777987},{"x":212,"y":-42,"length":216.1203368496357},{"x":201,"y":-46,"length":206.196508214858},{"x":193,"y":-47,"length":198.64037857394453},{"x":174,"y":-50,"length":181.0414317221337},{"x":206,"y":-76,"length":219.57231155134292},{"x":233,"y":-52,"length":238.73206738936435},{"x":241,"y":-35,"length":243.52823244954578},{"x":239,"y":-16,"length":239.5349661322956},{"x":235,"y":1,"length":235.00212764994276},{"x":228,"y":13,"length":228.3703133071372},{"x":212,"y":23,"length":213.243991709028},{"x":192,"y":27,"length":193.8891435846783},{"x":110,"y":26,"length":113.03096920755833},{"x":85,"y":20,"length":87.32124598286491}],"isStatic":false,"safeId":-1,"isWheel":false}},{"className":"frg.game.editor.objects::DynamicPather","params":{"originOffsetRatio":0,"x":405,"safeId":-1,"stretchTexture":false,"graphic":true,"straightSides":true,"vertices":[{"x":4,"y":0,"length":4},{"x":43,"y":-249,"length":252.68557536986555},{"x":63,"y":-262,"length":269.4679943889441},{"x":83,"y":-251,"length":264.3671689147501},{"x":114,"y":-2,"length":114.0175425099138}],"physic":true,"repeatTexture":true,"id":-1,"rotation":0,"y":61,"height":277.8,"isStatic":false,"textureOffset":0,"action":0,"width":125.85,"wireframe":false,"snapToGrid":false,"density":"1","textureMode":true,"shapeH":16,"type":7,"smoothing":true}},{"className":"frg.game.editor.objects::GroundPather","params":{"x":-90,"lineId":-1,"wireframe":false,"physic":false,"y":300,"height":533,"isRoad":false,"width":17898,"textureMode":true,"cameraOffsetY":120,"direction":90,"straightSides":true,"directed":false,"originOffsetRatio":0,"thick":128,"stretchTexture":false,"camera":true,"line":false,"repeatTexture":true,"rotation":0,"textureOffset":0,"snapToGrid":true,"shape":false,"smoothing":true,"vertices":[{"x":0,"y":0,"length":0},{"x":6835,"y":30,"length":6835.0658372835005},{"x":7665,"y":275,"length":7669.931551193922},{"x":9182,"y":260,"length":9185.680377631263},{"x":9600,"y":90,"length":9600.421865730694},{"x":10600,"y":95,"length":10600.425698999074},{"x":12645,"y":-25,"length":12645.024713301274},{"x":13610,"y":-165,"length":13611.000146939974},{"x":14605,"y":-245,"length":14607.054802389152},{"x":15170,"y":-165,"length":15170.897303719381},{"x":15675,"y":15,"length":15675.00717703185},{"x":16025,"y":55,"length":16025.094383497402},{"x":16480,"y":-30,"length":16480.02730580262},{"x":17885,"y":-15,"length":17885.0062901862}]}},{"className":"frg.game.editor.objects::LandscapeShaper","params":{"x":1370,"rotation":0,"graphic":true,"id":2,"line":true,"physic":false,"plr":false,"y":-593,"rem":false,"density":1,"ignore":false,"layer":8,"vertices":[{"x":0,"y":0,"length":0},{"x":75,"y":0,"length":75},{"x":75,"y":70,"length":102.59142264341595},{"x":140,"y":70,"length":156.52475842498527},{"x":140,"y":0,"length":140},{"x":205,"y":0,"length":205},{"x":205,"y":70,"length":216.6217902243447},{"x":270,"y":70,"length":278.9265136196271},{"x":270,"y":0,"length":270},{"x":335,"y":0,"length":335},{"x":335,"y":60,"length":340.3307215048327},{"x":335,"y":115,"length":354.18921496849674},{"x":335,"y":160,"length":371.24789561693143},{"x":305,"y":205,"length":367.4914965002592},{"x":285,"y":245,"length":375.8324094593227},{"x":291,"y":316,"length":429.5776996074168},{"x":295,"y":390,"length":489.004089962446},{"x":335,"y":915,"length":974.3972495856092},{"x":0,"y":915,"length":915},{"x":45,"y":410,"length":412.4621194728069},{"x":50,"y":325,"length":328.8236609491476},{"x":55,"y":245,"length":251.09759058979438},{"x":30,"y":205,"length":207.18349355100662},{"x":0,"y":162,"length":162},{"x":0,"y":100,"length":100},{"x":0,"y":50,"length":50}],"isStatic":true,"safeId":-1,"isWheel":false}},{"className":"frg.game.editor.objects::LandscapeShaper","params":{"x":4650,"rotation":0,"graphic":true,"id":52,"line":true,"physic":false,"plr":false,"y":-593,"rem":false,"density":1,"ignore":false,"layer":8,"vertices":[{"x":0,"y":0,"length":0},{"x":75,"y":0,"length":75},{"x":75,"y":70,"length":102.59142264341595},{"x":140,"y":70,"length":156.52475842498527},{"x":140,"y":0,"length":140},{"x":205,"y":0,"length":205},{"x":205,"y":70,"length":216.6217902243447},{"x":270,"y":70,"length":278.9265136196271},{"x":270,"y":0,"length":270},{"x":335,"y":0,"length":335},{"x":335,"y":50,"length":338.71079108879894},{"x":335,"y":110,"length":352.59750424527965},{"x":335,"y":160,"length":371.24789561693143},{"x":285,"y":245,"length":375.8324094593227},{"x":290,"y":335,"length":443.08577047790646},{"x":295,"y":416,"length":509.9813722088288},{"x":300,"y":500,"length":583.09518948453},{"x":305,"y":585,"length":659.7347952018296},{"x":310,"y":665,"length":733.7063445275637},{"x":320,"y":755,"length":820.0152437607486},{"x":335,"y":915,"length":974.3972495856092},{"x":0,"y":915,"length":915},{"x":10,"y":800,"length":800.0624975587845},{"x":15,"y":710,"length":710.1584330274477},{"x":20,"y":615,"length":615.3251173160413},{"x":30,"y":510,"length":510.88159097779203},{"x":40,"y":430,"length":431.8564576337837},{"x":50,"y":335,"length":338.71079108879894},{"x":55,"y":245,"length":251.09759058979438},{"x":0,"y":162,"length":162},{"x":0,"y":110,"length":110},{"x":0,"y":50,"length":50}],"isStatic":true,"safeId":-1,"isWheel":false}},{"className":"frg.game.editor.objects::LandscapeShaper","params":{"x":3100,"rotation":0,"graphic":true,"id":41,"line":true,"physic":true,"plr":false,"y":-1160,"rem":false,"density":1,"ignore":false,"layer":8,"vertices":[{"x":50,"y":-45,"length":67.26812023536856},{"x":100,"y":20,"length":101.9803902718557},{"x":145,"y":75,"length":163.24827717314508},{"x":190,"y":130,"length":230.21728866442677},{"x":235,"y":185,"length":299.0819285747636},{"x":280,"y":245,"length":372.05510344571275},{"x":320,"y":300,"length":438.63424398922615},{"x":361,"y":349,"length":502.11751612545845},{"x":400,"y":400,"length":565.685424949238},{"x":335,"y":400,"length":521.7518567288477},{"x":260,"y":400,"length":477.07441767506253},{"x":180,"y":400,"length":438.63424398922615},{"x":105,"y":400,"length":413.5516896350443},{"x":30,"y":400,"length":401.1234224026316},{"x":-60,"y":400,"length":404.4749683231337},{"x":-140,"y":400,"length":423.7924020083418},{"x":-225,"y":400,"length":458.93899376714546},{"x":-300,"y":400,"length":500},{"x":-250,"y":335,"length":418.0011961705373},{"x":-195,"y":260,"length":325},{"x":-145,"y":200,"length":247.0323865407125},{"x":-100,"y":145,"length":176.13914953808538},{"x":-55,"y":85,"length":101.24228365658294},{"x":-4,"y":22,"length":22.360679774997898}],"isStatic":true,"safeId":-1,"isWheel":false}},{"className":"frg.game.editor.objects::LandscapeShaper","params":{"x":8395,"rotation":0,"graphic":true,"id":-1,"line":true,"physic":true,"plr":false,"y":-218,"rem":true,"density":1,"ignore":false,"layer":8,"vertices":[{"x":295,"y":0,"length":295},{"x":345,"y":0,"length":345},{"x":400,"y":0,"length":400},{"x":455,"y":0,"length":455},{"x":517,"y":0,"length":517},{"x":580,"y":0,"length":580},{"x":650,"y":0,"length":650},{"x":725,"y":0,"length":725},{"x":725,"y":55,"length":727.0832139445938},{"x":680,"y":55,"length":682.22063879657},{"x":625,"y":55,"length":627.4153329334564},{"x":570,"y":55,"length":572.647360947381},{"x":495,"y":55,"length":498.0461825975579},{"x":430,"y":55,"length":433.50317184537414},{"x":360,"y":55,"length":364.17715469260287},{"x":295,"y":55,"length":300.0833217624732}],"isStatic":false,"safeId":1,"isWheel":false}},{"className":"frg.game.editor.objects::DynamicPather","params":{"originOffsetRatio":0,"x":9033,"safeId":1,"stretchTexture":false,"graphic":true,"straightSides":true,"vertices":[{"x":9,"y":46,"length":46.87216658103186},{"x":43,"y":-166,"length":171.4788616710526},{"x":63,"y":-179,"length":189.76301009416983},{"x":83,"y":-168,"length":187.3846311734236},{"x":110,"y":49,"length":120.42009799032718}],"physic":true,"repeatTexture":true,"id":-1,"rotation":0,"y":-12,"height":243.8,"isStatic":false,"textureOffset":0,"action":0,"width":116.85,"wireframe":false,"snapToGrid":false,"density":"1","textureMode":true,"shapeH":16,"type":7,"smoothing":true}},{"className":"frg.game.editor.objects::LandscapeShaper","params":{"x":13362,"rotation":0,"graphic":false,"id":-1,"line":true,"physic":true,"plr":false,"y":114,"rem":true,"density":1,"ignore":false,"layer":0,"vertices":[{"x":0,"y":0,"length":0},{"x":50,"y":0,"length":50},{"x":50,"y":25,"length":55.90169943749474},{"x":0,"y":25,"length":25}],"isStatic":true,"safeId":-1,"isWheel":false}},{"className":"frg.game.editor.objects::LandscapeShaper","params":{"x":14192,"rotation":0,"graphic":false,"id":-1,"line":true,"physic":true,"plr":false,"y":84,"rem":true,"density":1,"ignore":false,"layer":0,"vertices":[{"x":0,"y":0,"length":0},{"x":50,"y":0,"length":50},{"x":50,"y":25,"length":55.90169943749474},{"x":0,"y":25,"length":25}],"isStatic":true,"safeId":-1,"isWheel":false}},{"className":"frg.game.editor.objects::LandscapeShaper","params":{"x":13962,"rotation":0,"graphic":true,"id":-1,"line":true,"physic":true,"plr":false,"y":-727,"rem":true,"density":1,"ignore":false,"layer":2,"vertices":[{"x":-5,"y":-48,"length":48.25971404805462},{"x":-15,"y":-88,"length":89.26925562588724},{"x":-33,"y":-129,"length":133.15404612703287},{"x":-53,"y":-160,"length":168.5496959356498},{"x":-83,"y":-194,"length":211.00947846009194},{"x":-106,"y":-213,"length":237.91805311913595},{"x":-134,"y":-232,"length":267.9178978717174},{"x":-163,"y":-247,"length":295.93580384941595},{"x":-192,"y":-258,"length":321.6022387981775},{"x":-233,"y":-266,"length":353.61702447704636},{"x":-265,"y":-268,"length":376.89388426983},{"x":-294,"y":-269,"length":398.4934127435484},{"x":-328,"y":-264,"length":421.0463157421045},{"x":-358,"y":-254,"length":438.953300477397},{"x":-385,"y":-245,"length":456.3441683641854},{"x":-420,"y":-223,"length":475.53023037447366},{"x":-444,"y":-205,"length":489.0408980852215},{"x":-472,"y":-177,"length":504.0962209737343},{"x":-495,"y":-146,"length":516.0823577686027},{"x":-508,"y":-125,"length":523.1529413087534},{"x":-519,"y":-100,"length":528.546119085175},{"x":-530,"y":-75,"length":535.2803004034429},{"x":-535,"y":-48,"length":537.1489551325591},{"x":-537,"y":-21,"length":537.4104576578316},{"x":-538,"y":12,"length":538.1338123552542},{"x":-535,"y":43,"length":536.7252556010384},{"x":-528,"y":76,"length":533.4416556662968},{"x":-518,"y":105,"length":528.5347670683548},{"x":-501,"y":136,"length":519.1310046606733},{"x":-480,"y":167,"length":508.2214084432099},{"x":-449,"y":190,"length":487.5458952755115},{"x":-452,"y":228,"length":506.24895061619634},{"x":-1200,"y":223,"length":1220.5445506002638},{"x":-1805,"y":785,"length":1968.3114590938092},{"x":-2868,"y":784,"length":2973.2272028891434},{"x":-2880,"y":-65,"length":2880.7334135598176},{"x":-2265,"y":-535,"length":2327.32679269586},{"x":3820,"y":-575,"length":3863.0331347271667},{"x":3600,"y":95,"length":3601.253254076975},{"x":61,"y":97,"length":114.58621208504974},{"x":40,"y":96,"length":104},{"x":22,"y":90,"length":92.64987857520376}],"isStatic":true,"safeId":-1,"isWheel":false}},{"className":"frg.game.editor.objects::LandscapeShaper","params":{"x":320,"rotation":0,"graphic":true,"id":2,"line":true,"physic":false,"plr":false,"y":260,"rem":false,"density":1,"ignore":false,"layer":8,"vertices":[{"x":90,"y":-40,"length":98.48857801796105},{"x":155,"y":-40,"length":160.0781059358212},{"x":215,"y":-40,"length":218.68927728629038},{"x":275,"y":-40,"length":277.89386463180506},{"x":335,"y":-40,"length":337.37960815674677},{"x":397,"y":-40,"length":399.01002493671757},{"x":420,"y":-87,"length":428.9160757071248},{"x":455,"y":-160,"length":482.3121395942673},{"x":490,"y":-230,"length":541.2947441089743},{"x":535,"y":-325,"length":625.9792328823696},{"x":585,"y":-230,"length":628.589691293136},{"x":620,"y":-160,"length":640.3124237432849},{"x":655,"y":-90,"length":661.1542936410532},{"x":685,"y":-40,"length":686.1668893206667},{"x":755,"y":-40,"length":756.0588601425156},{"x":815,"y":-40,"length":815.9810046808688},{"x":880,"y":-40,"length":880.9086218218097},{"x":880,"y":5,"length":880.0142044308149},{"x":880,"y":55,"length":881.7170748034769},{"x":790,"y":55,"length":791.9122426127784},{"x":705,"y":55,"length":707.1421356417676},{"x":625,"y":55,"length":627.4153329334564},{"x":540,"y":55,"length":542.7936993002038},{"x":455,"y":55,"length":458.31212072123947},{"x":375,"y":55,"length":379.0118731649445},{"x":300,"y":55,"length":305},{"x":215,"y":55,"length":221.92341021172146},{"x":145,"y":55,"length":155.08062419270823},{"x":90,"y":55,"length":105.47511554864494},{"x":90,"y":10,"length":90.55385138137417}],"isStatic":true,"safeId":-1,"isWheel":false}},{"className":"frg.game.editor.objects::DynamicPather","params":{"originOffsetRatio":0,"x":1969,"safeId":-1,"stretchTexture":false,"graphic":false,"straightSides":true,"vertices":[{"x":0,"y":51,"length":51},{"x":23,"y":79,"length":82.28000972289685},{"x":121,"y":81,"length":145.60906565183365},{"x":462,"y":-590,"length":749.3623956404538}],"physic":true,"repeatTexture":true,"id":-1,"rotation":0,"y":53,"height":687.65,"isStatic":true,"textureOffset":0,"action":0,"width":478.65,"wireframe":false,"snapToGrid":false,"density":"1","textureMode":true,"shapeH":20,"type":0,"smoothing":true}},{"className":"frg.game.editor.objects::LandscapeShaper","params":{"x":1970,"rotation":0,"graphic":true,"id":-1,"line":true,"physic":false,"plr":false,"y":120,"rem":true,"density":1,"ignore":false,"layer":4,"vertices":[{"x":0,"y":0,"length":0},{"x":210,"y":0,"length":210},{"x":210,"y":50,"length":215.87033144922904},{"x":0,"y":50,"length":50}],"isStatic":true,"safeId":-1,"isWheel":false}},{"className":"frg.game.editor.objects::DynamicPather","params":{"originOffsetRatio":0,"x":4179,"safeId":-1,"stretchTexture":false,"graphic":false,"straightSides":true,"vertices":[{"x":-173,"y":-805,"length":823.3796208311206},{"x":79,"y":79,"length":111.72287142747452},{"x":205,"y":79,"length":219.69524346239268},{"x":219,"y":30,"length":221.04524423746375}],"physic":true,"repeatTexture":true,"id":-1,"rotation":0,"y":63,"height":900.5,"isStatic":true,"textureOffset":0,"action":0,"width":411.2,"wireframe":false,"snapToGrid":false,"density":"1","textureMode":true,"shapeH":20,"type":0,"smoothing":true}},{"className":"frg.game.editor.objects::LandscapeShaper","params":{"x":4180,"rotation":0,"graphic":true,"id":-1,"line":true,"physic":false,"plr":false,"y":130,"rem":true,"density":1,"ignore":false,"layer":4,"vertices":[{"x":0,"y":0,"length":0},{"x":210,"y":0,"length":210},{"x":210,"y":50,"length":215.87033144922904},{"x":0,"y":50,"length":50}],"isStatic":true,"safeId":-1,"isWheel":false}},{"className":"frg.game.editor.objects::LandscapeShaper","params":{"x":440,"rotation":0,"graphic":true,"id":-1,"line":true,"physic":true,"plr":false,"y":-220,"rem":true,"density":1,"ignore":false,"layer":8,"vertices":[{"x":0,"y":0,"length":0},{"x":55,"y":0,"length":55},{"x":112,"y":0,"length":112},{"x":181,"y":0,"length":181},{"x":250,"y":0,"length":250},{"x":315,"y":0,"length":315},{"x":375,"y":0,"length":375},{"x":445,"y":0,"length":445},{"x":520,"y":0,"length":520},{"x":590,"y":0,"length":590},{"x":665,"y":0,"length":665},{"x":735,"y":0,"length":735},{"x":735,"y":55,"length":737.0549504616328},{"x":680,"y":55,"length":682.22063879657},{"x":625,"y":55,"length":627.4153329334564},{"x":555,"y":55,"length":557.718567021038},{"x":480,"y":55,"length":483.1407662369219},{"x":410,"y":55,"length":413.67257583746107},{"x":340,"y":55,"length":344.41980198589044},{"x":270,"y":55,"length":275.54491466909707},{"x":200,"y":55,"length":207.4246851269154},{"x":130,"y":55,"length":141.15594213493105},{"x":65,"y":55,"length":85.14693182963201},{"x":0,"y":55,"length":55}],"isStatic":false,"safeId":-1,"isWheel":false}},{"className":"frg.game.editor.objects::DynamicPather","params":{"originOffsetRatio":0,"x":15262,"safeId":-1,"stretchTexture":false,"graphic":true,"straightSides":true,"vertices":[{"x":0,"y":0,"length":0},{"x":165,"y":108,"length":197.20294115453754},{"x":234,"y":336,"length":409.4532940397476}],"physic":true,"repeatTexture":true,"id":-1,"rotation":0,"y":92,"height":372,"isStatic":true,"textureOffset":0,"action":0,"width":282.2,"wireframe":false,"snapToGrid":false,"density":"1","textureMode":true,"shapeH":64,"type":5,"smoothing":true}},{"className":"frg.game.editor.objects::DynamicPather","params":{"originOffsetRatio":0,"x":15990,"safeId":-1,"stretchTexture":false,"graphic":true,"straightSides":true,"vertices":[{"x":-111,"y":-12,"length":111.64676439557037},{"x":-32,"y":-260,"length":261.96182928052707},{"x":149,"y":-362,"length":391.46519640959144}],"physic":true,"repeatTexture":true,"id":-1,"rotation":0,"y":440,"height":387.6,"isStatic":true,"textureOffset":0,"action":0,"width":306.2,"wireframe":false,"snapToGrid":false,"density":"1","textureMode":true,"shapeH":64,"type":5,"smoothing":true}},{"className":"frg.game.editor.objects::LandscapeShaper","params":{"x":-30,"rotation":0,"graphic":true,"id":-1,"line":true,"physic":true,"plr":false,"y":330,"rem":true,"density":1,"ignore":false,"layer":2,"vertices":[{"x":5095,"y":-5,"length":5095.002453385082},{"x":5490,"y":410,"length":5505.288366652559},{"x":-1050,"y":370,"length":1113.2834320154054},{"x":-1040,"y":-1525,"length":1845.8670049599998},{"x":-835,"y":-1535,"length":1747.412372624161},{"x":-830,"y":0,"length":830}],"isStatic":true,"safeId":-1,"isWheel":false}}],[{"className":"SignPillar","params":{"scaleX":1,"rotation":0,"scaleY":1,"x":6530,"y":240,"width":9.3,"height":128.35}},{"className":"SignPillar","params":{"scaleX":1,"rotation":0,"scaleY":1,"x":10900,"y":206,"width":9.3,"height":128.35}},{"className":"SignPillar","params":{"scaleX":1,"rotation":0,"scaleY":1,"x":14690,"y":-17,"width":9.3,"height":128.35}},{"className":"SpikeBall200E","params":{"x":9090,"active":true,"y":70,"ag":true,"sgos":true,"id":-1,"ad":-1,"width":273,"height":324.1,"scaleX":1,"btg":true,"scaleY":1,"safeId":-1,"rotation":0}},{"className":"SpikeBall137E","params":{"x":2073,"active":true,"y":0,"ag":true,"sgos":true,"id":-1,"ad":-1,"width":301.8,"height":324.1,"scaleX":1,"btg":true,"scaleY":1,"safeId":-1,"rotation":0}},{"className":"SpikeBall137E","params":{"x":4317,"active":true,"y":3,"ag":true,"sgos":true,"id":-1,"ad":-1,"width":301.8,"height":324.1,"scaleX":1,"btg":true,"scaleY":1,"safeId":-1,"rotation":0}},{"className":"SpikeBall137E","params":{"x":440,"active":false,"y":260,"ag":true,"sgos":true,"id":2,"ad":-1,"width":301.8,"height":324.1,"scaleX":1,"btg":false,"scaleY":1,"safeId":-1,"rotation":0}},{"className":"SpikeBall137E","params":{"x":1170,"active":false,"y":260,"ag":true,"sgos":true,"id":2,"ad":-1,"width":301.8,"height":324.1,"scaleX":1,"btg":false,"scaleY":1,"safeId":-1,"rotation":0}}],[{"className":"Tnt1","params":{"x":8770,"count":1,"rotation":0,"y":-20,"stones":false,"physic":false,"impulse":1,"id":11,"width":53.2,"radius":1,"height":53.2,"safeId":1}},{"className":"Tnt1","params":{"x":8770,"count":1,"rotation":0,"y":-70,"stones":false,"physic":false,"impulse":1,"id":11,"width":53.2,"radius":1,"height":53.2,"safeId":1}},{"className":"Tnt1","params":{"x":8770,"count":1,"rotation":0,"y":-120,"stones":false,"physic":false,"impulse":1,"id":11,"width":53.2,"radius":1,"height":53.2,"safeId":1}},{"className":"GeyserE","params":{"x":15700,"id":44,"rotation":-89.99999999999994,"y":214,"speed":400,"safeId":-1,"rate":1,"width":331,"height":128}},{"className":"GeyserE","params":{"x":15841,"id":44,"rotation":-74.99999999999994,"y":251,"speed":1400,"safeId":-1,"rate":1,"width":303,"height":128}},{"className":"GeyserE","params":{"x":15565,"id":44,"rotation":-101.99999999999994,"y":243,"speed":400,"safeId":-1,"rate":1,"width":303,"height":128}},{"className":"Tnt1","params":{"x":2024,"count":30,"rotation":0,"y":97,"stones":true,"physic":true,"impulse":25000,"id":42,"width":53.2,"radius":200,"height":53.2,"safeId":3}},{"className":"Tnt1","params":{"x":4347,"count":30,"rotation":0,"y":107,"stones":true,"physic":true,"impulse":10000,"id":52,"width":53.2,"radius":200,"height":53.2,"safeId":3}}],null,[{"className":"PlayerWP","params":{"x":460,"rotation":0,"y":30,"width":64,"height":32}},{"className":"SafePointE","params":{"x":6530,"rotation":0,"y":160,"id":1,"width":128,"height":1891}},{"className":"SafePointE","params":{"x":10900,"rotation":0,"y":130,"id":2,"width":128,"height":1081}},{"className":"SafePointE","params":{"x":14690,"rotation":0,"y":-90,"id":3,"width":128,"height":1145}}],[{"className":"PivotJointE","params":{"x":411,"safeId":-1,"rotation":0,"graphic":0,"id":1,"y":57,"width":17,"height":17}},{"className":"PivotJointE","params":{"x":517,"safeId":-1,"rotation":0,"graphic":0,"id":5,"y":52,"width":17,"height":17}},{"className":"ToggleE","params":{"x":920,"safeId":-1,"rotation":0,"y":-560,"sndId":-1,"fnl":false,"off":false,"id":1,"id_off":-1,"width":64,"height":691}},{"className":"MotorJointE","params":{"x":858,"useWeld":false,"rotation":0,"y":-189,"id":2,"graphic":0,"height":17,"width":17,"time":1,"safeId":-1,"rate":130,"snd":false}},{"className":"ToggleE","params":{"x":470,"safeId":-1,"rotation":0,"y":130,"sndId":-1,"fnl":false,"off":false,"id":2,"id_off":-1,"width":206,"height":64}},{"className":"PivotJointE","params":{"x":470,"safeId":-1,"rotation":0,"graphic":0,"id":-1,"y":-200,"width":17,"height":17}},{"className":"ToggleE","params":{"x":740,"safeId":-1,"rotation":0,"y":-560,"sndId":-1,"fnl":false,"off":false,"id":5,"id_off":-1,"width":64,"height":691}},{"className":"MotorJointE","params":{"x":8813,"useWeld":false,"rotation":0,"y":-187,"id":11,"graphic":0,"height":17,"width":17,"time":0.5,"safeId":1,"rate":-250,"snd":false}},{"className":"PivotJointE","params":{"x":9142,"safeId":1,"rotation":0,"graphic":0,"id":12,"y":29,"width":17,"height":17}},{"className":"ToggleE","params":{"x":8738,"safeId":1,"rotation":0,"y":-420,"sndId":-1,"fnl":false,"off":false,"id":12,"id_off":-1,"width":73,"height":440}},{"className":"ToggleE","params":{"x":8508,"safeId":1,"rotation":0,"y":-516,"sndId":-1,"fnl":false,"off":false,"id":11,"id_off":-1,"width":67,"height":404}},{"className":"PivotJointE","params":{"x":9044,"safeId":1,"rotation":0,"graphic":0,"id":12,"y":28,"width":17,"height":17}},{"className":"PivotJointE","params":{"x":9098,"safeId":1,"rotation":0,"graphic":0,"id":-1,"y":-190,"width":17,"height":17}},{"className":"MotorJointE","params":{"x":8170,"useWeld":false,"rotation":0,"y":30,"id":7,"graphic":2,"height":17,"width":17,"time":0,"safeId":1,"rate":-150,"snd":false}},{"className":"PivotJointE","params":{"x":13742,"safeId":2,"rotation":0,"graphic":0,"id":-1,"y":-57,"width":17,"height":17}},{"className":"ToggleE","params":{"x":14750,"safeId":3,"rotation":0,"y":-280,"sndId":-1,"fnl":false,"off":false,"id":44,"id_off":-1,"width":64,"height":1027}},{"className":"MotorJointE","params":{"x":2069,"useWeld":false,"rotation":0,"y":-87,"id":41,"graphic":0,"height":17,"width":17,"time":1.5,"safeId":3,"rate":60,"snd":false}},{"className":"ToggleE","params":{"x":1379,"safeId":3,"rotation":0,"y":-707,"sndId":-1,"fnl":false,"off":false,"id":41,"id_off":-1,"width":64,"height":1335}},{"className":"ToggleE","params":{"x":2329,"safeId":3,"rotation":0,"y":-648,"sndId":-1,"fnl":false,"off":false,"id":42,"id_off":-1,"width":64,"height":2654}},{"className":"MotorJointE","params":{"x":4279,"useWeld":false,"rotation":0,"y":-77,"id":51,"graphic":0,"height":17,"width":17,"time":0.8,"safeId":3,"rate":60,"snd":false}},{"className":"ToggleE","params":{"x":3599,"safeId":3,"rotation":0,"y":-788,"sndId":-1,"fnl":false,"off":false,"id":52,"id_off":2,"width":64,"height":2486}},{"className":"ToggleE","params":{"x":3669,"safeId":3,"rotation":0,"y":-787,"sndId":-1,"fnl":false,"off":false,"id":51,"id_off":71,"width":64,"height":2798}},{"className":"ToggleE","params":{"x":6590,"safeId":1,"rotation":0,"y":-460,"sndId":-1,"fnl":false,"off":false,"id":7,"id_off":52,"width":64,"height":1658}},{"className":"PivotJointE","params":{"x":8954,"safeId":-1,"rotation":0,"graphic":0,"id":11,"y":-192,"width":17,"height":17}},{"className":"ToggleE","params":{"x":588,"safeId":-1,"rotation":0,"y":-625,"sndId":1,"fnl":false,"off":false,"id":0,"id_off":-1,"width":102,"height":2024}},{"className":"ToggleE","params":{"x":9040,"safeId":-1,"rotation":0,"y":-414,"sndId":0,"fnl":false,"off":false,"id":0,"id_off":-1,"width":118,"height":656}},{"className":"ToggleE","params":{"x":13660,"safeId":-1,"rotation":0,"y":-1104,"sndId":0,"fnl":false,"off":false,"id":0,"id_off":-1,"width":118,"height":656}},{"className":"ToggleE","params":{"x":15980,"safeId":-1,"rotation":0,"y":116,"sndId":0,"fnl":false,"off":false,"id":0,"id_off":-1,"width":242,"height":272}},{"className":"ToggleE","params":{"x":10760,"safeId":1,"rotation":0,"y":-250,"sndId":-1,"fnl":false,"off":false,"id":0,"id_off":7,"width":64,"height":2264}},{"className":"ToggleE","params":{"x":450,"safeId":-1,"rotation":0,"y":-280,"sndId":-1,"fnl":false,"off":false,"id":71,"id_off":-1,"width":567,"height":64}},{"className":"ToggleE","params":{"x":5350,"safeId":-1,"rotation":0,"y":-650,"sndId":-1,"fnl":false,"off":false,"id":0,"id_off":41,"width":64,"height":2884}},{"className":"ToggleE","params":{"x":11350,"safeId":-1,"rotation":0,"y":-60,"sndId":-1,"fnl":false,"off":false,"id":0,"id_off":51,"width":64,"height":1246}}]]}