{"settings":{"theme":6,"countdown":0,"prizes":"30,38,49","gravityY":500},"layers":[[{"className":"frg.game.editor.objects::LandscapeShaper","params":{"x":18100,"rotation":0,"graphic":true,"id":-1,"line":true,"physic":true,"plr":false,"y":260,"rem":true,"density":1,"ignore":false,"layer":9,"vertices":[{"x":0,"y":-345,"length":345},{"x":20,"y":-347,"length":347.57589099360735},{"x":860,"y":-345,"length":926.6202026720548},{"x":880,"y":-345,"length":945.2116165176981},{"x":880,"y":-285,"length":925},{"x":860,"y":-275,"length":902.8981116382955},{"x":585,"y":-135,"length":600.374882885685},{"x":565,"y":-125,"length":578.6622503671723},{"x":565,"y":-93,"length":572.6028291931502},{"x":566,"y":339,"length":659.7552576524116},{"x":565,"y":365,"length":672.6440366196671},{"x":280,"y":370,"length":464.0043103248072},{"x":280,"y":340,"length":440.45431091090484},{"x":280,"y":-95,"length":295.67718883945037},{"x":280,"y":-125,"length":306.6349621292393},{"x":262,"y":-136,"length":295.1948509036023},{"x":17,"y":-275,"length":275.5249534978638},{"x":0,"y":-285,"length":285}],"isStatic":false,"safeId":-1,"isWheel":false}},{"className":"frg.game.editor.objects::LandscapeShaper","params":{"x":16610,"rotation":0,"graphic":true,"id":-1,"line":true,"physic":true,"plr":false,"y":260,"rem":true,"density":1,"ignore":false,"layer":8,"vertices":[{"x":0,"y":-345,"length":345},{"x":70,"y":-345,"length":352.02982828163863},{"x":140,"y":-345,"length":372.3237838226293},{"x":215,"y":-345,"length":406.5095324835569},{"x":290,"y":-345,"length":450.6939094329987},{"x":355,"y":-345,"length":495.025251881154},{"x":435,"y":-345,"length":555.2026656996525},{"x":520,"y":-345,"length":624.0392615853589},{"x":599,"y":-345,"length":691.2495931282708},{"x":690,"y":-344,"length":770.9967574510284},{"x":785,"y":-345,"length":857.4672005388894},{"x":880,"y":-345,"length":945.2116165176981},{"x":880,"y":-285,"length":925},{"x":815,"y":-250,"length":852.4816713572204},{"x":750,"y":-220,"length":781.6009211867653},{"x":685,"y":-185,"length":709.5421058682846},{"x":627,"y":-156,"length":646.1153147852169},{"x":565,"y":-125,"length":578.6622503671723},{"x":565,"y":-60,"length":568.1769090697017},{"x":565,"y":-15,"length":565.1990799709426},{"x":565,"y":35,"length":566.0830327787612},{"x":565,"y":125,"length":578.6622503671723},{"x":280,"y":130,"length":308.70698080866265},{"x":280,"y":45,"length":283.59301824974466},{"x":280,"y":-5,"length":280.04463929880893},{"x":280,"y":-65,"length":287.4456470360962},{"x":280,"y":-125,"length":306.6349621292393},{"x":218,"y":-160,"length":270.4144966528237},{"x":152,"y":-197,"length":248.82323042674292},{"x":100,"y":-229,"length":249.88197213884797},{"x":50,"y":-256,"length":260.83711392361323},{"x":0,"y":-285,"length":285}],"isStatic":false,"safeId":-1,"isWheel":false}},{"className":"frg.game.editor.objects::LandscapeShaper","params":{"x":15150,"rotation":0,"graphic":true,"id":-1,"line":true,"physic":true,"plr":false,"y":250,"rem":true,"density":1,"ignore":false,"layer":8,"vertices":[{"x":0,"y":-345,"length":345},{"x":70,"y":-345,"length":352.02982828163863},{"x":155,"y":-345,"length":378.21951298154886},{"x":235,"y":-345,"length":417.43262929483603},{"x":330,"y":-345,"length":477.4149138851865},{"x":420,"y":-345,"length":543.5301279598032},{"x":500,"y":-345,"length":607.4742792909013},{"x":580,"y":-345,"length":674.8518355905984},{"x":665,"y":-345,"length":749.1662031885849},{"x":730,"y":-345,"length":807.4187265601412},{"x":800,"y":-345,"length":871.2204083927327},{"x":880,"y":-345,"length":945.2116165176981},{"x":880,"y":-285,"length":925},{"x":815,"y":-250,"length":852.4816713572204},{"x":750,"y":-215,"length":780.2083055184686},{"x":695,"y":-185,"length":719.200945494373},{"x":630,"y":-155,"length":648.7873303325213},{"x":565,"y":-125,"length":578.6622503671723},{"x":565,"y":-70,"length":569.3197695495916},{"x":565,"y":35,"length":566.0830327787612},{"x":565,"y":125,"length":578.6622503671723},{"x":280,"y":130,"length":308.70698080866265},{"x":280,"y":30,"length":281.60255680657446},{"x":280,"y":-65,"length":287.4456470360962},{"x":280,"y":-125,"length":306.6349621292393},{"x":205,"y":-165,"length":263.1539473388153},{"x":145,"y":-200,"length":247.0323865407125},{"x":100,"y":-225,"length":246.22144504490262},{"x":44,"y":-258,"length":261.72504656604804},{"x":0,"y":-285,"length":285}],"isStatic":false,"safeId":-1,"isWheel":false}},{"className":"frg.game.editor.objects::WaterShaper","params":{"x":14763,"rotation":0,"y":-171,"bg":true,"sf":true,"density":1.5,"id":-1,"viscosity":1.5,"vertices":[{"x":0,"y":0,"length":0},{"x":5480,"y":0,"length":5480},{"x":5480,"y":100,"length":5480.912332814674},{"x":0,"y":100,"length":100}]}},{"className":"frg.game.editor.objects::LandscapeShaper","params":{"x":10950,"rotation":0,"graphic":true,"id":-1,"line":true,"physic":true,"plr":false,"y":-180,"rem":true,"density":1,"ignore":false,"layer":8,"vertices":[{"x":-65,"y":0,"length":65},{"x":19,"y":-53,"length":56.302753041036986},{"x":115,"y":-115,"length":162.63455967290594},{"x":200,"y":-55,"length":207.4246851269154},{"x":285,"y":5,"length":285.0438562747845},{"x":285,"y":75,"length":294.7032405658275},{"x":-65,"y":80,"length":103.07764064044152}],"isStatic":true,"safeId":-1,"isWheel":false}},{"className":"frg.game.editor.objects::LandscapeShaper","params":{"x":8210,"rotation":0,"graphic":true,"id":-1,"line":true,"physic":true,"plr":false,"y":190,"rem":true,"density":1,"ignore":false,"layer":2,"vertices":[{"x":0,"y":-345,"length":345},{"x":880,"y":-345,"length":945.2116165176981},{"x":880,"y":-285,"length":925},{"x":565,"y":-125,"length":578.6622503671723},{"x":565,"y":125,"length":578.6622503671723},{"x":280,"y":130,"length":308.70698080866265},{"x":280,"y":-125,"length":306.6349621292393},{"x":0,"y":-285,"length":285}],"isStatic":true,"safeId":-1,"isWheel":false}},{"className":"frg.game.editor.objects::WaterShaper","params":{"x":7910,"rotation":0,"y":30,"bg":true,"sf":true,"density":1.5,"id":-1,"viscosity":1.5,"vertices":[{"x":-265,"y":0,"length":265},{"x":1840,"y":0,"length":1840},{"x":1840,"y":395,"length":1881.9205615540736},{"x":-265,"y":395,"length":475.6574397610112}]}},{"className":"frg.game.editor.objects::LandscapeShaper","params":{"x":6418,"rotation":0,"graphic":true,"id":-1,"line":true,"physic":true,"plr":false,"y":-520,"rem":true,"density":1,"ignore":false,"layer":9,"vertices":[{"x":0,"y":0,"length":0},{"x":33,"y":-18,"length":37.589892258425},{"x":77,"y":-32,"length":83.38465086573187},{"x":114,"y":-40,"length":120.81390648431164},{"x":155,"y":-47,"length":161.96913286178943},{"x":189,"y":-48,"length":195},{"x":214,"y":-47,"length":219.10043359153812},{"x":239,"y":-41,"length":242.4912369550702},{"x":270,"y":-54,"length":275.3470537340104},{"x":305,"y":-67,"length":312.27231705676377},{"x":337,"y":-76,"length":345.46345682285994},{"x":366,"y":-81,"length":374.85597234137805},{"x":405,"y":-82,"length":413.2178602141974},{"x":440,"y":-82,"length":447.57569192260655},{"x":475,"y":-77,"length":481.20058187828494},{"x":503,"y":-73,"length":508.2696134926817},{"x":534,"y":-81,"length":540.1083224687433},{"x":569,"y":-89,"length":575.9183969973524},{"x":588,"y":-114,"length":598.9490796386617},{"x":594,"y":-148,"length":612.1601097752123},{"x":583,"y":-176,"length":608.9868635693219},{"x":562,"y":-195,"length":594.8688931184753},{"x":543,"y":-203,"length":579.7050974417941},{"x":531,"y":-211,"length":571.3860341310417},{"x":528,"y":-264,"length":590.3219460599445},{"x":550,"y":-265,"length":610.5120801425636},{"x":580,"y":-261,"length":636.019653784378},{"x":603,"y":-250,"length":652.770250547618},{"x":631,"y":-235,"length":673.3394389162127},{"x":650,"y":-209,"length":682.7744869281511},{"x":662,"y":-177,"length":685.2539675186127},{"x":667,"y":-134,"length":680.3271271969096},{"x":665,"y":-91,"length":671.1974374206147},{"x":695,"y":-85,"length":700.1785486574121},{"x":730,"y":-76,"length":733.9455020640156},{"x":755,"y":-67,"length":757.9670177520919},{"x":783,"y":-75,"length":786.5837526926169},{"x":820,"y":-82,"length":824.089800931913},{"x":857,"y":-82,"length":860.9140491361493},{"x":897,"y":-82,"length":900.7402511268162},{"x":933,"y":-77,"length":936.1719927449229},{"x":967,"y":-70,"length":969.5302986498152},{"x":1003,"y":-58,"length":1004.6755695248094},{"x":1030,"y":-44,"length":1030.939377461158},{"x":1064,"y":-49,"length":1065.1276918754859},{"x":1108,"y":-54,"length":1109.3151040168884},{"x":1149,"y":-57,"length":1150.4129693288405},{"x":1192,"y":-52,"length":1193.1336890726034},{"x":1228,"y":-47,"length":1228.8991008215442},{"x":1268,"y":-33,"length":1268.429343716078},{"x":1310,"y":-13,"length":1310.0645022288024},{"x":1346,"y":8,"length":1346.0237739356612},{"x":1379,"y":35,"length":1379.444090929386},{"x":1411,"y":65,"length":1412.4963716767559},{"x":1440,"y":101,"length":1443.5376683689276},{"x":1468,"y":147,"length":1475.3416553463132},{"x":1490,"y":187,"length":1501.6887160793344},{"x":1506,"y":225,"length":1522.7150094485835},{"x":1523,"y":273,"length":1547.274377736541},{"x":1533,"y":322,"length":1566.4523612290288},{"x":1538,"y":359,"length":1579.3432179231972},{"x":1537,"y":415,"length":1592.0408286221807},{"x":1531,"y":469,"length":1601.225155935292},{"x":1523,"y":511,"length":1606.4401638405334},{"x":1506,"y":560,"length":1606.7470242698444},{"x":1485,"y":610,"length":1605.4049333423638},{"x":1457,"y":651,"length":1595.822671852985},{"x":1427,"y":693,"length":1586.3725917955087},{"x":1386,"y":738,"length":1570.235651104636},{"x":1344,"y":767,"length":1547.4575923106906},{"x":1293,"y":796,"length":1518.3757769406097},{"x":1255,"y":811,"length":1494.237598241993},{"x":1166,"y":826,"length":1428.9268700671844},{"x":180,"y":836,"length":855.1584648473054},{"x":114,"y":821,"length":828.8769510608918},{"x":60,"y":807,"length":809.2274093232384},{"x":8,"y":784,"length":784.0408152641035},{"x":-33,"y":758,"length":758.7179976776615},{"x":-73,"y":725,"length":728.6659042386984},{"x":-113,"y":685,"length":694.2578771609293},{"x":-140,"y":652,"length":666.861304920296},{"x":-165,"y":608,"length":629.9912697807804},{"x":-185,"y":561,"length":590.7165140742215},{"x":-201,"y":508,"length":546.3195035874154},{"x":-211,"y":454,"length":500.6365947471279},{"x":-216,"y":402,"length":456.3551248753541},{"x":-215,"y":347,"length":408.20828017079714},{"x":-206,"y":292,"length":357.35136770411276},{"x":-193,"y":241,"length":308.75556675143525},{"x":-175,"y":195,"length":262.01145013147806},{"x":-157,"y":163,"length":226.31394124092313},{"x":-135,"y":124,"length":183.3057555015663},{"x":-107,"y":89,"length":139.17614738165446},{"x":-73,"y":52,"length":89.62700485902673},{"x":-42,"y":26,"length":49.39635614091387}],"isStatic":true,"safeId":-1,"isWheel":false}},{"className":"frg.game.editor.objects::GroundPather","params":{"x":-10,"lineId":0,"wireframe":false,"physic":true,"y":290,"height":1303.05,"isRoad":true,"width":20351,"textureMode":true,"cameraOffsetY":100,"direction":90,"straightSides":true,"directed":true,"originOffsetRatio":0,"thick":128,"stretchTexture":false,"camera":true,"line":true,"repeatTexture":true,"rotation":0,"textureOffset":0,"snapToGrid":false,"shape":true,"smoothing":true,"vertices":[{"x":0,"y":0,"length":0},{"x":1840,"y":0,"length":1840},{"x":1900,"y":-1,"length":1900.0002631578766},{"x":1963,"y":-8,"length":1963.0163015115284},{"x":2024,"y":-23,"length":2024.1306775996454},{"x":2083,"y":-47,"length":2083.530177367249},{"x":2138,"y":-76,"length":2139.350368686719},{"x":2185,"y":-107,"length":2187.618339656166},{"x":2236,"y":-147,"length":2240.8268563188903},{"x":2275,"y":-184,"length":2282.428750257059},{"x":2312,"y":-226,"length":2323.019586658709},{"x":2347,"y":-275,"length":2363.0560721235543},{"x":2383,"y":-337,"length":2406.7110337554027},{"x":2411,"y":-404,"length":2444.613875441273},{"x":2428,"y":-463,"length":2471.750998786083},{"x":2439,"y":-521,"length":2494.025260497576},{"x":2630,"y":-521,"length":2681.108166411792},{"x":2645,"y":-463,"length":2685.2176820511218},{"x":2666,"y":-392,"length":2694.6650997851293},{"x":2692,"y":-314,"length":2710.250910893676},{"x":2722,"y":-239,"length":2732.4723237390713},{"x":2762,"y":-153,"length":2766.234444149664},{"x":2805,"y":-77,"length":2806.0566637186785},{"x":2853,"y":-3,"length":2853.0015772866304},{"x":2903,"y":67,"length":2903.7730627581764},{"x":2968,"y":150,"length":2971.7880139740787},{"x":3043,"y":231,"length":3051.7552326489094},{"x":3125,"y":312,"length":3140.536419148805},{"x":3203,"y":376,"length":3224.9937984436497},{"x":3281,"y":436,"length":3309.842443380047},{"x":3354,"y":485,"length":3388.884919851956},{"x":3436,"y":533,"length":3477.0943329164943},{"x":3515,"y":574,"length":3561.5587879466484},{"x":3604,"y":611,"length":3655.425693404258},{"x":3686,"y":640,"length":3741.1490213569414},{"x":3768,"y":664,"length":3826.0580236060196},{"x":3852,"y":685,"length":3912.4326192280937},{"x":3946,"y":701,"length":4007.7820549525895},{"x":4034,"y":711,"length":4096.178340844061},{"x":4119,"y":718,"length":4181.110498420247},{"x":4209,"y":716,"length":4269.465657433024},{"x":4305,"y":711,"length":4363.3182327215145},{"x":4392,"y":703,"length":4447.906586249311},{"x":4489,"y":689,"length":4541.568231349167},{"x":4580,"y":669,"length":4628.602488872856},{"x":4670,"y":647,"length":4714.605922025721},{"x":4767,"y":614,"length":4806.379614637196},{"x":4861,"y":574,"length":4894.772415547019},{"x":4947,"y":529,"length":4975.203513425356},{"x":5036,"y":475,"length":5058.351608973026},{"x":5123,"y":416,"length":5139.862352242519},{"x":5202,"y":353,"length":5213.963271830748},{"x":5271,"y":293,"length":5279.137240117934},{"x":5347,"y":218,"length":5351.442142077218},{"x":5409,"y":149,"length":5411.051838598481},{"x":5464,"y":81,"length":5464.600351352329},{"x":5522,"y":0,"length":5522},{"x":9278,"y":-3,"length":9278.00048501831},{"x":9845,"y":-465,"length":9855.975344936694},{"x":11244,"y":-469,"length":11253.77701040855},{"x":12357,"y":248,"length":12359.488379378816},{"x":12414,"y":286,"length":12417.294069160156},{"x":12476,"y":325,"length":12480.232409694941},{"x":12544,"y":362,"length":12549.222286659839},{"x":12607,"y":387,"length":12612.938515667156},{"x":12681,"y":409,"length":12687.594019356073},{"x":12754,"y":424,"length":12761.045881901688},{"x":12814,"y":430,"length":12821.21273515107},{"x":12877,"y":433,"length":12884.277938635134},{"x":12940,"y":429,"length":12947.109368503843},{"x":13012,"y":419,"length":13018.744371098159},{"x":13093,"y":399,"length":13099.078211843764},{"x":13175,"y":370,"length":13180.194421934753},{"x":13263,"y":324,"length":13266.956885435333},{"x":13310,"y":296,"length":13313.290953028856},{"x":13370,"y":259,"length":13372.508403437256},{"x":14597,"y":-471,"length":14604.596879065166},{"x":14781,"y":-471,"length":14788.502358251157},{"x":14908,"y":-389,"length":14913.074297407627},{"x":16308,"y":-389,"length":16312.638811669925},{"x":20338,"y":-392,"length":20341.777405133504}]}},{"className":"frg.game.editor.objects::DynamicPather","params":{"originOffsetRatio":0,"x":2731,"safeId":-1,"stretchTexture":false,"graphic":true,"straightSides":true,"vertices":[{"x":0,"y":0,"length":0},{"x":75,"y":0,"length":75},{"x":150,"y":0,"length":150},{"x":230,"y":0,"length":230},{"x":310,"y":0,"length":310},{"x":400,"y":0,"length":400},{"x":475,"y":0,"length":475},{"x":550,"y":0,"length":550},{"x":630,"y":0,"length":630},{"x":715,"y":0,"length":715},{"x":790,"y":0,"length":790},{"x":875,"y":0,"length":875},{"x":950,"y":0,"length":950},{"x":1030,"y":0,"length":1030},{"x":1120,"y":0,"length":1120},{"x":1217,"y":0,"length":1217},{"x":1305,"y":0,"length":1305},{"x":1390,"y":-1,"length":1390.0003597121836},{"x":1495,"y":0,"length":1495}],"physic":true,"repeatTexture":true,"id":-1,"rotation":10,"y":-856,"height":18,"isStatic":false,"textureOffset":0,"action":0,"width":1508,"wireframe":false,"snapToGrid":true,"density":"1","textureMode":true,"shapeH":17,"type":4,"smoothing":true}},{"className":"frg.game.editor.objects::WaterShaper","params":{"x":7053,"rotation":0,"y":-262,"bg":false,"sf":false,"density":1.5,"id":-1,"viscosity":1.5,"vertices":[{"x":0,"y":0,"length":0},{"x":10,"y":0,"length":10},{"x":95,"y":195,"length":216.91011963483862},{"x":85,"y":205,"length":221.92341021172146},{"x":-90,"y":205,"length":223.8861317723811},{"x":-100,"y":195,"length":219.14607000811125}]}},{"className":"frg.game.editor.objects::DynamicPather","params":{"originOffsetRatio":0,"x":7050,"safeId":-1,"stretchTexture":false,"graphic":true,"straightSides":true,"vertices":[{"x":-2,"y":3,"length":3.605551275463989},{"x":-87,"y":3,"length":87.05170877128145},{"x":-97,"y":-7,"length":97.25224933131366},{"x":-3,"y":-201,"length":201.02238681301145},{"x":11,"y":-202,"length":202.2992832414391},{"x":97,"y":-8,"length":97.32933781753577},{"x":88,"y":2,"length":88.02272433866155},{"x":-2,"y":3,"length":3.605551275463989}],"physic":true,"repeatTexture":true,"id":-1,"rotation":0,"y":-60,"height":270.5,"isStatic":true,"textureOffset":0,"action":0,"width":270.35,"wireframe":false,"snapToGrid":false,"density":"1","textureMode":true,"shapeH":64,"type":5,"smoothing":true}},{"className":"frg.game.editor.objects::WaterShaper","params":{"x":6685,"rotation":0,"y":-450,"bg":false,"sf":false,"density":1.5,"id":-1,"viscosity":1.5,"vertices":[{"x":0,"y":0,"length":0},{"x":10,"y":0,"length":10},{"x":155,"y":185,"length":241.3503677229434},{"x":145,"y":195,"length":243.00205760445732},{"x":-145,"y":220,"length":263.48624252510797},{"x":-155,"y":210,"length":261.00766272276377}]}},{"className":"frg.game.editor.objects::DynamicPather","params":{"originOffsetRatio":0,"x":6690,"safeId":-1,"stretchTexture":false,"graphic":true,"straightSides":true,"vertices":[{"x":-10,"y":19,"length":21.470910553583888},{"x":-151,"y":30,"length":153.95129099815955},{"x":-160,"y":20,"length":161.24515496597098},{"x":-5,"y":-189,"length":189.06612599828665},{"x":7,"y":-190,"length":190.12890364171355},{"x":149,"y":-6,"length":149.12075643584967},{"x":139,"y":5,"length":139.0898989862312},{"x":-10,"y":19,"length":21.470910553583888}],"physic":true,"repeatTexture":true,"id":-1,"rotation":0,"y":-260,"height":286.5,"isStatic":true,"textureOffset":0,"action":0,"width":392,"wireframe":false,"snapToGrid":false,"density":"1","textureMode":true,"shapeH":64,"type":5,"smoothing":true}},{"className":"frg.game.editor.objects::WaterShaper","params":{"x":7425,"rotation":0,"y":-450,"bg":false,"sf":false,"density":1.5,"id":-1,"viscosity":1.5,"vertices":[{"x":0,"y":0,"length":0},{"x":10,"y":0,"length":10},{"x":160,"y":210,"length":264.0075756488817},{"x":155,"y":220,"length":269.1189328159578},{"x":-160,"y":195,"length":252.23996511258878},{"x":-165,"y":185,"length":247.8911051248108}]}},{"className":"frg.game.editor.objects::WaterShaper","params":{"x":6494,"rotation":0,"y":-133,"bg":false,"sf":false,"density":1.5,"id":-1,"viscosity":1.5,"vertices":[{"x":0,"y":0,"length":0},{"x":30,"y":40,"length":50},{"x":75,"y":85,"length":113.35784048754634},{"x":120,"y":120,"length":169.7056274847714},{"x":168,"y":149,"length":224.5551157288562},{"x":213,"y":170,"length":272.5233934912744},{"x":276,"y":195,"length":337.9363845459675},{"x":270,"y":270,"length":381.8376618407357},{"x":370,"y":287,"length":468.26167897875223},{"x":384,"y":224,"length":444.5582076623937},{"x":449,"y":232,"length":505.3958844312051},{"x":504,"y":238,"length":557.3688186470428},{"x":585,"y":239,"length":631.9382881263011},{"x":646,"y":234,"length":687.0749595204296},{"x":722,"y":225,"length":756.246652885155},{"x":728,"y":285,"length":781.7985674072319},{"x":837,"y":273,"length":880.3965015832355},{"x":833,"y":201,"length":856.907229517875},{"x":891,"y":182,"length":909.3981526262301},{"x":933,"y":164,"length":947.3040694518313},{"x":986,"y":131,"length":994.6642649658226},{"x":1035,"y":103,"length":1040.1124939159226},{"x":1070,"y":72,"length":1072.4196939631424},{"x":1101,"y":41,"length":1101.7631324381844},{"x":1125,"y":13,"length":1125.0751086038656},{"x":1108,"y":88,"length":1111.4890912645071},{"x":1075,"y":139,"length":1083.9492608051357},{"x":1035,"y":191,"length":1052.47612799531},{"x":987,"y":233,"length":1014.1291830925684},{"x":935,"y":271,"length":973.481381434694},{"x":881,"y":303,"length":931.6490755643994},{"x":825,"y":326,"length":887.0744049965595},{"x":746,"y":351,"length":824.4495133117613},{"x":681,"y":362,"length":771.2360209430055},{"x":625,"y":368,"length":725.2923548473401},{"x":618,"y":300,"length":686.9672481275945},{"x":492,"y":298,"length":575.2112655364114},{"x":490,"y":365,"length":611.0032733136542},{"x":445,"y":363,"length":574.276936677767},{"x":395,"y":353,"length":529.7489971675265},{"x":344,"y":339,"length":482.96687256995176},{"x":298,"y":323,"length":439.46899776889836},{"x":248,"y":298,"length":387.6957570054127},{"x":185,"y":261,"length":319.9156138734088},{"x":140,"y":230,"length":269.2582403567252},{"x":95,"y":190,"length":212.42645786248002},{"x":60,"y":150,"length":161.55494421403512},{"x":30,"y":105,"length":109.20164833920778},{"x":10,"y":55,"length":55.90169943749474}]}},{"className":"frg.game.editor.objects::DynamicPather","params":{"originOffsetRatio":0,"x":7410,"safeId":-1,"stretchTexture":false,"graphic":true,"straightSides":true,"vertices":[{"x":5,"y":-4,"length":6.4031242374328485},{"x":-144,"y":-14,"length":144.6789549312546},{"x":-150,"y":-25,"length":152.0690632574555},{"x":13,"y":-210,"length":210.40199618824911},{"x":25,"y":-211,"length":212.47588098417194},{"x":175,"y":0,"length":175},{"x":169,"y":8,"length":169.1892431568863},{"x":11,"y":-3,"length":11.40175425099138}],"physic":false,"repeatTexture":true,"id":-1,"rotation":0,"y":-240,"height":285.55,"isStatic":true,"textureOffset":0,"action":0,"width":403.4,"wireframe":false,"snapToGrid":false,"density":"1","textureMode":true,"shapeH":64,"type":5,"smoothing":true}},{"className":"frg.game.editor.objects::DynamicPather","params":{"originOffsetRatio":0,"x":7630,"safeId":-1,"stretchTexture":false,"graphic":true,"straightSides":true,"vertices":[{"x":0,"y":0,"length":0},{"x":2,"y":35,"length":35.05709628591621},{"x":-13,"y":100,"length":100.84145972763385},{"x":-34,"y":148,"length":151.85519418182574},{"x":-63,"y":189,"length":199.2234925906079},{"x":-92,"y":224,"length":242.15697388264496},{"x":-126,"y":255,"length":284.43101096751036},{"x":-159,"y":282,"length":323.736003558455},{"x":-206,"y":313,"length":374.70655185091175},{"x":-248,"y":337,"length":418.4172558583119},{"x":-302,"y":360,"length":469.89786124220655},{"x":-354,"y":379,"length":518.6106439324207},{"x":-400,"y":391,"length":559.3576673292322},{"x":-453,"y":400,"length":604.3252435568119},{"x":-522,"y":406,"length":661.3017465575},{"x":-527,"y":338,"length":626.0774712445736},{"x":-633,"y":336,"length":716.6484493808663},{"x":-637,"y":405,"length":754.8470043657853},{"x":-684,"y":403,"length":793.8923100773807},{"x":-752,"y":389,"length":846.6551836491642},{"x":-789,"y":379,"length":875.3068033552578},{"x":-840,"y":361,"length":914.2871540167235},{"x":-897,"y":336,"length":957.8648130085999},{"x":-950,"y":305,"length":997.7599911802437},{"x":-995,"y":273,"length":1031.7722616934418},{"x":-1029,"y":245,"length":1057.7646241012224},{"x":-1062,"y":212,"length":1082.9533692638847},{"x":-1091,"y":171,"length":1104.3197000868906},{"x":-1117,"y":130,"length":1124.5394612907098},{"x":-1137,"y":83,"length":1140.0254383126721},{"x":-1146,"y":34,"length":1146.504252063637},{"x":-1145,"y":-16,"length":1145.1117849363004}],"physic":true,"repeatTexture":true,"id":-1,"rotation":0,"y":-160,"height":463.2,"isStatic":true,"textureOffset":0,"action":0,"width":1212.25,"wireframe":false,"snapToGrid":false,"density":"1","textureMode":true,"shapeH":64,"type":5,"smoothing":true}},{"className":"frg.game.editor.objects::DynamicPather","params":{"originOffsetRatio":0,"x":7050,"safeId":-1,"stretchTexture":false,"graphic":true,"straightSides":true,"vertices":[{"x":-564,"y":-355,"length":666.4240391822611},{"x":-545,"y":-316,"length":629.9849204544503},{"x":-523,"y":-283,"length":594.6578848379966},{"x":-493,"y":-250,"length":552.7648686376514},{"x":-460,"y":-222,"length":510.7680491181883},{"x":-423,"y":-194,"length":465.3654477934519},{"x":-376,"y":-168,"length":411.82520563948003},{"x":-323,"y":-144,"length":353.6453025278294},{"x":-266,"y":-122,"length":292.64312737530673},{"x":-275,"y":-49,"length":279.3313444638822},{"x":-194,"y":-34,"length":196.95684806576287},{"x":-180,"y":-100,"length":205.91260281974002},{"x":-123,"y":-91,"length":153.00326793895613},{"x":-68,"y":-86,"length":109.63576058932597},{"x":-19,"y":-84,"length":86.12200647918046},{"x":23,"y":-84,"length":87.09190547921202},{"x":67,"y":-85,"length":108.23123393919151},{"x":126,"y":-91,"length":155.42522317822161},{"x":175,"y":-98,"length":200.57168294652163},{"x":182,"y":-36,"length":185.52627846210896},{"x":267,"y":-48,"length":271.28029784707917},{"x":264,"y":-118,"length":289.1712295509358},{"x":310,"y":-132,"length":336.93322780634145},{"x":353,"y":-148,"length":382.7701660265596},{"x":389,"y":-166,"length":422.93852981254855},{"x":422,"y":-186,"length":461.17241894978935},{"x":459,"y":-208,"length":503.9295585694493},{"x":500,"y":-240,"length":554.616984954482},{"x":532,"y":-271,"length":597.0468993303625},{"x":552,"y":-298,"length":627.3021600472933},{"x":580,"y":-347,"length":675.8764680028445}],"physic":true,"repeatTexture":true,"id":-1,"rotation":0,"y":178,"height":372.15,"isStatic":true,"textureOffset":0,"action":0,"width":1200.55,"wireframe":false,"snapToGrid":false,"density":"1","textureMode":true,"shapeH":64,"type":5,"smoothing":true}},{"className":"frg.game.editor.objects::DynamicPather","params":{"originOffsetRatio":0,"x":8210,"safeId":-1,"stretchTexture":false,"graphic":true,"straightSides":true,"vertices":[{"x":0,"y":0,"length":0},{"x":879,"y":2,"length":879.0022753099107}],"physic":false,"repeatTexture":true,"id":-1,"rotation":0,"y":-165,"height":66,"isStatic":true,"textureOffset":0,"action":0,"width":892,"wireframe":false,"snapToGrid":false,"density":"1","textureMode":true,"shapeH":64,"type":5,"smoothing":true}},{"className":"frg.game.editor.objects::LandscapeShaper","params":{"x":8210,"rotation":0,"graphic":false,"id":-1,"line":true,"physic":true,"plr":false,"y":-169,"rem":true,"density":1,"ignore":false,"layer":0,"vertices":[{"x":0,"y":0,"length":0},{"x":880,"y":0,"length":880},{"x":880,"y":50,"length":881.4193099768123},{"x":0,"y":50,"length":50}],"isStatic":true,"safeId":-1,"isWheel":false}},{"className":"frg.game.editor.objects::LandscapeShaper","params":{"x":11230,"rotation":0,"graphic":true,"id":-1,"line":true,"physic":true,"plr":false,"y":-640,"rem":true,"density":1,"ignore":false,"layer":8,"vertices":[{"x":225,"y":-1190,"length":1211.084224981896},{"x":3045,"y":-1160,"length":3258.469732865414},{"x":3100,"y":-1045,"length":3271.3949623975395},{"x":3100,"y":-855,"length":3215.7464141315622},{"x":3100,"y":-680,"length":3173.704460090763},{"x":3100,"y":-520,"length":3143.31035693264},{"x":3100,"y":-415,"length":3127.6548722645216},{"x":3100,"y":-320,"length":3116.472364709817},{"x":3100,"y":-225,"length":3108.154597184638},{"x":3100,"y":-135,"length":3102.938123778816},{"x":3100,"y":-30,"length":3100.145157891804},{"x":3100,"y":40,"length":3100.258053775524},{"x":3100,"y":130,"length":3102.724609113738},{"x":3100,"y":210,"length":3107.104761671225},{"x":3100,"y":280,"length":3112.6194756185664},{"x":2995,"y":340,"length":3014.237051062839},{"x":2905,"y":390,"length":2931.0620941904317},{"x":2839,"y":427,"length":2870.9319044519325},{"x":2769,"y":468,"length":2808.2708202735716},{"x":2690,"y":510,"length":2737.918917718346},{"x":2606,"y":555,"length":2664.443844407309},{"x":2515,"y":605,"length":2586.745058949567},{"x":2435,"y":650,"length":2520.262883113585},{"x":2363,"y":692,"length":2462.2414585088927},{"x":2290,"y":730,"length":2403.539057306954},{"x":2219,"y":769,"length":2348.472269370026},{"x":2145,"y":810,"length":2292.8421227812437},{"x":2085,"y":810,"length":2236.811346537745},{"x":2015,"y":810,"length":2171.7101556146945},{"x":1945,"y":810,"length":2106.9231120285335},{"x":1865,"y":810,"length":2033.303961536494},{"x":1780,"y":810,"length":1955.632889885011},{"x":1715,"y":810,"length":1896.6615407077775},{"x":1635,"y":810,"length":1824.643800855389},{"x":1545,"y":810,"length":1744.455502441951},{"x":1455,"y":810,"length":1665.2702483380888},{"x":1370,"y":810,"length":1591.5401345866212},{"x":1280,"y":810,"length":1514.7607071745688},{"x":1195,"y":810,"length":1443.6498883039474},{"x":1120,"y":810,"length":1382.208377922808},{"x":1059,"y":770,"length":1309.3437287435258},{"x":1004,"y":733,"length":1243.1029724041368},{"x":955,"y":702,"length":1185.2548249216284},{"x":893,"y":661,"length":1111.022051986368},{"x":840,"y":625,"length":1047.00764085082},{"x":773,"y":582,"length":967.6016742441076},{"x":725,"y":550,"length":910.0137361600648},{"x":657,"y":506,"length":829.2677492824619},{"x":590,"y":460,"length":748.1310045707236},{"x":520,"y":412,"length":663.4334932757013},{"x":455,"y":370,"length":586.4511914899654},{"x":395,"y":330,"length":514.7086554547145},{"x":330,"y":285,"length":436.033255612459},{"x":275,"y":250,"length":371.6517186829626},{"x":220,"y":215,"length":307.6117683054405},{"x":220,"y":145,"length":263.48624252510797},{"x":220,"y":85,"length":235.8495283014151},{"x":220,"y":10,"length":220.22715545545242},{"x":220,"y":-65,"length":229.40139493908924},{"x":220,"y":-150,"length":266.27053911388697},{"x":220,"y":-235,"length":321.90837205639747},{"x":220,"y":-310,"length":380.13155617496426},{"x":220,"y":-380,"length":439.089968002003},{"x":220,"y":-475,"length":523.4739726099092},{"x":220,"y":-560,"length":601.6643582596529},{"x":220,"y":-635,"length":672.0305052599919},{"x":220,"y":-740,"length":772.0103626247513},{"x":220,"y":-840,"length":868.3317338436964},{"x":220,"y":-925,"length":950.8022928032935},{"x":220,"y":-1035,"length":1058.1233387464808}],"isStatic":false,"safeId":-1,"isWheel":false}},{"className":"frg.game.editor.objects::FinishShaper","params":{"x":18120,"rotation":0,"y":-710,"vertices":[{"x":0,"y":-705,"length":705},{"x":890,"y":-705,"length":1135.3964065470702},{"x":890,"y":100,"length":895.6003573022958},{"x":0,"y":100,"length":100}]}},{"className":"frg.game.editor.objects::LandscapeShaper","params":{"x":0,"rotation":0,"graphic":true,"id":-1,"line":true,"physic":true,"plr":false,"y":-510,"rem":true,"density":1,"ignore":false,"layer":2,"vertices":[{"x":-400,"y":0,"length":400},{"x":290,"y":0,"length":290},{"x":290,"y":805,"length":855.6430330459075},{"x":-400,"y":805,"length":898.9021081296895}],"isStatic":true,"safeId":-1,"isWheel":false}}],[{"className":"SpikeBall200E","params":{"x":8520,"active":true,"y":-270,"ag":true,"sgos":true,"id":-1,"ad":-1,"width":273,"height":324.1,"scaleX":1,"btg":true,"scaleY":1,"safeId":-1,"rotation":0}},{"className":"SpikeBall200E","params":{"x":8843,"active":true,"y":-270,"ag":true,"sgos":true,"id":-1,"ad":-1,"width":273,"height":324.1,"scaleX":1,"btg":true,"scaleY":1,"safeId":-1,"rotation":0}},{"className":"SpikeBall137E","params":{"x":2525,"active":true,"y":-227,"ag":true,"sgos":true,"id":-1,"ad":-1,"width":301.8,"height":324.1,"scaleX":1,"btg":true,"scaleY":1,"safeId":-1,"rotation":0}},{"className":"SpikeBall200E","params":{"x":2743,"active":true,"y":-854,"ag":true,"sgos":true,"id":-1,"ad":-1,"width":273,"height":324.1,"scaleX":1,"btg":true,"scaleY":1,"safeId":-1,"rotation":0}},{"className":"PlankBone","params":{"x":8641,"id":-1,"active":true,"y":-217,"safeId":-1,"rotation":80,"width":85.95,"height":17.05}},{"className":"PlankBone","params":{"x":8614,"id":-1,"active":true,"y":-218,"safeId":-1,"rotation":90,"width":85.95,"height":17.05}},{"className":"PlankBone","params":{"x":8624,"id":-1,"active":true,"y":-217,"safeId":-1,"rotation":80,"width":85.95,"height":17.05}},{"className":"PlankBone","params":{"x":8603,"id":-1,"active":true,"y":-217,"safeId":-1,"rotation":74,"width":85.95,"height":17.05}},{"className":"PlankBone","params":{"x":8632,"id":-1,"active":true,"y":-218,"safeId":-1,"rotation":90,"width":85.95,"height":17.05}},{"className":"PlankBone","params":{"x":8655,"id":-1,"active":true,"y":-217,"safeId":-1,"rotation":80,"width":85.95,"height":17.05}},{"className":"PlankBone","params":{"x":8672,"id":-1,"active":true,"y":-218,"safeId":-1,"rotation":80,"width":85.95,"height":17.05}},{"className":"PlankBone","params":{"x":8680,"id":-1,"active":true,"y":-218,"safeId":-1,"rotation":90,"width":85.95,"height":17.05}},{"className":"PlankBone","params":{"x":8664,"id":-1,"active":true,"y":-218,"safeId":-1,"rotation":90,"width":85.95,"height":17.05}},{"className":"PlankBone","params":{"x":8688,"id":-1,"active":true,"y":-217,"safeId":-1,"rotation":80,"width":85.95,"height":17.05}},{"className":"PlankBone","params":{"x":8649,"id":-1,"active":true,"y":-217,"safeId":-1,"rotation":-90,"width":85.95,"height":17.05}},{"className":"PlankBone","params":{"x":8748,"id":-1,"active":true,"y":-211,"safeId":-1,"rotation":122,"width":85.95,"height":17.05}},{"className":"PlankBone","params":{"x":8698,"id":-1,"active":true,"y":-218,"safeId":-1,"rotation":90,"width":85.95,"height":17.05}},{"className":"PlankBone","params":{"x":8706,"id":-1,"active":true,"y":-217,"safeId":-1,"rotation":80,"width":85.95,"height":17.05}},{"className":"PlankBone","params":{"x":8716,"id":-1,"active":true,"y":-218,"safeId":-1,"rotation":90,"width":85.95,"height":17.05}},{"className":"PlankBone","params":{"x":8724,"id":-1,"active":true,"y":-217,"safeId":-1,"rotation":80,"width":85.95,"height":17.05}},{"className":"SpikeBall200E","params":{"x":11770,"active":true,"y":50,"ag":true,"sgos":true,"id":-1,"ad":-1,"width":273,"height":324.1,"scaleX":1,"btg":true,"scaleY":1,"safeId":-1,"rotation":0}},{"className":"SignPillar","params":{"scaleX":1,"rotation":0,"scaleY":1,"x":10110,"y":-240,"width":9.3,"height":128.35}},{"className":"Dec26","params":{"x":830,"rotation":0,"y":260,"width":95,"height":72.35}},{"className":"Dec28","params":{"x":760,"rotation":-18,"y":260,"width":71.6,"height":72.35}},{"className":"Dec27","params":{"x":410,"rotation":0,"y":250,"width":92.7,"height":85.5}},{"className":"Dec28","params":{"x":1600,"rotation":0,"y":258,"width":71.6,"height":72.35}},{"className":"Dec26","params":{"x":3130,"rotation":36,"y":560,"width":95,"height":72.35}},{"className":"Dec28","params":{"x":4080,"rotation":0,"y":970,"width":71.6,"height":72.35}},{"className":"Dec26","params":{"x":4160,"rotation":0,"y":970,"width":95,"height":72.35}},{"className":"Dec26","params":{"x":5970,"rotation":-9,"y":250,"width":95,"height":72.35}},{"className":"Dec28","params":{"x":6050,"rotation":6,"y":250,"width":71.6,"height":72.35}},{"className":"Dec24","params":{"scaleX":1,"rotation":0,"scaleY":1,"x":10073,"y":-230,"width":80.2,"height":95.5}},{"className":"Dec28","params":{"x":10580,"rotation":0,"y":-210,"width":71.6,"height":72.35}},{"className":"Dec26","params":{"x":12870,"rotation":0,"y":690,"width":95,"height":72.35}},{"className":"Dec28","params":{"x":12800,"rotation":-9,"y":690,"width":71.6,"height":72.35}}],[{"className":"BoostE","params":{"x":3390,"rotation":0,"y":720,"time":0.7,"safeId":-1,"width":64.1,"force":8500,"height":64.1}},{"className":"Tnt1","params":{"x":8683,"count":50,"rotation":0,"y":-288,"stones":false,"physic":false,"impulse":4200,"id":3,"width":53.2,"radius":250,"height":53.2,"safeId":-1}},{"className":"Tnt1","params":{"x":11870,"count":40,"rotation":0,"y":140,"stones":false,"physic":false,"impulse":9000,"id":21,"width":53.2,"radius":150,"height":53.2,"safeId":-1}}],null,[{"className":"PlayerWP","params":{"x":640,"rotation":0,"y":210,"width":64,"height":32}},{"className":"SafePointE","params":{"x":10110,"rotation":0,"y":-320,"id":0,"width":128,"height":1584}}],[{"className":"frg.game.editor.objects::MoverPather","params":{"cycle":0,"rotation":0,"y":274,"x":18540,"id":9,"active":0,"width":13,"height":701,"body":false,"accelDist":10,"snapToGrid":true,"sideWait":0,"safeId":-1,"stopOnEnd":true,"position":0,"vertices":[{"x":0,"y":0,"length":0},{"x":0,"y":-688,"length":688}],"startTime":"0","speed":400}},{"className":"frg.game.editor.objects::MoverPather","params":{"cycle":0,"rotation":0,"y":120,"x":17050,"id":8,"active":0,"width":13,"height":317,"body":false,"accelDist":10,"snapToGrid":true,"sideWait":0,"safeId":-1,"stopOnEnd":true,"position":0,"vertices":[{"x":0,"y":0,"length":0},{"x":0,"y":-304,"length":304}],"startTime":"0","speed":200}},{"className":"MotorJointE","params":{"x":2525,"useWeld":false,"rotation":0,"y":-227,"id":1,"graphic":1,"height":17,"width":17,"time":0,"safeId":-1,"rate":180,"snd":false}},{"className":"ToggleE","params":{"x":1630,"safeId":-1,"rotation":0,"y":70,"sndId":-1,"fnl":false,"off":false,"id":1,"id_off":-1,"width":64,"height":1344}},{"className":"PivotJointE","params":{"x":2920,"safeId":-1,"rotation":0,"graphic":0,"id":2,"y":-821,"width":17,"height":17}},{"className":"PivotJointE","params":{"x":4180,"safeId":-1,"rotation":0,"graphic":0,"id":-1,"y":-600,"width":17,"height":17}},{"className":"ToggleE","params":{"x":2624,"safeId":-1,"rotation":25,"y":-550,"sndId":-1,"fnl":false,"off":false,"id":2,"id_off":-1,"width":69,"height":753}},{"className":"MotorJointE","params":{"x":2743,"useWeld":false,"rotation":0,"y":-854,"id":1,"graphic":1,"height":17,"width":17,"time":0,"safeId":-1,"rate":-180,"snd":false}},{"className":"PivotJointE","params":{"x":8594,"safeId":-1,"rotation":84,"graphic":0,"id":-1,"y":-252,"width":17,"height":17}},{"className":"PivotJointE","params":{"x":8634,"safeId":-1,"rotation":90,"graphic":0,"id":-1,"y":-253,"width":17,"height":17}},{"className":"PivotJointE","params":{"x":8631,"safeId":-1,"rotation":90,"graphic":0,"id":-1,"y":-183,"width":17,"height":17}},{"className":"PivotJointE","params":{"x":8616,"safeId":-1,"rotation":90,"graphic":0,"id":-1,"y":-253,"width":17,"height":17}},{"className":"PivotJointE","params":{"x":8614,"safeId":-1,"rotation":90,"graphic":0,"id":-1,"y":-183,"width":17,"height":17}},{"className":"PivotJointE","params":{"x":8649,"safeId":-1,"rotation":90,"graphic":0,"id":-1,"y":-183,"width":17,"height":17}},{"className":"PivotJointE","params":{"x":8696,"safeId":-1,"rotation":90,"graphic":0,"id":-1,"y":-183,"width":17,"height":17}},{"className":"PivotJointE","params":{"x":8666,"safeId":-1,"rotation":90,"graphic":0,"id":-1,"y":-253,"width":17,"height":17}},{"className":"PivotJointE","params":{"x":8649,"safeId":-1,"rotation":90,"graphic":0,"id":-1,"y":-253,"width":17,"height":17}},{"className":"PivotJointE","params":{"x":8682,"safeId":-1,"rotation":90,"graphic":0,"id":-1,"y":-253,"width":17,"height":17}},{"className":"PivotJointE","params":{"x":8678,"safeId":-1,"rotation":90,"graphic":0,"id":-1,"y":-183,"width":17,"height":17}},{"className":"PivotJointE","params":{"x":8663,"safeId":-1,"rotation":90,"graphic":0,"id":-1,"y":-183,"width":17,"height":17}},{"className":"PivotJointE","params":{"x":8768,"safeId":-1,"rotation":132,"graphic":0,"id":-1,"y":-242,"width":17,"height":17}},{"className":"PivotJointE","params":{"x":8520,"safeId":-1,"rotation":0,"graphic":0,"id":3,"y":-290,"width":17,"height":17}},{"className":"PivotJointE","params":{"x":8843,"safeId":-1,"rotation":0,"graphic":0,"id":3,"y":-290,"width":17,"height":17}},{"className":"ToggleE","params":{"x":7908,"safeId":-1,"rotation":36,"y":-923,"sndId":-1,"fnl":false,"off":false,"id":3,"id_off":-1,"width":148,"height":1311}},{"className":"PivotJointE","params":{"x":8700,"safeId":-1,"rotation":90,"graphic":0,"id":-1,"y":-253,"width":17,"height":17}},{"className":"PivotJointE","params":{"x":8714,"safeId":-1,"rotation":90,"graphic":0,"id":-1,"y":-183,"width":17,"height":17}},{"className":"PivotJointE","params":{"x":8718,"safeId":-1,"rotation":90,"graphic":0,"id":-1,"y":-253,"width":17,"height":17}},{"className":"PivotJointE","params":{"x":8732,"safeId":-1,"rotation":90,"graphic":0,"id":-1,"y":-183,"width":17,"height":17}},{"className":"frg.game.editor.objects::MoverPather","params":{"cycle":0,"rotation":0,"y":-940,"x":12860,"id":5,"active":0,"width":13,"height":397,"body":false,"accelDist":10,"snapToGrid":true,"sideWait":0,"safeId":-1,"stopOnEnd":false,"position":0,"vertices":[{"x":0,"y":0,"length":0},{"x":0,"y":384,"length":384}],"startTime":"0","speed":260}},{"className":"ToggleE","params":{"x":11740,"safeId":-1,"rotation":-45,"y":-40,"sndId":-1,"fnl":false,"off":false,"id":5,"id_off":-1,"width":465,"height":64}},{"className":"frg.game.editor.objects::MoverPather","params":{"cycle":0,"rotation":0,"y":110,"x":15590,"id":7,"active":0,"width":13,"height":317,"body":false,"accelDist":10,"snapToGrid":true,"sideWait":0,"safeId":-1,"stopOnEnd":true,"position":0,"vertices":[{"x":0,"y":0,"length":0},{"x":0,"y":-304,"length":304}],"startTime":"0","speed":200}},{"className":"ToggleE","params":{"x":15060,"safeId":-1,"rotation":0,"y":-590,"sndId":-1,"fnl":false,"off":false,"id":7,"id_off":-1,"width":64,"height":1149}},{"className":"ToggleE","params":{"x":16270,"safeId":-1,"rotation":0,"y":-520,"sndId":-1,"fnl":false,"off":false,"id":8,"id_off":-1,"width":64,"height":1149}},{"className":"ToggleE","params":{"x":17870,"safeId":-1,"rotation":0,"y":-530,"sndId":-1,"fnl":false,"off":false,"id":9,"id_off":-1,"width":64,"height":1149}},{"className":"PivotJointE","params":{"x":11790,"safeId":-1,"rotation":0,"graphic":0,"id":21,"y":30,"width":17,"height":17}},{"className":"ToggleE","params":{"x":11330,"safeId":-1,"rotation":39,"y":-570,"sndId":-1,"fnl":false,"off":false,"id":21,"id_off":-1,"width":820,"height":64}}]]}