{"layers":[[{"params":{"x":1883,"rotation":0,"physic":true,"line":true,"plr":false,"id":81,"graphic":true,"density":0.7,"isWheel":false,"isStatic":false,"ignore":false,"layer":8,"rem":true,"safeId":-10,"vertices":[{"x":0,"y":0,"length":0},{"x":185,"y":0,"length":185},{"x":185,"y":45,"length":190.3943276465977},{"x":0,"y":45,"length":45}],"y":418},"className":"frg.game.editor.objects::LandscapeShaper"},{"params":{"x":1713,"rotation":0,"physic":true,"line":true,"plr":false,"id":81,"graphic":true,"density":0.7,"isWheel":false,"isStatic":false,"ignore":false,"layer":8,"rem":true,"safeId":-10,"vertices":[{"x":0,"y":0,"length":0},{"x":185,"y":0,"length":185},{"x":185,"y":45,"length":190.3943276465977},{"x":0,"y":45,"length":45}],"y":418},"className":"frg.game.editor.objects::LandscapeShaper"},{"params":{"x":2563,"rotation":0,"physic":true,"line":true,"plr":false,"id":81,"graphic":true,"density":0.7,"isWheel":false,"isStatic":false,"ignore":false,"layer":8,"rem":true,"safeId":-10,"vertices":[{"x":0,"y":0,"length":0},{"x":185,"y":0,"length":185},{"x":185,"y":45,"length":190.3943276465977},{"x":0,"y":45,"length":45}],"y":418},"className":"frg.game.editor.objects::LandscapeShaper"},{"params":{"x":1207,"rotation":0,"physic":true,"line":true,"plr":false,"id":81,"graphic":true,"density":0.7,"isWheel":false,"isStatic":false,"ignore":false,"layer":8,"rem":true,"safeId":-10,"vertices":[{"x":0,"y":0,"length":0},{"x":185,"y":0,"length":185},{"x":185,"y":45,"length":190.3943276465977},{"x":0,"y":45,"length":45}],"y":418},"className":"frg.game.editor.objects::LandscapeShaper"},{"params":{"x":2053,"rotation":0,"physic":true,"line":true,"plr":false,"id":81,"graphic":true,"density":0.7,"isWheel":false,"isStatic":false,"ignore":false,"layer":8,"rem":true,"safeId":-10,"vertices":[{"x":0,"y":0,"length":0},{"x":185,"y":0,"length":185},{"x":185,"y":45,"length":190.3943276465977},{"x":0,"y":45,"length":45}],"y":418},"className":"frg.game.editor.objects::LandscapeShaper"},{"params":{"x":1372,"rotation":0,"physic":true,"line":true,"plr":false,"id":81,"graphic":true,"density":0.7,"isWheel":false,"isStatic":false,"ignore":false,"layer":8,"rem":true,"safeId":-10,"vertices":[{"x":0,"y":0,"length":0},{"x":185,"y":0,"length":185},{"x":185,"y":45,"length":190.3943276465977},{"x":0,"y":45,"length":45}],"y":418},"className":"frg.game.editor.objects::LandscapeShaper"},{"params":{"x":2223,"rotation":0,"physic":true,"line":true,"plr":false,"id":81,"graphic":true,"density":0.7,"isWheel":false,"isStatic":false,"ignore":false,"layer":8,"rem":true,"safeId":-10,"vertices":[{"x":0,"y":0,"length":0},{"x":185,"y":0,"length":185},{"x":185,"y":45,"length":190.3943276465977},{"x":0,"y":45,"length":45}],"y":418},"className":"frg.game.editor.objects::LandscapeShaper"},{"params":{"x":2393,"rotation":0,"physic":true,"line":true,"plr":false,"id":81,"graphic":true,"density":0.7,"isWheel":false,"isStatic":false,"ignore":false,"layer":8,"rem":true,"safeId":-10,"vertices":[{"x":0,"y":0,"length":0},{"x":185,"y":0,"length":185},{"x":185,"y":45,"length":190.3943276465977},{"x":0,"y":45,"length":45}],"y":418},"className":"frg.game.editor.objects::LandscapeShaper"},{"params":{"x":2733,"rotation":0,"physic":true,"line":true,"plr":false,"id":81,"graphic":true,"density":0.7,"isWheel":false,"isStatic":false,"ignore":false,"layer":8,"rem":true,"safeId":-10,"vertices":[{"x":0,"y":0,"length":0},{"x":185,"y":0,"length":185},{"x":185,"y":45,"length":190.3943276465977},{"x":0,"y":45,"length":45}],"y":418},"className":"frg.game.editor.objects::LandscapeShaper"},{"params":{"x":1543,"rotation":0,"physic":true,"line":true,"plr":false,"id":81,"graphic":true,"density":0.7,"isWheel":false,"isStatic":false,"ignore":false,"layer":8,"rem":true,"safeId":-10,"vertices":[{"x":0,"y":0,"length":0},{"x":185,"y":0,"length":185},{"x":185,"y":45,"length":190.3943276465977},{"x":0,"y":45,"length":45}],"y":417},"className":"frg.game.editor.objects::LandscapeShaper"},{"params":{"x":1160,"bg":true,"rotation":0,"y":450,"vertices":[{"x":0,"y":0,"length":0},{"x":1790,"y":0,"length":1790},{"x":1790,"y":630,"length":1897.6301009416982},{"x":0,"y":630,"length":630}],"viscosity":1.5,"id":-1,"sf":true,"density":1.5},"className":"frg.game.editor.objects::WaterShaper"},{"params":{"x":7480,"rotation":0,"y":1860,"width":409,"height":684},"className":"FinishZone"},{"params":{"x":7426,"rotation":0,"physic":true,"line":true,"plr":true,"id":-1,"graphic":true,"density":1,"isWheel":false,"isStatic":false,"ignore":false,"layer":3,"rem":true,"safeId":3,"vertices":[{"x":0,"y":0,"length":0},{"x":15,"y":-58,"length":59.90826320300064},{"x":47,"y":-112,"length":121.46192819151193},{"x":94,"y":-161,"length":186.43229333996834},{"x":152,"y":-191,"length":244.10038918445008},{"x":220,"y":-207,"length":302.07449412355226},{"x":286,"y":-204,"length":351.30044121805486},{"x":349,"y":-186,"length":395.47060573448437},{"x":400,"y":-154,"length":428.6210447469886},{"x":442,"y":-110,"length":455.48216210956053},{"x":473,"y":-57,"length":476.4220817720354},{"x":485,"y":-5,"length":485.02577251111103},{"x":490,"y":38,"length":491.4712606043206},{"x":485,"y":95,"length":494.2165517260627},{"x":466,"y":145,"length":488.0379083636844},{"x":426,"y":203,"length":471.89511546529064},{"x":381,"y":243,"length":451.896005735833},{"x":328,"y":272,"length":426.1079675387448},{"x":271,"y":284,"length":392.5519073956972},{"x":220,"y":284,"length":359.2436499090833},{"x":160,"y":271,"length":314.70780098370614},{"x":114,"y":251,"length":275.6755339162328},{"x":76,"y":220,"length":232.75738441561847},{"x":37,"y":177,"length":180.8258831030558},{"x":16,"y":137,"length":137.93114224133723},{"x":1,"y":89,"length":89.00561780022652},{"x":-2,"y":43,"length":43.04648650006177}],"y":1350},"className":"frg.game.editor.objects::LandscapeShaper"},{"params":{"x":7796,"rotation":0,"physic":true,"line":true,"plr":true,"id":-1,"graphic":true,"density":1,"isWheel":false,"isStatic":false,"ignore":false,"layer":3,"rem":true,"safeId":3,"vertices":[{"x":0,"y":0,"length":0},{"x":15,"y":-58,"length":59.90826320300064},{"x":47,"y":-112,"length":121.46192819151193},{"x":94,"y":-161,"length":186.43229333996834},{"x":152,"y":-191,"length":244.10038918445008},{"x":220,"y":-207,"length":302.07449412355226},{"x":286,"y":-204,"length":351.30044121805486},{"x":349,"y":-186,"length":395.47060573448437},{"x":400,"y":-154,"length":428.6210447469886},{"x":442,"y":-110,"length":455.48216210956053},{"x":473,"y":-57,"length":476.4220817720354},{"x":485,"y":-5,"length":485.02577251111103},{"x":490,"y":38,"length":491.4712606043206},{"x":485,"y":95,"length":494.2165517260627},{"x":466,"y":145,"length":488.0379083636844},{"x":426,"y":203,"length":471.89511546529064},{"x":381,"y":243,"length":451.896005735833},{"x":328,"y":272,"length":426.1079675387448},{"x":271,"y":284,"length":392.5519073956972},{"x":220,"y":284,"length":359.2436499090833},{"x":160,"y":271,"length":314.70780098370614},{"x":114,"y":251,"length":275.6755339162328},{"x":76,"y":220,"length":232.75738441561847},{"x":37,"y":177,"length":180.8258831030558},{"x":16,"y":137,"length":137.93114224133723},{"x":1,"y":89,"length":89.00561780022652},{"x":-2,"y":43,"length":43.04648650006177}],"y":1890},"className":"frg.game.editor.objects::LandscapeShaper"},{"params":{"x":6430,"rotation":0,"physic":true,"line":true,"plr":true,"id":-1,"graphic":true,"density":1,"isWheel":false,"isStatic":false,"ignore":false,"layer":3,"rem":true,"safeId":2,"vertices":[{"x":0,"y":0,"length":0},{"x":20,"y":-50,"length":53.85164807134504},{"x":60,"y":-93,"length":110.6752004741803},{"x":109,"y":-116,"length":159.17600321656528},{"x":162,"y":-126,"length":205.23157651784484},{"x":230,"y":-130,"length":264.1968962724581},{"x":300,"y":-130,"length":326.9556544854363},{"x":1265,"y":-120,"length":1270.6789523715265},{"x":1335,"y":-120,"length":1340.3824081209063},{"x":1414,"y":-117,"length":1418.8322663373567},{"x":1480,"y":-106,"length":1483.7910904167068},{"x":1530,"y":-69,"length":1531.5550920551307},{"x":1557,"y":-42,"length":1557.5663709774938},{"x":1580,"y":0,"length":1580},{"x":1586,"y":52,"length":1586.8522300453815},{"x":1580,"y":100,"length":1583.161394173064},{"x":1565,"y":144,"length":1571.6109569483156},{"x":1526,"y":193,"length":1538.15636396304},{"x":1478,"y":226,"length":1495.1789190595218},{"x":1426,"y":237,"length":1445.560444948602},{"x":1370,"y":240,"length":1390.8630414242805},{"x":1305,"y":240,"length":1326.88545097156},{"x":1230,"y":240,"length":1253.1959144523253},{"x":320,"y":230,"length":394.0812099047606},{"x":245,"y":230,"length":336.04315199093105},{"x":160,"y":228,"length":278.53904573685895},{"x":104,"y":214,"length":237.9327636119078},{"x":56,"y":188,"length":196.16319736382766},{"x":21,"y":149,"length":150.4725888658795},{"x":0,"y":100,"length":100},{"x":-2,"y":46,"length":46.04345773288535}],"y":-220},"className":"frg.game.editor.objects::LandscapeShaper"},{"params":{"x":5630,"rotation":0,"physic":false,"line":true,"plr":false,"id":3,"graphic":true,"density":1,"isWheel":false,"isStatic":true,"ignore":false,"layer":8,"rem":true,"safeId":2,"vertices":[{"x":0,"y":0,"length":0},{"x":100,"y":0,"length":100},{"x":165,"y":10,"length":165.3027525481654},{"x":235,"y":60,"length":242.53865671269807},{"x":250,"y":85,"length":264.0549185302179},{"x":250,"y":105,"length":271.15493725912495},{"x":240,"y":125,"length":270.60118255469615},{"x":220,"y":130,"length":255.53864678361276},{"x":195,"y":125,"length":231.62469643800938},{"x":165,"y":110,"length":198.3053201505194},{"x":125,"y":100,"length":160.0781059358212},{"x":60,"y":95,"length":112.36102527122117},{"x":10,"y":95,"length":95.524865872714},{"x":-5,"y":85,"length":85.14693182963201},{"x":-20,"y":65,"length":68.00735254367721},{"x":-25,"y":45,"length":51.478150704935004},{"x":-20,"y":15,"length":25}],"y":-830},"className":"frg.game.editor.objects::LandscapeShaper"},{"params":{"x":5850,"rotation":0,"physic":true,"line":true,"plr":false,"id":-1,"graphic":true,"density":1,"isWheel":false,"isStatic":false,"ignore":false,"layer":8,"rem":true,"safeId":2,"vertices":[{"x":-5,"y":0,"length":5},{"x":-16,"y":-48,"length":50.59644256269407},{"x":-27,"y":-86,"length":90.13878188659973},{"x":-53,"y":-153,"length":161.91973320136123},{"x":-74,"y":-200,"length":213.2510257888576},{"x":-98,"y":-240,"length":259.2373429890069},{"x":-135,"y":-287,"length":317.1655719021218},{"x":-186,"y":-344,"length":391.0652119531984},{"x":-223,"y":-378,"length":438.8769759283346},{"x":-233,"y":-392,"length":456.018639969903},{"x":-232,"y":-412,"length":472.8297790960294},{"x":-224,"y":-430,"length":484.8463674196188},{"x":-204,"y":-447,"length":491.350180624776},{"x":-186,"y":-458,"length":494.3278264471868},{"x":-153,"y":-467,"length":491.4244601156927},{"x":-121,"y":-468,"length":483.3890772452352},{"x":-91,"y":-462,"length":470.87684164757985},{"x":-70,"y":-450,"length":455.411901469428},{"x":-57,"y":-432,"length":435.74419101119406},{"x":-28,"y":-367,"length":368.06657006579667},{"x":27,"y":-272,"length":273.33678859604686},{"x":80,"y":-197,"length":212.6240814207083},{"x":104,"y":-161,"length":191.66898549321954},{"x":138,"y":-127,"length":187.5446613476374},{"x":170,"y":-95,"length":194.74342094150447},{"x":198,"y":-70,"length":210.00952359357422},{"x":221,"y":-54,"length":227.50164834567684},{"x":252,"y":-35,"length":254.41894583540747},{"x":283,"y":-22,"length":283.8538356267183},{"x":320,"y":-12,"length":320.22492095400696},{"x":350,"y":7,"length":350.06999300139967},{"x":355,"y":35,"length":356.72117963473937},{"x":357,"y":100,"length":370.7411495909242},{"x":236,"y":100,"length":256.3123094976127},{"x":0,"y":100,"length":100},{"x":0,"y":44,"length":44}],"y":-300},"className":"frg.game.editor.objects::LandscapeShaper"},{"params":{"x":140,"physic":false,"lineId":-1,"y":420,"height":1363,"isRoad":false,"direction":90,"width":7453,"textureMode":true,"cameraOffsetY":100,"straightSides":true,"directed":false,"originOffsetRatio":0,"thick":128,"stretchTexture":false,"camera":true,"rotation":0,"repeatTexture":true,"textureOffset":0,"snapToGrid":true,"line":false,"wireframe":false,"vertices":[{"x":0,"y":0,"length":0},{"x":1105,"y":260,"length":1135.1761977772437},{"x":2880,"y":230,"length":2889.169430822637},{"x":3340,"y":125,"length":3342.3382533789127},{"x":3690,"y":-395,"length":3711.0813787897455},{"x":3825,"y":-440,"length":3850.22401945653},{"x":4635,"y":-50,"length":4635.269679317483},{"x":4925,"y":60,"length":4925.365468673365},{"x":5265,"y":45,"length":5265.192304180352},{"x":5615,"y":-130,"length":5616.504695983081},{"x":7440,"y":-1090,"length":7519.421520303274}],"smoothing":true,"shape":false},"className":"frg.game.editor.objects::GroundPather"},{"params":{"x":-36,"rotation":0,"physic":true,"line":true,"plr":false,"id":-1,"graphic":true,"density":1,"isWheel":false,"isStatic":true,"ignore":false,"layer":2,"rem":true,"safeId":-1,"vertices":[{"x":-84,"y":-620,"length":625.664446808351},{"x":-90,"y":-2150,"length":2151.8828964420904},{"x":9510,"y":-2410,"length":9810.616698250931},{"x":9625,"y":-505,"length":9638.238947027616},{"x":9416,"y":1656,"length":9560.512120174317},{"x":8340,"y":1563,"length":8485.197051335932},{"x":8337,"y":1490,"length":8469.100837751314},{"x":8317,"y":1410,"length":8435.673594918191},{"x":8257,"y":1323,"length":8362.318936754325},{"x":8173,"y":1276,"length":8272.007313826554},{"x":8070,"y":1253,"length":8166.69510879401},{"x":8020,"y":1226,"length":8113.166829296683},{"x":8090,"y":1180,"length":8175.603953225719},{"x":8140,"y":1143,"length":8219.856993889856},{"x":8172,"y":1112,"length":8247.310349441204},{"x":8203,"y":1070,"length":8272.491100025432},{"x":8224,"y":1035,"length":8288.872118690215},{"x":8250,"y":983,"length":8308.356576363343},{"x":8261,"y":951,"length":8315.559031117511},{"x":8273,"y":906,"length":8322.461474828226},{"x":8276,"y":852,"length":8319.740380564768},{"x":8277,"y":803,"length":8315.860628942743},{"x":8269,"y":748,"length":8302.762492086595},{"x":8257,"y":690,"length":8285.779927079888},{"x":8226,"y":617,"length":8249.106921358214},{"x":8190,"y":550,"length":8208.446868927154},{"x":8141,"y":499,"length":8156.278685773311},{"x":8097,"y":466,"length":8110.398572203465},{"x":8052,"y":434,"length":8063.687741970171},{"x":8003,"y":410,"length":8013.495429586268},{"x":7937,"y":388,"length":7946.478024886245},{"x":7880,"y":376,"length":7888.965458157362},{"x":7811,"y":373,"length":7819.900894512666},{"x":7747,"y":383,"length":7756.461693323831},{"x":7681,"y":403,"length":7691.564860286884},{"x":7616,"y":433,"length":7628.29895848347},{"x":7545,"y":466,"length":7559.37702459667},{"x":7497,"y":495,"length":7513.323765152145},{"x":7356,"y":596,"length":7380.105148302428},{"x":7222,"y":707,"length":7256.523478911923},{"x":7182,"y":737,"length":7219.71557611517},{"x":7144,"y":765,"length":7184.842447820272},{"x":7110,"y":781,"length":7152.76596849079},{"x":7069,"y":787,"length":7112.673899455815},{"x":7023,"y":783,"length":7066.513850548939},{"x":6973,"y":769,"length":7015.275475703003},{"x":6930,"y":742,"length":6969.610032132357},{"x":6907,"y":718,"length":6944.218674552235},{"x":6892,"y":690,"length":6926.453926793998},{"x":6880,"y":643,"length":6909.9818378921955},{"x":6882,"y":597,"length":6907.845756818836},{"x":6896,"y":554,"length":6918.217400458011},{"x":6920,"y":520,"length":6939.510069161944},{"x":6947,"y":486,"length":6963.97910680381},{"x":6987,"y":460,"length":7002.126034284159},{"x":7061,"y":442,"length":7074.820492422405},{"x":7116,"y":432,"length":7129.100925081648},{"x":7178,"y":431,"length":7190.927965151646},{"x":7240,"y":420,"length":7252.172088415994},{"x":7333,"y":391,"length":7343.416779674159},{"x":7440,"y":357,"length":7448.560196440651},{"x":7525,"y":324,"length":7531.971919756473},{"x":7618,"y":288,"length":7623.44200476399},{"x":7681,"y":258,"length":7685.33180806138},{"x":7740,"y":225,"length":7743.26965822578},{"x":7798,"y":182,"length":7800.123588764475},{"x":7870,"y":118,"length":7870.884575446396},{"x":7935,"y":50,"length":7935.157528367033},{"x":8002,"y":-42,"length":8002.110221685278},{"x":8055,"y":-135,"length":8056.131205485671},{"x":8083,"y":-198,"length":8085.424726011615},{"x":8110,"y":-275,"length":8114.661114304158},{"x":8140,"y":-425,"length":8151.087350777196},{"x":8145,"y":-570,"length":8164.920391528628},{"x":8140,"y":-664,"length":8167.037161663953},{"x":8130,"y":-745,"length":8164.063020334912},{"x":8107,"y":-832,"length":8149.581154881519},{"x":8075,"y":-925,"length":8127.80720735919},{"x":8034,"y":-1004,"length":8096.491338845488},{"x":7995,"y":-1065,"length":8065.6214887632805},{"x":7941,"y":-1142,"length":8022.695619304025},{"x":7880,"y":-1210,"length":7972.358496705978},{"x":7791,"y":-1282,"length":7895.77133660797},{"x":7720,"y":-1330,"length":7833.728358833998},{"x":7652,"y":-1371,"length":7773.850075734675},{"x":7575,"y":-1405,"length":7704.196908179333},{"x":7495,"y":-1431,"length":7630.385704536829},{"x":7410,"y":-1445,"length":7549.577802764868},{"x":7190,"y":-1455,"length":7335.74297532295},{"x":6990,"y":-1455,"length":7139.8266785686055},{"x":6850,"y":-1439,"length":6999.515768965736},{"x":6802,"y":-1431,"length":6950.896704742489},{"x":6757,"y":-1421,"length":6904.801952264815},{"x":6699,"y":-1404,"length":6844.5465152923025},{"x":6627,"y":-1387,"length":6770.590668471991},{"x":6580,"y":-1380,"length":6723.154021737119},{"x":6404,"y":-1364,"length":6547.649349193954},{"x":6332,"y":-1361,"length":6476.6152425476075},{"x":6266,"y":-1355,"length":6410.833097187915},{"x":6210,"y":-1336,"length":6352.08595659725},{"x":6160,"y":-1310,"length":6297.753567741437},{"x":6124,"y":-1288,"length":6257.980504923294},{"x":6104,"y":-1268,"length":6234.311509701773},{"x":6040,"y":-1193,"length":6156.691400419547},{"x":6015,"y":-1175,"length":6128.690724779641},{"x":5963,"y":-1140,"length":6070.994070166763},{"x":5935,"y":-1130,"length":6041.616091742341},{"x":5915,"y":-1130,"length":6021.9701925532645},{"x":5898,"y":-1141,"length":6007.352578299363},{"x":5880,"y":-1161,"length":5993.523254313776},{"x":5860,"y":-1186,"length":5978.812256627565},{"x":5825,"y":-1213,"length":5949.957478839659},{"x":5787,"y":-1223,"length":5914.8202001413365},{"x":5759,"y":-1227,"length":5888.260354298203},{"x":5733,"y":-1221,"length":5861.580844789228},{"x":5708,"y":-1214,"length":5835.671340985543},{"x":5680,"y":-1213,"length":5808.077909257072},{"x":5656,"y":-1213,"length":5784.609321293876},{"x":5639,"y":-1227,"length":5770.9487954754895},{"x":5628,"y":-1252,"length":5765.577854820798},{"x":5627,"y":-1282,"length":5771.191644712554},{"x":5633,"y":-1323,"length":5786.278423995859},{"x":5640,"y":-1373,"length":5804.716099862249},{"x":5633,"y":-1413,"length":5807.517369754481},{"x":5602,"y":-1463,"length":5789.885404738163},{"x":5556,"y":-1496,"length":5753.881472536604},{"x":5487,"y":-1519,"length":5693.375975640463},{"x":5415,"y":-1535,"length":5628.361217974553},{"x":5267,"y":-1551,"length":5490.6183622612125},{"x":5177,"y":-1555,"length":5405.492946993826},{"x":5096,"y":-1553,"length":5327.38444266978},{"x":5007,"y":-1540,"length":5238.477736900291},{"x":4927,"y":-1516,"length":5154.957322810733},{"x":4876,"y":-1497,"length":5100.625941980063},{"x":4840,"y":-1470,"length":5058.309994454669},{"x":4813,"y":-1427,"length":5020.089441434286},{"x":4800,"y":-1385,"length":4995.820753389777},{"x":4800,"y":-1335,"length":4982.190783179624},{"x":4810,"y":-1285,"length":4978.687075926745},{"x":4832,"y":-1242,"length":4989.066846615708},{"x":4866,"y":-1202,"length":5012.260966869143},{"x":4914,"y":-1161,"length":5049.288761796061},{"x":4973,"y":-1126,"length":5098.882720753636},{"x":5012,"y":-1106,"length":5132.580247789605},{"x":5057,"y":-1086,"length":5172.295911875112},{"x":5110,"y":-1070,"length":5220.823689802213},{"x":5280,"y":-1010,"length":5375.732508226204},{"x":5309,"y":-998,"length":5401.988985549674},{"x":5337,"y":-982,"length":5426.591287355258},{"x":5366,"y":-964,"length":5451.9035207897805},{"x":5376,"y":-949,"length":5459.118701768629},{"x":5380,"y":-928,"length":5459.449056452491},{"x":5373,"y":-902,"length":5448.186211942466},{"x":5360,"y":-872,"length":5430.468119784887},{"x":5347,"y":-835,"length":5411.805059312465},{"x":5342,"y":-812,"length":5403.360806016936},{"x":5341,"y":-793,"length":5399.549055245262},{"x":5347,"y":-772,"length":5402.443243570449},{"x":5356,"y":-758,"length":5409.371497688063},{"x":5384,"y":-750,"length":5435.987122869222},{"x":5408,"y":-748,"length":5459.4842247230645},{"x":5434,"y":-750,"length":5485.513285008067},{"x":5455,"y":-737,"length":5504.56119958712},{"x":5468,"y":-718,"length":5514.938621598612},{"x":5474,"y":-693,"length":5517.691999378001},{"x":5473,"y":-666,"length":5513.37328683629},{"x":5462,"y":-640,"length":5499.367600006386},{"x":5440,"y":-604,"length":5473.428176198167},{"x":5413,"y":-573,"length":5443.243334630558},{"x":5371,"y":-536,"length":5397.67885298857},{"x":5314,"y":-499,"length":5337.377352220845},{"x":5253,"y":-472,"length":5274.162777161888},{"x":5203,"y":-455,"length":5222.856881056574},{"x":5110,"y":-433,"length":5128.312490478715},{"x":5044,"y":-421,"length":5061.538995206893},{"x":4987,"y":-414,"length":5004.154773785479},{"x":4929,"y":-415,"length":4946.439729745021},{"x":4869,"y":-427,"length":4887.687592307839},{"x":4819,"y":-441,"length":4839.136493218599},{"x":4766,"y":-466,"length":4788.727597180696},{"x":4727,"y":-493,"length":4752.639056355953},{"x":4695,"y":-522,"length":4723.929402520745},{"x":4661,"y":-566,"length":4695.239823480799},{"x":4625,"y":-615,"length":4665.71002099359},{"x":4583,"y":-655,"length":4629.569526424676},{"x":4540,"y":-685,"length":4591.385956331705},{"x":4480,"y":-714,"length":4536.540091303063},{"x":4425,"y":-733,"length":4485.299767016693},{"x":4370,"y":-745,"length":4433.049176357059},{"x":4313,"y":-753,"length":4378.239143765448},{"x":4251,"y":-756,"length":4317.700429626863},{"x":4199,"y":-752,"length":4265.806488813106},{"x":4137,"y":-739,"length":4202.486168924295},{"x":4062,"y":-720,"length":4125.317442330954},{"x":3978,"y":-704,"length":4039.8143521701586},{"x":3902,"y":-697,"length":3963.762480270482},{"x":3841,"y":-697,"length":3903.727705668007},{"x":3788,"y":-701,"length":3852.3168353602487},{"x":3741,"y":-711,"length":3807.965598584105},{"x":3697,"y":-733,"length":3768.9651099472917},{"x":3667,"y":-767,"length":3746.355295483865},{"x":3636,"y":-813,"length":3725.7838101532407},{"x":3602,"y":-871,"length":3705.8123266026305},{"x":3554,"y":-930,"length":3673.6651997698427},{"x":3497,"y":-985,"length":3633.0750061070858},{"x":3415,"y":-1034,"length":3568.106080261628},{"x":3340,"y":-1074,"length":3508.4292781813347},{"x":3275,"y":-1098,"length":3454.1611137872537},{"x":3214,"y":-1115,"length":3401.914314029676},{"x":3151,"y":-1122,"length":3344.7996950490174},{"x":3065,"y":-1122,"length":3263.910078418215},{"x":2994,"y":-1114,"length":3194.53157755562},{"x":2910,"y":-1094,"length":3108.848018157208},{"x":2841,"y":-1064,"length":3033.7068085100113},{"x":2784,"y":-1032,"length":2969.121082071258},{"x":2727,"y":-981,"length":2898.083849718638},{"x":2690,"y":-930,"length":2846.225570821821},{"x":2661,"y":-873,"length":2800.5445898967578},{"x":2637,"y":-818,"length":2760.9587103033614},{"x":2616,"y":-737,"length":2717.83461601327},{"x":2602,"y":-676,"length":2688.3786935623484},{"x":2596,"y":-612,"length":2667.1632870898625},{"x":2602,"y":-574,"length":2664.5600012009486},{"x":2613,"y":-537,"length":2667.6090418200342},{"x":2638,"y":-493,"length":2683.6715521836873},{"x":2672,"y":-460,"length":2711.3066960415968},{"x":2702,"y":-431,"length":2736.1588038708574},{"x":2742,"y":-406,"length":2771.894658893083},{"x":2800,"y":-386,"length":2826.481204607595},{"x":2892,"y":-368,"length":2915.319536517395},{"x":2980,"y":-356,"length":3001.1890976744535},{"x":3134,"y":-344,"length":3152.8228621348203},{"x":3195,"y":-328,"length":3211.7921788310027},{"x":3210,"y":-309,"length":3224.838135472849},{"x":3217,"y":-286,"length":3229.688065432945},{"x":3213,"y":-254,"length":3223.0242009640574},{"x":3200,"y":-234,"length":3208.544218177459},{"x":3182,"y":-215,"length":3189.255242215649},{"x":3153,"y":-204,"length":3159.59253702119},{"x":3117,"y":-206,"length":3123.799769511484},{"x":3086,"y":-215,"length":3093.480402394688},{"x":3053,"y":-224,"length":3061.2064615115396},{"x":3024,"y":-227,"length":3032.5080379118535},{"x":2985,"y":-224,"length":2993.3928910184845},{"x":2953,"y":-220,"length":2961.1837160162827},{"x":2908,"y":-211,"length":2915.6448686354106},{"x":2846,"y":-211,"length":2853.8109608031154},{"x":2788,"y":-216,"length":2796.3547700533277},{"x":2740,"y":-231,"length":2749.720167580694},{"x":2577,"y":-302,"length":2594.635427184328},{"x":2424,"y":-355,"length":2449.8573427854935},{"x":2360,"y":-371,"length":2388.983256534043},{"x":2300,"y":-378,"length":2330.854778831148},{"x":2242,"y":-381,"length":2274.14269561081},{"x":2185,"y":-382,"length":2218.1408882214855},{"x":2127,"y":-377,"length":2160.152309444869},{"x":2061,"y":-365,"length":2093.0709495857996},{"x":1998,"y":-349,"length":2028.2517102174475},{"x":1946,"y":-329,"length":1973.6152107237115},{"x":1886,"y":-308,"length":1910.9840397031055},{"x":1825,"y":-295,"length":1848.6887244747288},{"x":1764,"y":-285,"length":1786.874645855159},{"x":1710,"y":-278,"length":1732.4502878870724},{"x":1658,"y":-273,"length":1680.325266131531},{"x":1613,"y":-271,"length":1635.6069209929383},{"x":1554,"y":-271,"length":1577.4526934269693},{"x":1497,"y":-276,"length":1522.2302716737702},{"x":1444,"y":-280,"length":1470.8963253744296},{"x":1377,"y":-276,"length":1404.3877669646656},{"x":1331,"y":-264,"length":1356.9292538669804},{"x":1288,"y":-250,"length":1312.0381092026253},{"x":1235,"y":-230,"length":1256.2344526401114},{"x":1180,"y":-222,"length":1200.7014616464828},{"x":1122,"y":-221,"length":1143.5580440012654},{"x":1078,"y":-223,"length":1100.823782446582},{"x":1032,"y":-234,"length":1058.1965790910497},{"x":684,"y":-374,"length":779.5716772689988},{"x":584,"y":-412,"length":714.7027354082255},{"x":523,"y":-429,"length":676.4392064332168},{"x":470,"y":-432,"length":638.3760647142091},{"x":408,"y":-431,"length":593.4854673873658},{"x":355,"y":-422,"length":551.4607873638886},{"x":310,"y":-410,"length":514.0038910358559},{"x":267,"y":-388,"length":470.99150735443203},{"x":224,"y":-346,"length":412.1795725166399},{"x":195,"y":-303,"length":360.3248534309006},{"x":168,"y":-249,"length":300.3747659175118},{"x":148,"y":-204,"length":252.03174403237384},{"x":138,"y":-149,"length":203.08865059377396},{"x":136,"y":-94,"length":165.32392446346051},{"x":140,"y":-10,"length":140.356688476182},{"x":1215,"y":-10,"length":1215.041151566481},{"x":1235,"y":25,"length":1235.253010520517},{"x":1255,"y":385,"length":1312.7261709892127},{"x":2915,"y":400,"length":2942.3162644420127},{"x":2980,"y":45,"length":2980.3397457336973},{"x":2990,"y":25,"length":2990.1045132235763},{"x":3020,"y":15,"length":3020.0372514258825},{"x":3092,"y":76,"length":3092.9338822548407},{"x":3130,"y":100,"length":3131.597036657175},{"x":3175,"y":121,"length":3177.3048327159295},{"x":3218,"y":135,"length":3220.830482965535},{"x":3265,"y":142,"length":3268.0864431651744},{"x":3310,"y":144,"length":3313.130845590014},{"x":3354,"y":141,"length":3356.9624662781084},{"x":3395,"y":132,"length":3397.565157579763},{"x":3437,"y":120,"length":3439.094212143657},{"x":3487,"y":95,"length":3488.293852300864},{"x":3528,"y":70,"length":3528.6943761113685},{"x":3562,"y":40,"length":3562.2245858451993},{"x":3596,"y":5,"length":3596.0034760828585},{"x":3623,"y":-31,"length":3623.132622469125},{"x":3643,"y":-72,"length":3643.711432042883},{"x":3658,"y":-118,"length":3659.9027309479143},{"x":3667,"y":-161,"length":3670.5326588929843},{"x":3673,"y":-200,"length":3678.4411100356087},{"x":3672,"y":-244,"length":3680.097824786727},{"x":3667,"y":-290,"length":3678.449265655298},{"x":3655,"y":-336,"length":3670.411557305257},{"x":3640,"y":-377,"length":3659.471136653492},{"x":3610,"y":-430,"length":3635.5192201389887},{"x":3614,"y":-455,"length":3642.5294782609517},{"x":3643,"y":-478,"length":3674.225496618301},{"x":3682,"y":-493,"length":3714.85840914563},{"x":3723,"y":-498,"length":3756.159341668029},{"x":3779,"y":-497,"length":3811.541682836487},{"x":3823,"y":-490,"length":3854.2741210246063},{"x":3950,"y":-466,"length":3977.393116100042},{"x":4116,"y":-423,"length":4137.678697047416},{"x":4323,"y":-343,"length":4336.585984389102},{"x":4910,"y":-46,"length":4910.215473887068},{"x":5041,"y":13,"length":5041.016762519244},{"x":5082,"y":28,"length":5082.077134400854},{"x":5140,"y":40,"length":5140.155639666955},{"x":5186,"y":46,"length":5186.204006785695},{"x":5242,"y":47,"length":5242.210697787718},{"x":5288,"y":45,"length":5288.191467789343},{"x":5348,"y":40,"length":5348.149586539254},{"x":5395,"y":30,"length":5395.083409920555},{"x":5448,"y":14,"length":5448.017988222873},{"x":5492,"y":-2,"length":5492.000364166048},{"x":5546,"y":-27,"length":5546.0657226542135},{"x":5599,"y":-59,"length":5599.310850452937},{"x":5640,"y":-89,"length":5640.702172602273},{"x":5680,"y":-124,"length":5681.353359895862},{"x":5724,"y":-169,"length":5726.494302799925},{"x":5767,"y":-222,"length":5771.271350404519},{"x":5798,"y":-267,"length":5804.144467533522},{"x":5823,"y":-309,"length":5831.192845379065},{"x":5846,"y":-357,"length":5856.890386544724},{"x":5861,"y":-402,"length":5874.77020827198},{"x":5871,"y":-448,"length":5888.068019308201},{"x":5877,"y":-488,"length":5897.225873239044},{"x":5882,"y":-530,"length":5905.829662291319},{"x":5888,"y":-598,"length":5918.289279851062},{"x":6244,"y":-600,"length":6272.761433372068},{"x":6286,"y":-609,"length":6315.43165587278},{"x":6326,"y":-626,"length":6356.897985653065},{"x":6362,"y":-645,"length":6394.612498033012},{"x":6406,"y":-686,"length":6442.626172610048},{"x":6457,"y":-737,"length":6498.9243725404285},{"x":6587,"y":-857,"length":6642.515939009857},{"x":6680,"y":-932,"length":6744.703403412192},{"x":6800,"y":-1022,"length":6876.371426850065},{"x":6861,"y":-1062,"length":6942.705884595717},{"x":6945,"y":-1115,"length":7033.9355982266425},{"x":7009,"y":-1144,"length":7101.7474610126765},{"x":7077,"y":-1167,"length":7172.5740149544645},{"x":7180,"y":-1183,"length":7276.80486202564},{"x":7249,"y":-1186,"length":7345.379295856682},{"x":7311,"y":-1183,"length":7406.092762043964},{"x":7373,"y":-1176,"length":7466.197492700016},{"x":7443,"y":-1160,"length":7532.851319387632},{"x":7526,"y":-1123,"length":7609.3235573209795},{"x":7582,"y":-1089,"length":7659.807112453942},{"x":7638,"y":-1048,"length":7709.562114672921},{"x":7695,"y":-995,"length":7759.0624433626},{"x":7724,"y":-961,"length":7783.5529804839125},{"x":7762,"y":-912,"length":7815.394295875289},{"x":7790,"y":-857,"length":7836.998724001427},{"x":7821,"y":-805,"length":7862.319377893524},{"x":7837,"y":-760,"length":7873.764601510513},{"x":7856,"y":-693,"length":7886.506514293892},{"x":7863,"y":-616,"length":7887.092303250926},{"x":7865,"y":-535,"length":7883.175121738702},{"x":7857,"y":-448,"length":7869.761940490957},{"x":7850,"y":-398,"length":7860.082951216227},{"x":7837,"y":-337,"length":7844.242347097647},{"x":7812,"y":-274,"length":7816.803694605615},{"x":7777,"y":-205,"length":7779.701408151858},{"x":7720,"y":-128,"length":7721.061066977776},{"x":7660,"y":-69,"length":7660.310763931187},{"x":7584,"y":-9,"length":7584.005340187993},{"x":7518,"y":26,"length":7518.0449586312},{"x":7444,"y":58,"length":7444.22595035911},{"x":7320,"y":100,"length":7320.683028242652},{"x":6884,"y":264,"length":6889.0603132793085},{"x":6813,"y":312,"length":6820.14024782482},{"x":6768,"y":356,"length":6777.356416774906},{"x":6731,"y":402,"length":6742.993771315528},{"x":6700,"y":455,"length":6715.431855063381},{"x":6679,"y":508,"length":6698.291200000191},{"x":6662,"y":577,"length":6686.940481266452},{"x":6661,"y":630,"length":6690.7264926912085},{"x":6667,"y":692,"length":6702.816795944821},{"x":6681,"y":748,"length":6722.742371978864},{"x":6707,"y":805,"length":6755.136860197578},{"x":6731,"y":843,"length":6783.5838610575165},{"x":6760,"y":882,"length":6817.295944874331},{"x":6796,"y":917,"length":6857.5874037448475},{"x":6840,"y":950,"length":6905.657101246774},{"x":6882,"y":972,"length":6950.302727219872},{"x":6930,"y":992,"length":7000.640256433693},{"x":6979,"y":1008,"length":7051.418651590615},{"x":7040,"y":1020,"length":7113.508276511668},{"x":7092,"y":1017,"length":7164.548345848467},{"x":7160,"y":1007,"length":7230.4667207587645},{"x":7208,"y":992,"length":7275.941725989839},{"x":7262,"y":967,"length":7326.099439674566},{"x":7300,"y":944,"length":7360.783653932508},{"x":7344,"y":912,"length":7400.410799408368},{"x":7378,"y":883,"length":7430.6509136145},{"x":7412,"y":852,"length":7460.807463002915},{"x":7443,"y":821,"length":7488.1432945690885},{"x":7471,"y":792,"length":7512.862636838237},{"x":7491,"y":784,"length":7531.914564040142},{"x":7512,"y":782,"length":7552.593461851366},{"x":7529,"y":794,"length":7570.751415810719},{"x":7554,"y":798,"length":7596.033175283004},{"x":7588,"y":796,"length":7629.636950733632},{"x":7630,"y":785,"length":7670.2754187838655},{"x":7668,"y":777,"length":7707.266246860815},{"x":7712,"y":775,"length":7750.843115429443},{"x":7753,"y":778,"length":7791.937692256016},{"x":7790,"y":790,"length":7829.955300000122},{"x":7824,"y":806,"length":7865.4060289345525},{"x":7857,"y":832,"length":7900.928616308339},{"x":7880,"y":858,"length":7926.573282320677},{"x":7901,"y":890,"length":7950.968557351991},{"x":7911,"y":923,"length":7964.662579168059},{"x":7915,"y":962,"length":7973.247080079734},{"x":7912,"y":990,"length":7973.697009543314},{"x":7910,"y":1025,"length":7976.13471551227},{"x":7897,"y":1054,"length":7967.027362824857},{"x":7882,"y":1087,"length":7956.600593218187},{"x":7865,"y":1112,"length":7943.221575658078},{"x":7842,"y":1140,"length":7924.428307455371},{"x":7810,"y":1166,"length":7896.559757261386},{"x":7768,"y":1187,"length":7858.167279970566},{"x":7705,"y":1212,"length":7799.741598283882},{"x":7642,"y":1235,"length":7741.149074911295},{"x":7585,"y":1256,"length":7688.287260502172},{"x":7536,"y":1280,"length":7643.931972486412},{"x":7500,"y":1307,"length":7613.031524957715},{"x":7472,"y":1345,"length":7592.088579567549},{"x":7447,"y":1390,"length":7575.612780495054},{"x":7433,"y":1436,"length":7570.441532698076},{"x":7433,"y":1476,"length":7578.130706183419},{"x":7442,"y":1512,"length":7594.044245328045},{"x":7462,"y":1562,"length":7623.731894551382},{"x":7532,"y":1632,"length":7706.779353270729},{"x":7630,"y":1675,"length":7811.691558170995},{"x":7690,"y":1673,"length":7869.8811299790295},{"x":7792,"y":1620,"length":7958.62199127462},{"x":7845,"y":1542,"length":7995.110318188236},{"x":7895,"y":1437,"length":8024.711458987171},{"x":7942,"y":1377,"length":8060.48962532674},{"x":8017,"y":1337,"length":8127.721574955677},{"x":8082,"y":1330,"length":8190.7035106881995},{"x":8135,"y":1340,"length":8244.62400598111},{"x":8200,"y":1372,"length":8313.9872504112},{"x":8242,"y":1417,"length":8362.921319730325},{"x":8272,"y":1492,"length":8405.477261881088},{"x":8270,"y":1567,"length":8417.148507659824},{"x":8340,"y":1573,"length":8487.04477424268},{"x":9415,"y":1670,"length":9561.962403189002},{"x":9510,"y":2940,"length":9954.079565685619},{"x":5880,"y":2960,"length":6583.008430801225},{"x":70,"y":2940,"length":2940.8332152640005}],"y":403},"className":"frg.game.editor.objects::LandscapeShaper"}],[{"params":{"scaleX":1,"rotation":138,"scaleY":0.851967276977016,"x":7482,"y":956,"width":9.3,"height":109.35},"className":"SignPillar"},{"params":{"scaleX":1,"rotation":-177,"scaleY":0.851967276977016,"x":7782,"y":836,"width":9.3,"height":109.35},"className":"SignPillar"},{"params":{"scaleX":1,"rotation":-132,"scaleY":0.851967276977016,"x":8082,"y":966,"width":9.3,"height":109.35},"className":"SignPillar"},{"params":{"scaleX":1,"rotation":-48,"scaleY":0.6026490066225165,"x":8070,"y":1510,"width":9.3,"height":77.35},"className":"SignPillar"},{"params":{"x":7520,"rotation":135,"y":1000,"width":68.8,"height":69.8},"className":"Sign1"},{"params":{"x":7780,"rotation":-177.00000000000006,"y":900,"width":68.8,"height":69.8},"className":"Sign1"},{"params":{"x":8040,"rotation":-138.00000000000006,"y":1000,"width":68.8,"height":69.8},"className":"Sign1"},{"params":{"scaleX":1,"rotation":-87,"scaleY":0.851967276977016,"x":8182,"y":1246,"width":9.3,"height":109.35},"className":"SignPillar"},{"params":{"x":8100,"rotation":-87.00000000000011,"y":1240,"width":68.8,"height":69.8},"className":"Sign1"},{"params":{"x":8030,"rotation":-51.000000000000114,"y":1470,"width":68.8,"height":69.8},"className":"Sign1"},{"params":{"scaleX":1,"rotation":0,"scaleY":1,"x":3280,"y":480,"width":9.3,"height":128.35},"className":"SignPillar"},{"params":{"scaleX":1,"rotation":0,"scaleY":1,"x":5220,"y":380,"width":9.3,"height":128.35},"className":"SignPillar"},{"params":{"scaleX":1,"rotation":0,"scaleY":0.8126217374366965,"x":6980,"y":1372,"width":9.3,"height":104.25},"className":"SignPillar"}],[{"params":{"speed":1300,"x":3100,"rotation":-84,"y":-99,"safeId":-1,"id":-1,"rate":1,"width":332,"height":128},"className":"GeyserE"},{"params":{"x":5820,"stones":true,"physic":false,"impulse":15000,"id":2,"radius":64,"y":-750,"height":53.2,"width":53.2,"safeId":2,"rotation":0,"count":12},"className":"Tnt1"},{"params":{"speed":1000,"x":7430,"rotation":105.00000000000006,"y":-890,"safeId":-1,"id":22,"rate":1,"width":274,"height":128},"className":"GeyserE"},{"params":{"speed":1000,"x":7219,"rotation":90.00000000000006,"y":-907,"safeId":-1,"id":22,"rate":1,"width":274,"height":128},"className":"GeyserE"},{"params":{"speed":1000,"x":7624,"rotation":123.00000000000006,"y":-800,"safeId":-1,"id":22,"rate":1,"width":274,"height":128},"className":"GeyserE"},{"params":{"speed":1000,"x":7794,"rotation":138.00000000000006,"y":-658,"safeId":-1,"id":22,"rate":1,"width":274,"height":128},"className":"GeyserE"},{"params":{"speed":1000,"x":7900,"rotation":156.00000000000006,"y":-488,"safeId":-1,"id":22,"rate":1,"width":274,"height":128},"className":"GeyserE"},{"params":{"speed":1000,"x":7965,"rotation":171.00000000000006,"y":-276,"safeId":-1,"id":22,"rate":1,"width":274,"height":128},"className":"GeyserE"},{"params":{"speed":1000,"x":7916,"rotation":-158.99999999999994,"y":160,"safeId":-1,"id":22,"rate":1,"width":274,"height":128},"className":"GeyserE"},{"params":{"speed":1000,"x":7965,"rotation":-173.99999999999994,"y":-46,"safeId":-1,"id":22,"rate":1,"width":274,"height":128},"className":"GeyserE"},{"params":{"speed":1000,"x":7448,"rotation":-108,"y":595,"safeId":-1,"id":22,"rate":1,"width":274,"height":128},"className":"GeyserE"},{"params":{"speed":1000,"x":7647,"rotation":-126,"y":497,"safeId":-1,"id":22,"rate":1,"width":274,"height":128},"className":"GeyserE"},{"params":{"speed":1000,"x":7807,"rotation":-140.99999999999994,"y":343,"safeId":-1,"id":22,"rate":1,"width":274,"height":128},"className":"GeyserE"},{"params":{"speed":1000,"x":7208,"rotation":-108,"y":675,"safeId":-1,"id":22,"rate":1,"width":274,"height":128},"className":"GeyserE"}],null,[{"params":{"x":480,"rotation":0,"y":310,"width":64,"height":32},"className":"PlayerWP"},{"params":{"x":3280,"rotation":0,"y":410,"id":1,"width":128,"height":616},"className":"SafePointE"},{"params":{"x":5220,"rotation":0,"y":320,"id":2,"width":128,"height":815},"className":"SafePointE"},{"params":{"x":6980,"rotation":0,"y":1320,"id":3,"width":128,"height":606},"className":"SafePointE"}],[{"params":{"x":5860,"rotation":0,"graphic":0,"safeId":2,"id":-1,"y":-210,"width":17,"height":17},"className":"PivotJointE"},{"params":{"x":5040,"sndId":-1,"rotation":0,"y":-860,"fnl":false,"safeId":2,"id_off":-1,"off":false,"id":3,"width":64,"height":571},"className":"ToggleE"},{"params":{"x":5640,"rotation":0,"graphic":0,"safeId":2,"id":3,"y":-700,"width":17,"height":17},"className":"PivotJointE"},{"params":{"x":5030,"sndId":-1,"rotation":0,"y":-860,"fnl":false,"safeId":2,"id_off":-1,"off":false,"id":2,"width":64,"height":571},"className":"ToggleE"},{"params":{"x":7220,"rotation":0,"graphic":0,"id":5,"y":-160,"height":17,"width":17,"time":0,"safeId":2,"snd":false,"rate":60,"useWeld":false},"className":"MotorJointE"},{"params":{"x":6890,"sndId":-1,"rotation":0,"y":-840,"fnl":false,"safeId":2,"id_off":-1,"off":false,"id":5,"width":64,"height":1044},"className":"ToggleE"},{"params":{"x":7670,"rotation":0,"graphic":0,"id":7,"y":1390,"height":17,"width":17,"time":0,"safeId":3,"snd":false,"rate":180,"useWeld":false},"className":"MotorJointE"},{"params":{"x":8040,"rotation":0,"graphic":0,"id":7,"y":1930,"height":17,"width":17,"time":0,"safeId":3,"snd":false,"rate":-180,"useWeld":false},"className":"MotorJointE"},{"params":{"x":7030,"sndId":-1,"rotation":0,"y":1550,"fnl":false,"safeId":3,"id_off":-1,"off":false,"id":7,"width":64,"height":1017},"className":"ToggleE"},{"params":{"x":7920,"rotation":0,"graphic":0,"safeId":2,"id":5,"y":-240,"width":17,"height":17},"className":"PivotJointE"},{"params":{"x":2237,"sndId":0,"rotation":0,"y":260,"fnl":false,"safeId":-1,"id_off":-1,"off":false,"id":0,"width":154,"height":669},"className":"ToggleE"},{"params":{"x":5197,"sndId":0,"rotation":0,"y":-1250,"fnl":false,"safeId":-1,"id_off":-1,"off":false,"id":0,"width":154,"height":669},"className":"ToggleE"},{"params":{"x":7447,"sndId":0,"rotation":0,"y":290,"fnl":false,"safeId":-1,"id_off":-1,"off":false,"id":0,"width":154,"height":669},"className":"ToggleE"},{"params":{"x":6220,"sndId":-1,"rotation":0,"y":-1030,"fnl":false,"safeId":2,"id_off":-1,"off":false,"id":22,"width":64,"height":2779},"className":"ToggleE"},{"params":{"x":2232,"rotation":0,"graphic":0,"safeId":-10,"id":-1,"y":439,"width":17,"height":17},"className":"PivotJointE"},{"params":{"x":1382,"rotation":0,"graphic":0,"safeId":-10,"id":-1,"y":439,"width":17,"height":17},"className":"PivotJointE"},{"params":{"x":2402,"rotation":0,"graphic":0,"safeId":-10,"id":-1,"y":439,"width":17,"height":17},"className":"PivotJointE"},{"params":{"x":2062,"rotation":0,"graphic":0,"safeId":-10,"id":-1,"y":439,"width":17,"height":17},"className":"PivotJointE"},{"params":{"x":1891,"rotation":0,"graphic":0,"safeId":-10,"id":-1,"y":439,"width":17,"height":17},"className":"PivotJointE"},{"params":{"x":1722,"rotation":0,"graphic":0,"safeId":-10,"id":-1,"y":439,"width":17,"height":17},"className":"PivotJointE"},{"params":{"x":1552,"rotation":0,"graphic":0,"safeId":-10,"id":-1,"y":439,"width":17,"height":17},"className":"PivotJointE"},{"params":{"x":2742,"rotation":0,"graphic":0,"safeId":-10,"id":-1,"y":439,"width":17,"height":17},"className":"PivotJointE"},{"params":{"x":2572,"rotation":0,"graphic":0,"safeId":-10,"id":-1,"y":439,"width":17,"height":17},"className":"PivotJointE"}]],"settings":{"prizes":"28,34,41","gravityY":500,"theme":6,"countdown":0}}