{"name":"menu_skeleton","imagePath":"menu_texture.png","SubTexture":[{"name":"back-123123","x":0,"y":0,"height":240,"width":500},{"name":"ass","x":0,"y":242,"height":159,"width":261},{"name":"sun_012312","x":502,"y":0,"height":335,"width":335},{"name":"bike_body_01","x":839,"y":0,"height":47,"width":95},{"name":"body-01","x":839,"y":48,"height":29,"width":23},{"name":"leg_01","x":979,"y":38,"height":31,"width":30},{"name":"leg_02","x":979,"y":0,"height":37,"width":25},{"name":"hand)92","x":1005,"y":15,"height":11,"width":16},{"name":"hand_01","x":1005,"y":0,"height":14,"width":15},{"name":"head","x":935,"y":44,"height":29,"width":30},{"name":"moto_wheel_01","x":935,"y":0,"height":43,"width":43}]}