{"frameRate":30,"name":"menu_skeleton","version":"5.5","compatibleVersion":"5.5","armature":[{"name":"biker_anim","bone":[{"inheritScale":false,"name":"back","transform":{"x":483.65,"y":-64,"scX":2,"scY":2}},{"inheritScale":false,"name":"road","transform":{"x":217.15,"y":115}},{"inheritScale":false,"name":"sun","transform":{"x":442.15,"y":-146.4}},{"inheritScale":false,"name":"moto_wheel_f","transform":{"x":30.95,"y":35}},{"inheritScale":false,"name":"moto_wheel_b","transform":{"x":-30.95,"y":35}},{"inheritScale":false,"name":"Layer 1","transform":{"x":-2.55,"y":15.1}},{"inheritScale":false,"name":"body_01","transform":{"x":-11.6,"y":-5.1}},{"inheritScale":false,"name":"leg_01","transform":{"x":-13.45,"y":1.9,"skX":30,"skY":30,"scX":0.8307,"scY":0.8307}},{"inheritScale":false,"name":"leg_02","transform":{"x":-4.7,"y":31.7,"skX":-11.43,"skY":-11.43,"scX":0.8307,"scY":0.8307}},{"inheritScale":false,"name":"hand 2","transform":{"x":4.3,"y":-3.85,"skX":11.69,"skY":11.69,"scX":0.8307,"scY":0.8307}},{"inheritScale":false,"name":"hand_01","transform":{"x":-8.45,"y":-12,"skX":-3.29,"skY":-3.29,"scX":0.8307,"scY":0.8307}},{"inheritScale":false,"name":"head","transform":{"x":-7.5,"y":-17.7,"skX":-6.73,"skY":-6.73,"scX":0.8307,"scY":0.8307}}],"slot":[{"name":"back","parent":"back"},{"name":"road","parent":"road"},{"name":"sun","parent":"sun"},{"name":"moto_wheel_f","parent":"moto_wheel_f"},{"name":"moto_wheel_b","parent":"moto_wheel_b"},{"name":"Layer 1","parent":"Layer 1"},{"name":"body_01","parent":"body_01"},{"name":"leg_01","parent":"leg_01"},{"name":"leg_02","parent":"leg_02"},{"name":"hand 2","parent":"hand 2"},{"name":"hand_01","parent":"hand_01"},{"name":"head","parent":"head"}],"skin":[{"slot":[{"name":"back","display":[{"name":"back-123123","transform":{"x":33.65,"y":-28}}]},{"name":"road","display":[{"name":"ass","transform":{"x":-36.5,"y":-63.5}}]},{"name":"sun","display":[{"name":"sun_012312","transform":{"x":0.05,"y":30.15}}]},{"name":"moto_wheel_f","display":[{"type":"armature","name":"front_wheel_anim_01","transform":{"x":-0.05,"y":0.05}}]},{"name":"moto_wheel_b","display":[{"type":"armature","name":"back_wheel_anim-01","transform":{"y":0.05}}]},{"name":"Layer 1","display":[{"name":"bike_body_01","transform":{"x":-6.05,"y":3.65}}]},{"name":"body_01","display":[{"name":"body-01","transform":{"x":0.95,"y":-1.8}}]},{"name":"leg_01","display":[{"name":"leg_01","transform":{"x":4.7,"y":5.75}}]},{"name":"leg_02","display":[{"name":"leg_02","transform":{"x":4.65,"y":-11.5}}]},{"name":"hand 2","display":[{"name":"hand)92","transform":{"x":1.35,"y":-0.4}}]},{"name":"hand_01","display":[{"name":"hand_01","transform":{"x":3.35,"y":3.8}}]},{"name":"head","display":[{"name":"head","transform":{"x":5.8,"y":-10.2}}]}]}],"animation":[{"duration":170,"fadeInTime":0.2,"name":"biker menu animation","bone":[{"name":"back","translateFrame":[{"duration":20,"tweenEasing":-1},{"duration":149,"tweenEasing":1,"x":-70,"y":0.1},{"tweenEasing":0,"x":-134,"y":0.1}],"scaleFrame":[{"duration":170}]},{"name":"road","translateFrame":[{"duration":5,"tweenEasing":0},{"duration":163,"tweenEasing":0,"x":-34.65,"y":-2.75},{"x":-214,"y":-1.45},{"tweenEasing":0,"x":-217.15,"y":-115}],"scaleFrame":[{"duration":170}]},{"name":"sun","translateFrame":[{"duration":20,"tweenEasing":-1},{"duration":149,"tweenEasing":1,"x":-50},{"tweenEasing":0,"x":-96.02,"y":-15}],"scaleFrame":[{"duration":20,"tweenEasing":-1},{"duration":149,"tweenEasing":1},{"tweenEasing":0,"x":1.4443,"y":1.4443}]},{"name":"moto_wheel_f","translateFrame":[{"duration":5,"tweenEasing":0},{"duration":6,"tweenEasing":0,"x":92.1,"y":-16.05},{"duration":7,"tweenEasing":0,"x":161.42,"y":-58.98},{"duration":9,"tweenEasing":0,"x":287.29,"y":-123.35},{"duration":142,"tweenEasing":1,"x":349.98,"y":-110.09},{"tweenEasing":0,"x":377.04,"y":-81.68}],"rotateFrame":[{"duration":5,"tweenEasing":0},{"duration":6,"tweenEasing":0,"rotate":-10.21},{"duration":7,"tweenEasing":0,"rotate":-30.22},{"duration":9,"tweenEasing":0,"rotate":-17.24},{"duration":142,"tweenEasing":1,"rotate":-0.53},{"tweenEasing":0,"rotate":14.47}],"scaleFrame":[{"duration":5,"tweenEasing":0},{"duration":6,"tweenEasing":0},{"duration":7,"tweenEasing":0,"x":1.115,"y":1.115},{"duration":9,"tweenEasing":0,"x":1.209,"y":1.209},{"duration":142,"tweenEasing":1,"x":1.6172,"y":1.6172},{"tweenEasing":0,"x":1.5797,"y":1.5797}]},{"name":"moto_wheel_b","translateFrame":[{"duration":5,"tweenEasing":0},{"duration":6,"tweenEasing":0,"x":96.3,"y":-1.9},{"duration":7,"tweenEasing":0,"x":163.73,"y":-24.13},{"duration":9,"tweenEasing":0,"x":277.6,"y":-101.2},{"duration":142,"tweenEasing":1,"x":311.83,"y":-109.12},{"tweenEasing":0,"x":344.25,"y":-106.2}],"rotateFrame":[{"duration":5,"tweenEasing":0},{"duration":6,"tweenEasing":0,"rotate":-10.21},{"duration":7,"tweenEasing":0,"rotate":-30.22},{"duration":9,"tweenEasing":0,"rotate":-17.24},{"duration":142,"tweenEasing":1,"rotate":-0.53},{"tweenEasing":0,"rotate":14.47}],"scaleFrame":[{"duration":5,"tweenEasing":0},{"duration":6,"tweenEasing":0},{"duration":7,"tweenEasing":0,"x":1.115,"y":1.115},{"duration":9,"tweenEasing":0,"x":1.209,"y":1.209},{"duration":142,"tweenEasing":1,"x":1.6172,"y":1.6172},{"tweenEasing":0,"x":1.5797,"y":1.5797}]},{"name":"Layer 1","translateFrame":[{"duration":5,"tweenEasing":0},{"duration":6,"tweenEasing":0,"x":92.3,"y":-5.1},{"duration":7,"tweenEasing":0,"x":151.42,"y":-39.37},{"duration":9,"tweenEasing":0,"x":274.95,"y":-114.4},{"duration":142,"tweenEasing":1,"x":329.05,"y":-121.8},{"tweenEasing":0,"x":367.12,"y":-105.58}],"rotateFrame":[{"duration":5,"tweenEasing":0},{"duration":6,"tweenEasing":0,"rotate":-10.21},{"duration":7,"tweenEasing":0,"rotate":-30.22},{"duration":9,"tweenEasing":0,"rotate":-17.24},{"duration":142,"tweenEasing":1,"rotate":-0.53},{"tweenEasing":0,"rotate":14.47}],"scaleFrame":[{"duration":5,"tweenEasing":0},{"duration":6,"tweenEasing":0},{"duration":7,"tweenEasing":0,"x":1.115,"y":1.115},{"duration":9,"tweenEasing":0,"x":1.209,"y":1.209},{"duration":142,"tweenEasing":1,"x":1.6172,"y":1.6172},{"tweenEasing":0,"x":1.5797,"y":1.5797}]},{"name":"body_01","translateFrame":[{"duration":5,"tweenEasing":0},{"duration":6,"tweenEasing":0,"x":87.8,"y":-0.2},{"duration":7,"tweenEasing":0,"x":140.5,"y":-33.63},{"duration":9,"tweenEasing":0,"x":259.66,"y":-120.03},{"duration":142,"tweenEasing":1,"x":319.47,"y":-154.91},{"tweenEasing":0,"x":368.35,"y":-135.62}],"rotateFrame":[{"duration":5,"tweenEasing":0},{"duration":6,"tweenEasing":0,"rotate":-4.99},{"duration":7,"tweenEasing":0,"rotate":-30.22},{"duration":9,"tweenEasing":0,"rotate":42.76},{"duration":142,"tweenEasing":1,"rotate":86.16},{"tweenEasing":0,"rotate":92.46}],"scaleFrame":[{"duration":5,"tweenEasing":0},{"duration":6,"tweenEasing":0},{"duration":7,"tweenEasing":0,"x":1.115,"y":1.115},{"duration":9,"tweenEasing":0,"x":1.209,"y":1.209},{"duration":142,"tweenEasing":1,"x":1.6172,"y":1.6171},{"tweenEasing":0,"x":1.5797,"y":1.5797}]},{"name":"leg_01","translateFrame":[{"duration":5,"tweenEasing":0},{"duration":6,"tweenEasing":0,"x":88.34,"y":-1.14},{"duration":7,"tweenEasing":0,"x":144.5,"y":-32.8},{"duration":9,"tweenEasing":0,"x":254.17,"y":-122.42},{"duration":142,"tweenEasing":1,"x":306.45,"y":-163.38},{"tweenEasing":0,"x":358.83,"y":-145.77}],"rotateFrame":[{"duration":5,"tweenEasing":0},{"duration":6,"tweenEasing":0,"rotate":-20.44},{"duration":7,"tweenEasing":0,"rotate":-30.23},{"duration":9,"tweenEasing":0,"rotate":42.75},{"duration":142,"tweenEasing":1,"rotate":101.16},{"tweenEasing":0,"rotate":118.67}],"scaleFrame":[{"duration":5,"tweenEasing":0},{"duration":6,"tweenEasing":0},{"duration":7,"tweenEasing":0,"x":1.115,"y":1.115},{"duration":9,"tweenEasing":0,"x":1.209,"y":1.209},{"duration":142,"tweenEasing":1,"x":1.6171,"y":1.6171},{"tweenEasing":0,"x":1.5797,"y":1.5797}]},{"name":"leg_02","translateFrame":[{"duration":5,"tweenEasing":0},{"duration":6,"tweenEasing":0,"x":95.3,"y":-5},{"duration":7,"tweenEasing":0,"x":160.92,"y":-38.77},{"duration":9,"tweenEasing":0,"x":228.7,"y":-118.64},{"duration":142,"tweenEasing":1,"x":247.63,"y":-188.7},{"tweenEasing":0,"x":302.34,"y":-185.97}],"rotateFrame":[{"duration":5,"tweenEasing":0},{"duration":6,"tweenEasing":0,"rotate":-10.2},{"duration":7,"tweenEasing":0,"rotate":-30.22},{"duration":9,"tweenEasing":0,"rotate":42.76},{"duration":142,"tweenEasing":1,"rotate":101.16},{"tweenEasing":0,"rotate":118.67}],"scaleFrame":[{"duration":5,"tweenEasing":0},{"duration":6,"tweenEasing":0},{"duration":7,"tweenEasing":0,"x":1.115,"y":1.115},{"duration":9,"tweenEasing":0,"x":1.2089,"y":1.2089},{"duration":142,"tweenEasing":1,"x":1.6171,"y":1.6171},{"tweenEasing":0,"x":1.5797,"y":1.5797}]},{"name":"hand 2","translateFrame":[{"duration":5,"tweenEasing":0},{"duration":6,"tweenEasing":0,"x":88.78,"y":-5.99},{"duration":7,"tweenEasing":0,"x":140.56,"y":-42.6},{"duration":9,"tweenEasing":0,"x":269.1,"y":-119.85},{"duration":142,"tweenEasing":1,"x":332.94,"y":-133.78},{"tweenEasing":0,"x":378.23,"y":-112.96}],"rotateFrame":[{"duration":5,"tweenEasing":0},{"duration":6,"tweenEasing":0,"rotate":-25.21},{"duration":7,"tweenEasing":0,"rotate":-30.23},{"duration":9,"tweenEasing":0,"rotate":-17.25},{"duration":143,"rotate":14.47}],"scaleFrame":[{"duration":5,"tweenEasing":0},{"duration":6,"tweenEasing":0},{"duration":7,"tweenEasing":0,"x":1.115,"y":1.115},{"duration":9,"tweenEasing":0,"x":1.209,"y":1.209},{"duration":142,"tweenEasing":1,"x":1.617,"y":1.617},{"tweenEasing":0,"x":1.5797,"y":1.5797}]},{"name":"hand_01","translateFrame":[{"duration":5,"tweenEasing":0},{"duration":6,"tweenEasing":0,"x":86.78,"y":-2.94},{"duration":7,"tweenEasing":0,"x":137,"y":-35.5},{"duration":9,"tweenEasing":0,"x":266.5,"y":-118.65},{"duration":142,"tweenEasing":1,"x":332.92,"y":-144.54},{"tweenEasing":0,"x":377.88,"y":-122.59}],"rotateFrame":[{"duration":5,"tweenEasing":0},{"duration":6,"tweenEasing":0,"rotate":-10.21},{"duration":7,"tweenEasing":0,"rotate":-30.22},{"duration":9,"tweenEasing":0,"rotate":-6.22},{"duration":142,"tweenEasing":1,"rotate":29.47},{"tweenEasing":0,"rotate":23.51}],"scaleFrame":[{"duration":5,"tweenEasing":0},{"duration":6,"tweenEasing":0},{"duration":7,"tweenEasing":0,"x":1.115,"y":1.115},{"duration":9,"tweenEasing":0,"x":1.209,"y":1.209},{"duration":142,"tweenEasing":1,"x":1.6171,"y":1.6171},{"tweenEasing":0,"x":1.5797,"y":1.5797}]},{"name":"head","translateFrame":[{"duration":5,"tweenEasing":0},{"duration":6,"tweenEasing":0,"x":86.55,"y":-0.1},{"duration":7,"tweenEasing":0,"x":133.25,"y":-35.45},{"duration":9,"tweenEasing":0,"x":266.9,"y":-118.3},{"duration":142,"tweenEasing":1,"x":335.65,"y":-140.9},{"tweenEasing":0,"x":384.6,"y":-121.25}],"rotateFrame":[{"duration":5,"tweenEasing":0},{"duration":6,"tweenEasing":0,"rotate":-10.2},{"duration":7,"tweenEasing":0,"rotate":-30.22},{"duration":9,"tweenEasing":0,"rotate":-12.01},{"duration":142,"tweenEasing":1,"rotate":25.41},{"tweenEasing":0,"rotate":40.41}],"scaleFrame":[{"duration":5,"tweenEasing":0},{"duration":6,"tweenEasing":0},{"duration":7,"tweenEasing":0,"x":1.1149,"y":1.1149},{"duration":9,"tweenEasing":0,"x":1.2089,"y":1.2089},{"duration":142,"tweenEasing":1,"x":1.6171,"y":1.6171},{"tweenEasing":0,"x":1.5797,"y":1.5797}]}],"slot":[{"name":"road","displayFrame":[{"duration":169},{"value":-1}]}]}]},{"name":"front_wheel_anim_01","bone":[{"inheritScale":false,"name":"wheel","transform":{"scX":0.7272,"scY":0.7272}}],"slot":[{"name":"wheel","parent":"wheel"}],"skin":[{"slot":[{"name":"wheel","display":[{"name":"moto_wheel_01","transform":{"x":0.45,"y":0.35}}]}]}],"animation":[{"duration":25,"playTimes":0,"name":"anim","bone":[{"name":"wheel","rotateFrame":[{"duration":24,"tweenEasing":0,"clockwise":2},{"tweenEasing":0}],"scaleFrame":[{"duration":25}]}]}]},{"name":"back_wheel_anim-01","bone":[{"inheritScale":false,"name":"wheel","transform":{"x":-0.05,"scX":0.7272,"scY":0.7272}}],"slot":[{"name":"wheel","parent":"wheel"}],"skin":[{"slot":[{"name":"wheel","display":[{"name":"moto_wheel_01","transform":{"x":0.45,"y":0.35}}]}]}],"animation":[{"duration":25,"playTimes":0,"name":"anim","bone":[{"name":"wheel","rotateFrame":[{"duration":24,"tweenEasing":0,"clockwise":2},{"tweenEasing":0}],"scaleFrame":[{"duration":25}]}]}]}]}