<TextureAtlas imagePath="grindcraft2x.png">
	<SubTexture name="anvil.png" x="680" y="1164" width="34" height="42"/>
	<SubTexture name="archer.png" x="421" y="777" width="46" height="42"/>
	<SubTexture name="armory.png" x="368" y="1790" width="48" height="38"/>
	<SubTexture name="arrow.png" x="614" y="169" width="39" height="39"/>
	<SubTexture name="aviary.png" x="472" y="1358" width="45" height="48"/>
	<SubTexture name="barge.png" x="279" y="1683" width="48" height="39"/>
	<SubTexture name="barracks.png" x="304" y="1163" width="48" height="46"/>
	<SubTexture name="beam.png" x="298" y="1555" width="48" height="16"/>
	<SubTexture name="bkgGrind.png" x="0" y="645" width="215" height="80"/>
	<SubTexture name="bkgGrindShadow.png" x="0" y="532" width="233" height="103"/>
	<SubTexture name="bkgach.png" x="0" y="432" width="406" height="90"/>
	<SubTexture name="bkgpause.png" x="0" y="0" width="604" height="422"/>
	<SubTexture name="bkgrey.png" x="0" y="1816" width="116" height="117"/>
	<SubTexture name="blacksmith.png" x="475" y="484" width="44" height="42"/>
	<SubTexture name="blaze.png" x="682" y="874" width="32" height="32"/>
	<SubTexture name="blazeRod.png" x="583" y="1088" width="42" height="42"/>
	<SubTexture name="book.png" x="356" y="1489" width="48" height="42"/>
	<SubTexture name="bookcase.png" x="664" y="95" width="36" height="48"/>
	<SubTexture name="bookshelf.png" x="581" y="432" width="42" height="46"/>
	<SubTexture name="bow.png" x="472" y="1416" width="45" height="45"/>
	<SubTexture name="bracket.png" x="723" y="738" width="21" height="34"/>
	<SubTexture name="bridge.png" x="246" y="1090" width="48" height="36"/>
	<SubTexture name="btnDown.png" x="126" y="1816" width="116" height="116"/>
	<SubTexture name="btnUp.png" x="153" y="1636" width="116" height="116"/>
	<SubTexture name="bucket.png" x="654" y="1628" width="36" height="39"/>
	<SubTexture name="builderPork.png" x="420" y="1199" width="47" height="45"/>
	<SubTexture name="butcher.png" x="477" y="719" width="44" height="42"/>
	<SubTexture name="butcherDemote.png" x="475" y="536" width="44" height="43"/>
	<SubTexture name="cabin.png" x="362" y="930" width="48" height="48"/>
	<SubTexture name="callOut.png" x="0" y="1943" width="94" height="56"/>
	<SubTexture name="carpenter.png" x="595" y="1856" width="41" height="42"/>
	<SubTexture name="castle.png" x="376" y="1896" width="48" height="48"/>
	<SubTexture name="chainBoots.png" x="581" y="488" width="42" height="30"/>
	<SubTexture name="chainBreastplate.png" x="529" y="540" width="42" height="39"/>
	<SubTexture name="chainHelmet.png" x="708" y="1545" width="30" height="27"/>
	<SubTexture name="chainLeggings.png" x="709" y="319" width="30" height="39"/>
	<SubTexture name="chicken.png" x="709" y="279" width="30" height="30"/>
	<SubTexture name="church.png" x="279" y="1629" width="48" height="44"/>
	<SubTexture name="cityState.png" x="270" y="1581" width="48" height="38"/>
	<SubTexture name="coal.png" x="663" y="270" width="36" height="39"/>
	<SubTexture name="coalOre.png" x="528" y="1933" width="42" height="46"/>
	<SubTexture name="cobblestone.png" x="508" y="1580" width="42" height="46"/>
	<SubTexture name="commander.png" x="362" y="1046" width="48" height="48"/>
	<SubTexture name="compass.png" x="474" y="2000" width="42" height="36"/>
	<SubTexture name="contractor.png" x="421" y="664" width="47" height="45"/>
	<SubTexture name="cow.png" x="682" y="970" width="32" height="32"/>
	<SubTexture name="crafter.png" x="614" y="0" width="40" height="44"/>
	<SubTexture name="craftingArrow.png" x="184" y="1942" width="66" height="45"/>
	<SubTexture name="craftingTable.png" x="531" y="1176" width="42" height="46"/>
	<SubTexture name="creeper.png" x="682" y="510" width="32" height="32"/>
	<SubTexture name="cropedShadow.png" x="0" y="735" width="201" height="72"/>
	<SubTexture name="cube.png" x="104" y="1943" width="70" height="70"/>
	<SubTexture name="cultivator.png" x="580" y="1914" width="42" height="42"/>
	<SubTexture name="deck.png" x="243" y="590" width="48" height="29"/>
	<SubTexture name="deckhouse.png" x="453" y="1636" width="45" height="48"/>
	<SubTexture name="desk.png" x="363" y="738" width="48" height="43"/>
	<SubTexture name="diamond.png" x="663" y="169" width="36" height="39"/>
	<SubTexture name="diamondArmor.png" x="337" y="1627" width="48" height="48"/>
	<SubTexture name="diamondAxe.png" x="647" y="1717" width="36" height="42"/>
	<SubTexture name="diamondBlock.png" x="578" y="1989" width="42" height="46"/>
	<SubTexture name="diamondBoots.png" x="583" y="694" width="42" height="30"/>
	<SubTexture name="diamondBreastplate.png" x="531" y="696" width="42" height="39"/>
	<SubTexture name="diamondHelmet.png" x="692" y="1858" width="30" height="27"/>
	<SubTexture name="diamondHoe.png" x="653" y="1500" width="36" height="42"/>
	<SubTexture name="diamondLeggings.png" x="692" y="1809" width="30" height="39"/>
	<SubTexture name="diamondOre.png" x="584" y="897" width="42" height="46"/>
	<SubTexture name="diamondPick.png" x="631" y="1300" width="39" height="39"/>
	<SubTexture name="diamondScepter.png" x="581" y="528" width="42" height="42"/>
	<SubTexture name="diamondShovel.png" x="614" y="316" width="39" height="39"/>
	<SubTexture name="diamondSmith.png" x="531" y="828" width="42" height="42"/>
	<SubTexture name="diamondSoldier.png" x="414" y="1432" width="48" height="48"/>
	<SubTexture name="diamondSword.png" x="310" y="1807" width="48" height="48"/>
	<SubTexture name="dirt.png" x="583" y="976" width="42" height="46"/>
	<SubTexture name="dock.png" x="395" y="1692" width="48" height="22"/>
	<SubTexture name="door.png" x="709" y="227" width="30" height="42"/>
	<SubTexture name="ember_mxml_image_exporter.png" x="0" y="1123" width="154" height="143"/>
	<SubTexture name="export.png" x="612" y="1628" width="21" height="21"/>
	<SubTexture name="farmer.png" x="420" y="1087" width="47" height="46"/>
	<SubTexture name="feather.png" x="682" y="1012" width="30" height="36"/>
	<SubTexture name="fence.png" x="683" y="738" width="30" height="38"/>
	<SubTexture name="fillDirt.png" x="304" y="1008" width="48" height="46"/>
	<SubTexture name="fireTeam.png" x="386" y="1541" width="48" height="48"/>
	<SubTexture name="flcontrols.png" x="724" y="485" width="15" height="148"/>
	<SubTexture name="fletcher.png" x="595" y="1804" width="41" height="42"/>
	<SubTexture name="flint.png" x="664" y="46" width="36" height="39"/>
	<SubTexture name="flintAndSteel.png" x="631" y="1245" width="39" height="45"/>
	<SubTexture name="flscroll1.png" x="225" y="645" width="70" height="300"/>
	<SubTexture name="flscroll2.png" x="160" y="1276" width="70" height="300"/>
	<SubTexture name="flscroll3.png" x="166" y="957" width="70" height="300"/>
	<SubTexture name="flscrollbuttondown1.png" x="330" y="930" width="15" height="14"/>
	<SubTexture name="flscrollbuttondown2.png" x="130" y="2023" width="15" height="14"/>
	<SubTexture name="flscrollbuttondown3.png" x="662" y="1601" width="15" height="14"/>
	<SubTexture name="flscrollbuttonup1.png" x="684" y="652" width="15" height="14"/>
	<SubTexture name="flscrollbuttonup2.png" x="305" y="930" width="15" height="14"/>
	<SubTexture name="flscrollbuttonup3.png" x="155" y="2023" width="15" height="14"/>
	<SubTexture name="flscrollline.png" x="709" y="368" width="5" height="7"/>
	<SubTexture name="flyingHorse.png" x="356" y="1260" width="48" height="48"/>
	<SubTexture name="flyingKnight.png" x="356" y="1431" width="48" height="48"/>
	<SubTexture name="flyingWarHorse.png" x="318" y="1865" width="48" height="48"/>
	<SubTexture name="food.png" x="0" y="1636" width="143" height="80"/>
	<SubTexture name="forecastle.png" x="363" y="689" width="48" height="39"/>
	<SubTexture name="forge.png" x="387" y="1731" width="48" height="48"/>
	<SubTexture name="fort.png" x="305" y="756" width="48" height="48"/>
	<SubTexture name="furnace.png" x="543" y="1750" width="42" height="46"/>
	<SubTexture name="gardener.png" x="528" y="432" width="42" height="42"/>
	<SubTexture name="gardenerDemote.png" x="490" y="1828" width="43" height="43"/>
	<SubTexture name="ghast.png" x="298" y="1323" width="48" height="48"/>
	<SubTexture name="ghastCatcher.png" x="710" y="58" width="28" height="48"/>
	<SubTexture name="ghastTear.png" x="721" y="2003" width="24" height="32"/>
	<SubTexture name="ghastTrap.png" x="271" y="1762" width="48" height="35"/>
	<SubTexture name="goldArmor.png" x="305" y="640" width="48" height="48"/>
	<SubTexture name="goldAxe.png" x="636" y="900" width="36" height="42"/>
	<SubTexture name="goldBlock.png" x="527" y="1411" width="42" height="46"/>
	<SubTexture name="goldBoots.png" x="531" y="880" width="42" height="30"/>
	<SubTexture name="goldBreastplate.png" x="583" y="792" width="42" height="39"/>
	<SubTexture name="goldHelmet.png" x="709" y="190" width="30" height="27"/>
	<SubTexture name="goldHoe.png" x="636" y="848" width="36" height="42"/>
	<SubTexture name="goldIngot.png" x="240" y="1371" width="48" height="36"/>
	<SubTexture name="goldKnight.png" x="362" y="1104" width="48" height="48"/>
	<SubTexture name="goldLeggings.png" x="700" y="1650" width="30" height="39"/>
	<SubTexture name="goldOre.png" x="595" y="1748" width="42" height="46"/>
	<SubTexture name="goldPick.png" x="631" y="1349" width="39" height="39"/>
	<SubTexture name="goldShovel.png" x="614" y="365" width="39" height="39"/>
	<SubTexture name="goldSmith.png" x="478" y="1030" width="43" height="42"/>
	<SubTexture name="goldSoldier.png" x="298" y="1439" width="48" height="48"/>
	<SubTexture name="goldSword.png" x="363" y="631" width="48" height="48"/>
	<SubTexture name="governor.png" x="477" y="823" width="44" height="42"/>
	<SubTexture name="grass.png" x="298" y="1265" width="48" height="48"/>
	<SubTexture name="gravel.png" x="579" y="1284" width="42" height="46"/>
	<SubTexture name="greengrinder.png" x="0" y="2009" width="60" height="5"/>
	<SubTexture name="grind.png" x="0" y="957" width="156" height="156"/>
	<SubTexture name="gunpowder.png" x="663" y="319" width="36" height="33"/>
	<SubTexture name="hand.png" x="300" y="1975" width="48" height="42"/>
	<SubTexture name="hayBale.png" x="527" y="1300" width="42" height="46"/>
	<SubTexture name="horse.png" x="723" y="1390" width="24" height="47"/>
	<SubTexture name="horseTrainer.png" x="434" y="1847" width="46" height="45"/>
	<SubTexture name="hull.png" x="212" y="1586" width="48" height="31"/>
	<SubTexture name="hunter.png" x="474" y="1948" width="44" height="42"/>
	<SubTexture name="hunterDemote.png" x="472" y="1471" width="44" height="43"/>
	<SubTexture name="hut.png" x="490" y="1770" width="43" height="48"/>
	<SubTexture name="iconBug.png" x="356" y="1541" width="20" height="22"/>
	<SubTexture name="iconContract.png" x="604" y="1717" width="20" height="20"/>
	<SubTexture name="iconExpand.png" x="647" y="1769" width="18" height="18"/>
	<SubTexture name="iconInfo.png" x="197" y="817" width="18" height="18"/>
	<SubTexture name="iconLayout.png" x="560" y="1659" width="22" height="22"/>
	<SubTexture name="iconLocation.png" x="583" y="1196" width="20" height="20"/>
	<SubTexture name="iconMinus.png" x="102" y="2023" width="18" height="4"/>
	<SubTexture name="iconParticles.png" x="197" y="845" width="18" height="18"/>
	<SubTexture name="iconPause.png" x="709" y="652" width="14" height="18"/>
	<SubTexture name="iconPlus.png" x="197" y="873" width="18" height="18"/>
	<SubTexture name="iconSetting.png" x="635" y="1164" width="22" height="22"/>
	<SubTexture name="iconSound.png" x="70" y="2009" width="22" height="18"/>
	<SubTexture name="iconTrash.png" x="630" y="2015" width="18" height="22"/>
	<SubTexture name="ironArmor.png" x="420" y="971" width="48" height="48"/>
	<SubTexture name="ironAxe.png" x="646" y="1804" width="36" height="42"/>
	<SubTexture name="ironBlock.png" x="543" y="1858" width="42" height="46"/>
	<SubTexture name="ironBoots.png" x="531" y="788" width="42" height="30"/>
	<SubTexture name="ironBreastplate.png" x="560" y="1610" width="42" height="39"/>
	<SubTexture name="ironDoor.png" x="684" y="552" width="30" height="42"/>
	<SubTexture name="ironHelmet.png" x="654" y="1677" width="30" height="27"/>
	<SubTexture name="ironHoe.png" x="663" y="362" width="36" height="42"/>
	<SubTexture name="ironIngot.png" x="240" y="1325" width="48" height="36"/>
	<SubTexture name="ironLeggings.png" x="699" y="1496" width="30" height="39"/>
	<SubTexture name="ironOre.png" x="583" y="638" width="42" height="46"/>
	<SubTexture name="ironPick.png" x="614" y="218" width="39" height="39"/>
	<SubTexture name="ironShovel.png" x="633" y="472" width="39" height="39"/>
	<SubTexture name="ironSoldier.png" x="305" y="698" width="48" height="48"/>
	<SubTexture name="ironSword.png" x="416" y="432" width="48" height="48"/>
	<SubTexture name="ironTrap.png" x="421" y="606" width="47" height="48"/>
	<SubTexture name="keep.png" x="359" y="583" width="48" height="38"/>
	<SubTexture name="king.png" x="579" y="1340" width="42" height="45"/>
	<SubTexture name="ladder.png" x="583" y="734" width="42" height="48"/>
	<SubTexture name="lava.png" x="527" y="1244" width="42" height="46"/>
	<SubTexture name="lavaBucket.png" x="662" y="1552" width="36" height="39"/>
	<SubTexture name="lavaPool.png" x="246" y="1136" width="48" height="33"/>
	<SubTexture name="lead.png" x="681" y="1908" width="33" height="39"/>
	<SubTexture name="leather.png" x="635" y="1112" width="36" height="42"/>
	<SubTexture name="leatherArmor.png" x="243" y="532" width="48" height="48"/>
	<SubTexture name="leatherBoots.png" x="560" y="1570" width="42" height="30"/>
	<SubTexture name="leatherBreastplate.png" x="531" y="589" width="42" height="39"/>
	<SubTexture name="leatherHelmet.png" x="709" y="153" width="30" height="27"/>
	<SubTexture name="leatherLeggings.png" x="700" y="1601" width="30" height="39"/>
	<SubTexture name="leatherSoldier.png" x="417" y="490" width="48" height="48"/>
	<SubTexture name="leatherWorker.png" x="635" y="738" width="38" height="42"/>
	<SubTexture name="library.png" x="362" y="988" width="48" height="48"/>
	<SubTexture name="lineBar.png" x="472" y="1254" width="45" height="45"/>
	<SubTexture name="lookout.png" x="420" y="929" width="48" height="32"/>
	<SubTexture name="mainSail.png" x="633" y="414" width="39" height="48"/>
	<SubTexture name="map.png" x="445" y="1724" width="45" height="36"/>
	<SubTexture name="mapMark.png" x="453" y="1598" width="45" height="28"/>
	<SubTexture name="mapMarker.png" x="279" y="1732" width="34" height="16"/>
	<SubTexture name="mapMarkern.png" x="152" y="1762" width="51" height="30"/>
	<SubTexture name="mapMarkers.png" x="453" y="1694" width="29" height="18"/>
	<SubTexture name="mason.png" x="579" y="1232" width="42" height="42"/>
	<SubTexture name="masonPork.png" x="531" y="1126" width="42" height="40"/>
	<SubTexture name="mast.png" x="724" y="426" width="21" height="49"/>
	<SubTexture name="mayor.png" x="722" y="1012" width="24" height="42"/>
	<SubTexture name="menubutton1.png" x="0" y="817" width="187" height="52"/>
	<SubTexture name="menubutton2.png" x="0" y="879" width="187" height="52"/>
	<SubTexture name="mine.png" x="0" y="1726" width="142" height="80"/>
	<SubTexture name="minecart.png" x="472" y="1309" width="45" height="39"/>
	<SubTexture name="miner.png" x="477" y="771" width="44" height="42"/>
	<SubTexture name="minerDemote.png" x="477" y="1087" width="44" height="43"/>
	<SubTexture name="mobs.png" x="0" y="1546" width="144" height="80"/>
	<SubTexture name="nest.png" x="421" y="829" width="46" height="32"/>
	<SubTexture name="nether.png" x="0" y="1456" width="149" height="80"/>
	<SubTexture name="netherBalcony.png" x="304" y="1219" width="48" height="31"/>
	<SubTexture name="netherBrick.png" x="337" y="1685" width="48" height="36"/>
	<SubTexture name="netherBridge.png" x="416" y="1954" width="48" height="37"/>
	<SubTexture name="netherBridgeways.png" x="184" y="1997" width="48" height="32"/>
	<SubTexture name="netherFence.png" x="684" y="604" width="30" height="38"/>
	<SubTexture name="netherFortress.png" x="305" y="814" width="48" height="48"/>
	<SubTexture name="netherFortressExterior.png" x="358" y="1967" width="48" height="48"/>
	<SubTexture name="netherFortressInterior.png" x="414" y="1258" width="48" height="48"/>
	<SubTexture name="netherHallSection.png" x="635" y="680" width="38" height="48"/>
	<SubTexture name="netherHallway.png" x="362" y="1213" width="48" height="35"/>
	<SubTexture name="netherMobs.png" x="0" y="1366" width="149" height="80"/>
	<SubTexture name="netherPillar.png" x="724" y="680" width="12" height="47"/>
	<SubTexture name="netherRib.png" x="246" y="955" width="48" height="40"/>
	<SubTexture name="netherRoom.png" x="362" y="1162" width="48" height="41"/>
	<SubTexture name="netherSection.png" x="356" y="1376" width="48" height="45"/>
	<SubTexture name="netherSki.png" x="304" y="1064" width="48" height="31"/>
	<SubTexture name="netherSlab.png" x="526" y="1471" width="42" height="33"/>
	<SubTexture name="netherSled.png" x="246" y="1048" width="48" height="32"/>
	<SubTexture name="netherSleigh.png" x="304" y="955" width="48" height="43"/>
	<SubTexture name="netherSpawn.png" x="414" y="1374" width="48" height="48"/>
	<SubTexture name="netherStairRoom.png" x="305" y="872" width="48" height="48"/>
	<SubTexture name="netherStaircase.png" x="240" y="1267" width="48" height="48"/>
	<SubTexture name="netherStairs.png" x="508" y="1636" width="42" height="46"/>
	<SubTexture name="netherStairwell.png" x="434" y="1789" width="46" height="48"/>
	<SubTexture name="netherWall.png" x="635" y="622" width="39" height="48"/>
	<SubTexture name="netherWartRoom.png" x="301" y="532" width="48" height="48"/>
	<SubTexture name="netherWell.png" x="246" y="1005" width="48" height="33"/>
	<SubTexture name="netherWellRoom.png" x="304" y="1105" width="48" height="48"/>
	<SubTexture name="netherblock.png" x="531" y="1070" width="42" height="46"/>
	<SubTexture name="netherrack.png" x="551" y="1514" width="42" height="46"/>
	<SubTexture name="obsidian.png" x="532" y="920" width="42" height="46"/>
	<SubTexture name="outerWall.png" x="635" y="1011" width="37" height="48"/>
	<SubTexture name="outpost.png" x="376" y="1838" width="48" height="48"/>
	<SubTexture name="overworld.png" x="0" y="1276" width="150" height="80"/>
	<SubTexture name="paper.png" x="434" y="1902" width="45" height="36"/>
	<SubTexture name="pen.png" x="242" y="1997" width="48" height="38"/>
	<SubTexture name="pier.png" x="363" y="838" width="48" height="37"/>
	<SubTexture name="pig.png" x="682" y="790" width="32" height="32"/>
	<SubTexture name="pigmanBuilder.png" x="420" y="1143" width="47" height="46"/>
	<SubTexture name="pigmanMason.png" x="527" y="1356" width="42" height="45"/>
	<SubTexture name="pigmanSmelter.png" x="477" y="1189" width="44" height="45"/>
	<SubTexture name="pigmanWorker.png" x="477" y="1140" width="44" height="39"/>
	<SubTexture name="pitchFork.png" x="414" y="1316" width="48" height="48"/>
	<SubTexture name="planks.png" x="552" y="1692" width="42" height="46"/>
	<SubTexture name="platform.png" x="604" y="1659" width="40" height="48"/>
	<SubTexture name="plot.png" x="246" y="1222" width="48" height="33"/>
	<SubTexture name="pool.png" x="246" y="1179" width="48" height="33"/>
	<SubTexture name="port.png" x="240" y="1523" width="48" height="48"/>
	<SubTexture name="portal.png" x="683" y="680" width="31" height="48"/>
	<SubTexture name="post.png" x="724" y="1895" width="9" height="48"/>
	<SubTexture name="pressurePlate.png" x="531" y="1032" width="42" height="28"/>
	<SubTexture name="priest.png" x="478" y="647" width="43" height="42"/>
	<SubTexture name="rafter.png" x="680" y="1274" width="34" height="48"/>
	<SubTexture name="rail.png" x="583" y="580" width="42" height="48"/>
	<SubTexture name="railBridge.png" x="614" y="111" width="40" height="48"/>
	<SubTexture name="railWorker.png" x="301" y="590" width="48" height="40"/>
	<SubTexture name="railway.png" x="260" y="1917" width="48" height="48"/>
	<SubTexture name="raisedDeck.png" x="240" y="1417" width="48" height="38"/>
	<SubTexture name="rampart.png" x="213" y="1762" width="48" height="43"/>
	<SubTexture name="redgrinder.png" x="0" y="2024" width="60" height="5"/>
	<SubTexture name="redstone.png" x="635" y="1069" width="36" height="33"/>
	<SubTexture name="redstoneOre.png" x="583" y="841" width="42" height="46"/>
	<SubTexture name="rib.png" x="359" y="532" width="48" height="41"/>
	<SubTexture name="roof.png" x="395" y="1599" width="48" height="35"/>
	<SubTexture name="roost.png" x="724" y="368" width="25" height="48"/>
	<SubTexture name="saddle.png" x="635" y="570" width="39" height="42"/>
	<SubTexture name="saw.png" x="531" y="977" width="42" height="45"/>
	<SubTexture name="scaffold.png" x="635" y="953" width="37" height="48"/>
	<SubTexture name="scaffolding.png" x="724" y="820" width="18" height="48"/>
	<SubTexture name="scoutTower.png" x="710" y="0" width="28" height="48"/>
	<SubTexture name="scrollbar.png" x="724" y="1064" width="15" height="95"/>
	<SubTexture name="seaWall.png" x="154" y="1586" width="48" height="33"/>
	<SubTexture name="seeds.png" x="681" y="1127" width="33" height="27"/>
	<SubTexture name="sergeant.png" x="252" y="1815" width="48" height="48"/>
	<SubTexture name="sheep.png" x="693" y="1714" width="30" height="30"/>
	<SubTexture name="shell.png" x="318" y="1923" width="48" height="34"/>
	<SubTexture name="ship.png" x="635" y="790" width="37" height="48"/>
	<SubTexture name="shipBow.png" x="416" y="2001" width="48" height="34"/>
	<SubTexture name="shipyard.png" x="395" y="1644" width="48" height="38"/>
	<SubTexture name="skeleton.png" x="679" y="2003" width="32" height="32"/>
	<SubTexture name="slider_bar.png" x="0" y="941" width="165" height="6"/>
	<SubTexture name="slider_button.png" x="658" y="2015" width="11" height="11"/>
	<SubTexture name="slime.png" x="298" y="1497" width="48" height="48"/>
	<SubTexture name="slimeBall.png" x="664" y="0" width="36" height="36"/>
	<SubTexture name="smelter.png" x="478" y="925" width="44" height="42"/>
	<SubTexture name="smelterPork.png" x="477" y="875" width="44" height="40"/>
	<SubTexture name="soil.png" x="529" y="484" width="42" height="46"/>
	<SubTexture name="soldier.png" x="474" y="432" width="44" height="42"/>
	<SubTexture name="spider.png" x="682" y="414" width="32" height="32"/>
	<SubTexture name="spikeMaul.png" x="356" y="1318" width="48" height="48"/>
	<SubTexture name="stable.png" x="363" y="791" width="48" height="37"/>
	<SubTexture name="stairs.png" x="583" y="1032" width="42" height="46"/>
	<SubTexture name="stall.png" x="421" y="871" width="46" height="48"/>
	<SubTexture name="station.png" x="420" y="1029" width="48" height="48"/>
	<SubTexture name="stern.png" x="363" y="885" width="48" height="34"/>
	<SubTexture name="stick.png" x="631" y="1398" width="39" height="39"/>
	<SubTexture name="stirrup.png" x="197" y="901" width="18" height="39"/>
	<SubTexture name="stone.png" x="500" y="1694" width="42" height="46"/>
	<SubTexture name="stoneAxe.png" x="646" y="1856" width="36" height="42"/>
	<SubTexture name="stoneHoe.png" x="663" y="218" width="36" height="42"/>
	<SubTexture name="stonePick.png" x="630" y="1966" width="39" height="39"/>
	<SubTexture name="stoneShovel.png" x="631" y="1196" width="39" height="39"/>
	<SubTexture name="stoneSword.png" x="329" y="1732" width="48" height="48"/>
	<SubTexture name="string.png" x="632" y="1908" width="39" height="42"/>
	<SubTexture name="sugar.png" x="679" y="1960" width="36" height="33"/>
	<SubTexture name="sugarCane.png" x="630" y="1451" width="39" height="39"/>
	<SubTexture name="sugarCaneField.png" x="531" y="638" width="42" height="48"/>
	<SubTexture name="tamedFlyingHorse.png" x="298" y="1381" width="48" height="48"/>
	<SubTexture name="tamedGhast.png" x="417" y="548" width="48" height="48"/>
	<SubTexture name="tamedHorse.png" x="614" y="54" width="40" height="47"/>
	<SubTexture name="tower.png" x="723" y="1332" width="28" height="48"/>
	<SubTexture name="trainer.png" x="490" y="1881" width="43" height="42"/>
	<SubTexture name="trap.png" x="612" y="1570" width="40" height="48"/>
	<SubTexture name="truss.png" x="414" y="1490" width="48" height="40"/>
	<SubTexture name="upperSail.png" x="478" y="589" width="43" height="48"/>
	<SubTexture name="villageBuilding.png" x="421" y="719" width="46" height="48"/>
	<SubTexture name="villager.png" x="682" y="456" width="32" height="44"/>
	<SubTexture name="wall.png" x="680" y="1216" width="34" height="48"/>
	<SubTexture name="warHorse.png" x="603" y="1513" width="40" height="47"/>
	<SubTexture name="warf.png" x="252" y="1873" width="48" height="34"/>
	<SubTexture name="water.png" x="583" y="1140" width="42" height="46"/>
	<SubTexture name="waterBucket.png" x="679" y="1447" width="36" height="39"/>
	<SubTexture name="well.png" x="681" y="1069" width="33" height="48"/>
	<SubTexture name="wheat.png" x="444" y="1540" width="45" height="48"/>
	<SubTexture name="wheatField.png" x="328" y="1581" width="48" height="36"/>
	<SubTexture name="witch.png" x="680" y="1332" width="33" height="47"/>
	<SubTexture name="wizard.png" x="680" y="1389" width="33" height="47"/>
	<SubTexture name="wood.png" x="579" y="1395" width="42" height="46"/>
	<SubTexture name="woodAxe.png" x="526" y="2000" width="42" height="36"/>
	<SubTexture name="woodHoe.png" x="578" y="1467" width="42" height="36"/>
	<SubTexture name="woodPick.png" x="633" y="521" width="39" height="39"/>
	<SubTexture name="woodShovel.png" x="614" y="267" width="39" height="39"/>
	<SubTexture name="woodSlab.png" x="531" y="745" width="42" height="33"/>
	<SubTexture name="woodSword.png" x="240" y="1465" width="48" height="48"/>
	<SubTexture name="woodsman.png" x="543" y="1806" width="42" height="42"/>
	<SubTexture name="woodsmanDemote.png" x="478" y="977" width="43" height="43"/>
	<SubTexture name="wool.png" x="499" y="1524" width="42" height="46"/>
	<SubTexture name="workerPork.png" x="724" y="782" width="20" height="28"/>
	<SubTexture name="zombie.png" x="682" y="832" width="32" height="32"/>
	<SubTexture name="zombiePigman.png" x="692" y="1769" width="30" height="30"/>
	<SubTexture name="zombieVillager.png" x="682" y="916" width="32" height="44"/>
</TextureAtlas>
